X1,X2,X3,X4,X5
-0.4699633609805228,-1.2983047822184646,-0.26012764244065834,-1.0303823842045847,-0.8550266193768127
-0.07459377408022215,-0.3499777862126893,0.23165858610185225,0.347330154564918,0.1830776567657205
0.059175016380904846,0.9250564013569603,0.5259843860496347,0.8136712073129951,0.302537376308596
-0.20639815637368228,-0.2543892068687671,0.7082358765313967,-0.7390216140391397,-0.2292025113310725
-0.7085564191334152,-0.18811763881955845,-0.25713617230022423,-0.4543806626530361,-0.4976389513418878
0.20309108696898265,0.01298157946911957,0.7512907830925863,1.1814010016766128,1.2297779085968266
-0.3296357241201404,-0.8494465305351137,0.030698251008118613,-0.20675456036486822,-0.6304424353379612
1.7745549165003198,-0.3991248542019932,0.5369507388700921,-0.15166146913709044,0.020070544123516137
-0.7648504315718165,-1.038652826004824,0.7705129058309119,-0.44637794230143063,-0.1859733355399285
-2.1866157686236876,-2.30366783164742,0.30510961082194665,0.9698727560114666,0.9611088608437748
1.3134142574954795,0.9378366136259821,0.2764018160471147,1.4887845495724599,2.0017184096855245
1.7726392533232382,0.6209493872593392,0.06551489034180158,-0.45905712047244374,-1.7202550022966703
-0.8687323076385252,0.2652289287183208,1.0384554008195035,0.5930546526789939,-0.02042337514804815
-0.8943684138340795,-0.2509821359581012,0.24382692976624581,0.7762264937388516,0.7530770768681483
-0.24206584690352506,-0.38849364804357966,1.482521417692214,0.6054826240861946,0.481534013379568
1.3035073570230709,1.5955742719845765,0.5975333919416996,2.0567092166433665,2.4550476680404
-0.05605200645355783,-1.322208063947743,-0.10911936885111315,-0.9861322300225781,-0.8312278559664851
-0.2841134959793194,0.6132886797476588,-0.8121729229541876,0.8024294469346811,1.031537102717604
-0.5127203291645513,-0.432372219300833,-0.06887569363076965,0.9186147965021957,1.3538749295674708
-0.9597755671003982,-2.4066697505916883,1.6539979846087016,-0.794317099918463,-0.803612100564513
0.30493969159139306,0.6221736632269287,0.5233635586578377,0.8825258195734144,0.8767202753304643
-0.5313769108838541,-0.7345997806645621,0.25443422734842563,-0.3636348018735496,-0.5102304258604555
-0.34832099659600496,1.0658893253067065,-0.24037780275677967,-0.8488455662939616,-0.15371873372577427
0.4014124141590638,-0.0807727811283615,0.6053137956651156,0.9005596587937497,0.40570358862758205
-0.23172062968142926,0.6206456799264679,-0.17849291378916582,0.2763736584022481,0.5535961425911641
-0.02757753182624005,-0.044102054216618586,0.7089594932810613,-0.45811899579210946,-0.4476299192831731
-0.962538359043573,-0.06892797451947763,0.33769189827199275,-0.2483504084474482,-0.5990122892084129
0.4497651752484076,-0.07551977837781329,-0.8852104379959962,-1.0572486918363473,-1.0054860409791793
-0.5346641731306508,0.36738014180227535,-0.18824488187011829,0.3302630600641724,-0.13767009221249465
-0.190032693044107,0.4055157782563541,-0.5198343465492563,0.4075880658234385,1.1654010666447188
1.1017459561531882,-1.1103421616181444,-0.20510090443568346,-0.8992083122790131,-0.7492825756537309
1.3899394088910195,-1.276101718951102,0.3118960399506781,-0.1127846451858937,1.206442869981455
-1.0093494822016602,0.10137973115096288,0.29610079813596274,0.047328678156975224,-0.31571388266166367
-0.17818899799159366,-2.121668020360763,-1.4687889077313232,-1.3811990862576298,-0.7298822976293297
-0.5547433780194818,-0.5567467788716627,0.2012642263878395,-0.7280009045016217,-1.0770666729174463
1.275617179389017,0.7944061495491651,-0.6625435072517044,-0.8885467593770868,-0.5827830207577174
0.42705735181930354,1.1674822578808532,-0.937835469715273,-1.0387724330574344,-0.6402508565836627
0.9378718149325376,-0.3218460557526692,-1.3619258978645283,-1.3576942989738483,-0.718511154930337
0.1133532252928118,1.5979881252756676,-1.0547222210066025,-0.03179235731325747,0.921775614463773
-1.0112310667682372,-0.27236609857560445,1.273798308586544,2.166163164305772,2.5795241725781355
0.4176127725576286,-0.29934048430930016,0.16364844017465607,0.09884598202681938,0.7009253566554551
0.8873627561608731,0.2614064532265158,0.7799540303731891,1.0771054500335735,1.7447647267133506
0.17860661823013002,0.8694007399352762,-1.4709696241015104,-0.6518565297179175,-1.034951838962803
2.009992830367342,0.536171116963196,-1.3218444641301987,-1.0510623144178894,-1.5403036069190341
0.926641272722685,0.01585511552613944,-0.7486043501242944,-1.7396644686905542,-1.8918900168005026
0.9981788327873606,0.23290775989910356,-0.26437468083730903,-0.8461128739513478,-0.8013050399277133
-0.08278643916294802,1.2910906762738503,-0.974628344803575,-0.9712571651509971,-1.2751723359839315
-0.33911786390305376,0.1671581538295403,-1.0373343885234132,-1.6414378297018084,-1.5197673147742585
-1.2814133533398784,-0.6154661016996926,0.06896997530641402,-0.4284744277020423,-1.0472449121961636
0.08246238984576709,1.1775992737074088,-0.8118878468539001,-0.8071554232906154,-0.744749124108306
0.8739674362288823,0.36909233695996324,-0.5462601985752198,0.10485848485156132,0.31950464179112076
-0.05089895017230404,0.09167666632133795,0.5313568131225461,2.391351141742188,2.867671678455237
0.5453257961115315,0.09635167265707606,-0.7566948132242437,-1.3800652000905043,-1.1214752064641025
-0.09051603626473725,-0.10156507195788575,0.1731962284146569,0.16820540146321353,0.850369855479159
0.006851546178377371,-0.15245713538268224,-0.8681161402144133,-0.8702803829746404,-0.8056653376869789
0.18556001360926308,-0.18324135043907225,-0.6445859407303952,0.10200761482267062,0.6452546787449807
1.2749553810343968,1.05185018318261,0.13675366216469326,0.7312307377659367,0.3750559512686171
0.39803546628928815,-0.16008627302085002,0.5221417649494572,-0.38951875029653904,-0.782567980871615
-0.8979577631629102,-0.6431296405645348,0.5163195818692087,-0.3267101472695521,-0.06327173804276737
-0.3476719570238203,0.2338336177021018,-0.022056387652669998,0.887458300213985,0.9635525773081126
-2.1940009148523485,-0.5580811479782486,1.5551450743150237,0.3839954430359619,-0.7944361911101656
-0.17126057713542914,0.38543748787924104,0.04187011717115541,0.7678032642126423,1.1177569003947432
1.082438041774776,-0.19709842006712663,0.3792913321485523,-0.01986471513230173,-0.5772955266310352
-1.3400538358211063,0.04280958330826934,1.4521943661460404,1.5672494982243306,1.6619926656377055
0.34813160533314663,1.0308930367520222,0.5200574314876941,1.0625526774027896,0.9844755855045515
0.9321157459559082,1.2361817674652302,0.7697345192413665,2.0989303679961697,2.0764415921982278
-0.02786431165053738,-0.47572730800809565,-0.30121610505277596,-1.5841322214709423,-1.2029698167586083
-0.18557246777069478,-0.38638440915070504,-0.1172323758993357,-0.41661378553714745,-1.0177895616202461
0.7884062636721723,0.0462553052814092,0.22384200218915207,0.6232470133926137,0.018035452730112422
1.0506812923007507,0.7179751986298395,-1.870809040355284,-2.581825023084331,-3.907804991089136
0.07143357834958772,0.17277638868643352,1.5546254539547237,0.5585967767028349,0.41943985833800806
2.2648549753245355,0.5026651610039106,-0.5897195541065823,0.022311566234026192,-1.396121872479023
0.024966298395499704,0.4308661427101974,-0.13429368669334332,0.22747666684480067,0.09078691280671874
-0.7020640905724828,0.34944094729700353,-0.8814349032118285,-0.5690742341073671,-0.30643755446588494
-2.316928073958919,-1.5843138660178755,1.1415770807127288,0.15234324760432172,-0.14318939727844035
-1.3361434563833379,0.9619096601824254,0.776049746523028,0.6502522143652707,0.773878226483879
1.4597458781422858,0.988540165341222,0.6938023297163083,1.542649209896494,2.1266792964742463
-0.7949756583365797,0.3681391005157133,0.27467783981304056,0.15394594732014782,0.47246900123037694
0.6322569281142266,0.030186308247743543,-0.4631017008469306,-0.8963816022550457,-1.0589581151961656
-0.6248961367447642,-0.4120036870717503,0.5332750028872779,-0.298273202678791,-0.42074113888597053
-0.2674987458906158,-0.2761689399022068,1.6832997715812954,0.6160919165558318,1.1767250837528551
-3.1544881082633793,-1.1606599191163336,0.876824094159356,0.6918449230014523,0.8479014082612673
-0.06517693396697682,-0.6508991902212278,-0.5458925437338028,-1.2872023733344107,-0.3681519614562876
0.47033356954415756,1.083115637694052,-1.9781422929588632,-1.6992451676286269,-1.8291596293107215
0.2527948595074177,-0.5819215499667986,-1.0991303461612243,-2.1710820041358465,-2.6386096664525485
-0.7531479002097381,-1.6798759754206325,1.831891284727067,0.12679797161765838,0.41954587389009335
-0.23970595616985893,1.131396689535889,0.8074098695720814,1.2383609830776796,1.3923789715323884
-0.578333462589776,0.8989654531203206,-0.6411502869913861,1.0425681307043444,1.1657102996349147
-0.7471435194142688,-0.10718087456975606,-1.0924184159595172,0.2877681314735727,0.32174698490934517
-0.3634637120477173,-0.21494979779240228,-0.1111153483724482,1.2505276530736553,0.7896487707427903
-0.23555335322107085,-0.22649467665599105,1.508384584415143,1.4502806129479067,2.19199978162101
0.27997592555304457,0.9179480791745073,1.166559657903149,1.5756072598111783,2.082788090030988
1.0732418241285762,0.4095060535823447,-1.003587463321574,-1.2197679602214788,-1.9443343914117497
-0.7944474029744485,-0.4452909577201097,-1.255855160744505,-1.5658180070992396,-1.5898877178996265
0.018679455741318393,-0.09030051419725538,0.0457391628717867,0.599569910703946,0.45048642186884413
-1.9927438254338476,-2.240942300787701,1.4656316823899955,-0.5500800305164963,0.20492067285324045
-0.7076650625735127,-1.1101232386458526,0.6622747459963074,0.294509544590741,-0.6461560736672927
0.4320984400930709,1.7429226944725134,-0.8593737297767947,1.377841520118207,1.9888676962442957
0.8282527334156929,0.48806368679416706,-0.07186099943120378,1.1244262553413782,0.8645537077734322
0.31193565810878404,-0.4226090595119699,0.0037431376976553576,0.41202568807628,0.8235703621223507
-0.5815430404315235,-1.7856800263589103,0.7022730869400454,-0.7326252968402537,-0.628538786897875
-0.35781896568036603,-0.5874324743286125,-0.44734754913853064,-1.8679031500227516,-1.584625534564867
1.006580469382838,0.9012017038743478,0.3686359579376736,1.3550515041349125,1.5218177581717096
0.44582070543650376,0.42192777839244244,-1.3283938369070687,-0.015430528774319052,0.23050849384404085
-0.5953742074083219,-0.9339210484241512,1.9118135702624777,1.0018638685804835,0.012150504581463162
0.6720947354620823,-0.12375811908626233,-1.181432852892488,-0.490628573371396,-0.11264299405157835
-0.9113296662705787,-0.26750176309168705,-0.1165212331883867,-0.48797929584414124,0.3908417995538236
-0.21913166834365672,-0.7082310483666685,-0.6047188003440818,-1.9872287680781238,-2.2591331846896043
-0.6942453896919792,-1.3977697250961818,0.5448989851672277,0.8379531205393301,-0.1392580104487411
0.1744347749175455,0.35546017432529897,-1.0368320631427637,-0.5406652068476945,-0.279993271566433
0.6238190193965577,-0.1367455665531188,-0.7792938103373541,-0.09378336884062943,-0.06448160028572794
-0.7778385345316583,-0.38833840374113837,-0.4645784391677503,-0.297195380675751,0.5080805836012814
-2.3877489679236024,-1.2571899665213009,0.4476566304629519,-0.7760579501286089,-0.7331289063084674
0.8479722425860489,-0.3826922374703838,1.098398827316305,-0.325582485787166,-0.7155922493320908
1.4660717901841143,-0.2728474631450203,-1.3072189086803303,-1.8381659984641203,-1.9063903544509582
1.2382726417588965,0.12678845008052225,-0.5646039079280043,-0.5428418852122932,-0.12536689632112907
0.8610528890324092,-0.2626848941299921,-0.2635221596703721,-1.2164137812981552,-0.33871727884129954
-0.0184242416779667,-0.6916703439402748,0.9543117759415959,0.36096804046046177,-0.32943533989275364
-0.6958446323258971,0.7989254711120886,-1.099471721620735,-0.6480605338522395,-0.7083340152845046
0.5622040805587447,0.6841182460863116,0.10952278808974752,0.05061510932584079,1.0201402039106349
0.16129675999374482,-0.8670954470335082,-0.06530123602319768,-0.5865910746183499,-0.7837598821053761
0.24964300921858193,0.8564570339085121,0.10684302606132536,0.5292780954927259,0.5955308238014855
0.617095779072782,-0.5114706327794996,0.8916615709962876,0.8115381855788253,1.448965865808432
0.19343167575015444,-0.12176656530754408,-2.0528237155608564,-1.7245279367566895,-2.3608120614593275
-0.25713043689902704,0.8496113832537691,0.5875553080424044,1.1108216707930885,1.1939057868498417
-0.44597494151254036,0.3011146576028842,0.36593277893000653,-0.1755132850049737,-0.5203205434712708
0.5407224405274558,-0.22888464766810412,-0.5026190997329844,-0.7002194414364645,-1.2258764973581657
0.26930452827107326,1.993475204653689,-0.928164482531626,0.6991216773498652,1.0203714741548262
0.4092579697854816,1.4754584137906581,0.1736152484454458,1.340746993431938,2.0446104781433947
-0.6955601783609416,-0.9248629190773487,-0.501299153883549,-0.7214719560817259,-0.4177602498925334
0.9982466783743453,-0.251145062956702,-0.5789318401655561,0.10520657081254003,0.08589989485595133
-1.5949572272288408,-1.5785937184767875,1.541805461692845,-0.7631606515343671,-0.13669361599987817
0.25947906333732434,-0.07106793052639179,0.4719550069162273,0.5617796993803299,-0.22298208805640485
0.9484295638893706,0.14108740639211026,1.8215771208205647,0.9606604774008565,2.514514956185028
0.5773561650429484,-0.9633816102172027,-0.7598068512021778,-1.3381417549680332,-1.3914045527489982
1.0776789869237913,0.9844213036349092,0.3921816957669664,1.001441693816644,1.703568056459183
0.023720771391375375,0.034348328512240685,0.7016397184012988,0.18983776884291625,0.2942988970627749
-0.26278897002298285,0.4083442604735694,-0.10860973029796007,-0.9216528922067799,-1.1236068775914454
0.04675932034531742,-0.11014006374717192,1.0414750794595946,1.7803138078128595,1.3414068258425056
0.8814312368875978,0.2512134389016294,0.15566165049530933,-0.18637920419516724,-0.09984483012325791
0.3891314080027495,0.4373317910372299,0.509583750223443,0.8906893373280197,1.4374873425235113
-1.8028492138882868,-1.4377623626538338,0.3684459675752414,0.12867394074208027,0.09303894447318381
0.2465086189011679,0.16289591558062186,0.3771688223045967,0.7392491480041229,0.5273833713215561
1.5947468576380406,0.6606401772330135,-0.17536812722366502,0.17143155590176468,-0.4137886130969425
0.2901428579873692,-0.16894938680821167,1.0794322314616325,0.06135727309665617,-0.41865445731931694
-1.4991476952470077,-2.0120327706072567,-0.3657898132960554,-2.613515884652799,-3.6491565130530015
-1.7386144323983845,-0.6718983735388933,0.40920395179418745,-0.37093710161427124,0.45560226777355295
0.04603177686524628,0.1654460541960827,0.22303683400685279,1.2869219369331453,1.1519652418552209
0.5743568499312404,0.8919376312966069,-0.965517467673801,0.3768605404940554,0.2876749584250118
0.8214347700318544,0.38914012316851776,-0.9974467041354781,-0.9818081593496467,-0.784279961481042
0.9943940965190876,1.2062867140640297,-0.7293058836026451,0.1612561161923073,0.18430042453139855
-2.496303213337506,-0.5650540254482075,-0.43516663508840714,-0.6186104257810661,-1.0423561978154428
0.658462841082942,0.46395265627607807,-0.9693895921880288,0.7894459524087276,1.5128996334334257
-0.21467765948947973,0.09697664369790478,-0.046400996036482456,-0.9501431346973209,-1.7199246490964546
-0.3622291381469318,0.5722469966412022,0.870417448955825,1.1705795703856552,1.393443947048161
0.8075467289792377,-0.12508828270723804,0.1562574744263435,-1.133864564277078,-1.1251139001834798
-0.00958548432676547,0.9153977030073096,-0.5594373899983361,-0.583557154134364,-0.11146301157392946
-1.3828200838381057,-0.9113023135748715,0.6060026945879783,-0.699238464631447,-0.9984467286977986
0.2358115003656814,0.20874107830442712,0.6970177277203742,1.2021752778458503,1.8785660181593968
1.6193736922410011,1.140478456990418,-1.6119087704957964,-0.5511998711457515,-0.6242581613922574
-0.7556830292564001,0.3910502498304662,0.4260525377211588,0.4959802812741837,0.6144141296140385
-0.25588623992113807,-0.07635462268654275,1.4851506862901922,1.1861464997440148,1.3294979392915713
-1.1417183714428132,0.047229066980978396,-1.409708594214467,-0.7602944544838495,-1.290343701807524
-0.21388917166730317,-0.9265706669695473,-1.2012730120762152,-1.959085243375575,-2.3534556514410916
-1.2429426915705224,-0.6825083829531285,-0.7273622995150786,-1.4057860743336204,-1.542607093238469
1.5502205544499212,-0.052871302449776,-0.5597488742572693,-0.2374160209519511,0.3763803839651897
-1.9702067187877121,-1.2436674707434887,0.47140281499336995,1.097343552806112,1.762345724568886
1.0627002884829366,1.202022258539205,-0.1057149415344692,0.3761634021514383,-0.4611123260058463
2.700929123955144,0.4521254179061931,0.10226756502638978,0.9504834242968513,1.7867489741304339
-0.08620500163660494,0.4626036409242731,-0.08027813345231463,0.24976477062469832,0.8147768135458463
-0.8234151412242755,-0.8639252357117471,0.057921546359248455,-0.6410630938962684,-0.4650861596981833
1.8863558243462433,1.7819559527241853,-0.2902931991693965,0.5688730354538228,0.8115866392135916
-0.5566755167921009,0.4412070704592985,1.1587763161146218,1.7676900886086557,2.5880374706230556
1.0272291249454002,0.3027458061283175,1.067677921449326,1.1415454868630543,1.432831032864496
-0.19737430818803972,-0.07277986917863088,0.1595465054810195,0.28009496096857234,0.22756997017376268
0.9110493641948157,0.4030220210193426,0.1610886203658768,1.009728633199795,1.2696676251172012
-0.4306745624422909,0.10501376130493825,0.3116609977964439,0.7786503941688983,0.30702004538187444
0.19182730664786227,-0.9696104740633673,-0.31151986632748485,-0.6089236246761098,-0.06538085502882507
-1.026801308835966,0.522909163256678,-0.6000349980429245,-0.8816385246877798,-1.0971213684974501
0.2578026126674082,0.5011841535264462,0.20166415581427305,1.6278226086480183,1.6302599900101367
-1.145265545802564,-0.3307089385768802,-0.5512305864661401,-0.6113666275091211,-1.2764705335061102
0.12529211299220758,0.2796713370826851,-1.294147918928618,-0.6707159519505753,-0.7701206256199806
0.6287465515780363,0.4955844206872885,-0.2092090521754797,0.43394867904631373,1.0369293299503912
-0.06803536708716336,0.5236822293427857,-0.48425005448893216,-0.6350833327081329,-0.47708813303248016
0.5622513062388329,-0.13775420810917766,-0.8853275280474493,-1.3282523893423914,-0.9625289882207295
0.8939963922024226,-0.40016035702943564,-1.2575762804017006,-1.996429120357691,-2.3186051372612573
-0.05061005250021977,-0.042895524006037196,0.5746579232269431,-0.22718515642495807,-0.4533297041895933
-0.27427107287936153,-0.24826063338663346,-0.3561735200985886,-0.8892666188985672,-1.5069665595575914
0.6282707480629868,0.4925744559653369,0.2768210106663001,0.54055081069464,0.3313308244120385
0.47581701700074325,-0.15327802910587243,0.9314765723236226,0.466788870357396,1.283510648066939
-0.5372782809659139,0.5234949124276034,-0.965180571299195,-1.6677749484369808,-1.4773425592630618
-0.9457547652921777,-0.8483531924131924,0.046788718947565144,0.25940569266881125,1.7504330022591295
0.10447183499979142,-1.4274160172516444,0.4625975087285332,-1.19499134934708,-0.7905745052007364
0.32121443707427694,0.11992178809866194,0.6696024573561398,1.3080060281294008,1.4345557849454875
0.30156028774858934,-0.598432362520714,-0.2696356137852364,-0.7926809301097566,-1.638741498423924
-0.6729592439500547,0.25963352448887145,-0.7594711717795295,-0.12868906561913712,0.9920061327339951
0.18335855554809063,-1.081592734687712,-0.5379413929419224,-2.459995738931078,-2.7736563787571824
-0.7861651655093536,0.1998532007958329,0.7225112389197391,1.1325633037418839,2.259982359690742
-0.46384058899188285,0.6566334942054377,0.6348192318146826,0.8934652221298647,0.6578070780516015
-0.020128044788787436,-0.9497333618615512,0.057106416271294536,-0.5925280021881384,-1.0769536158495758
0.2839158837805254,0.46086674355394464,0.74685618581313,0.6330713883900451,1.067546258120629
0.21391474072456415,0.512162127565416,-0.417525927096924,-0.7351260965538545,-0.8706780772711776
-0.8292296706764276,-1.1132062204370359,1.4066646779209755,0.16189740507058697,0.10886280704688554
0.37362938360947373,1.2883966286602262,-0.6355899319381093,0.11125430714046933,0.06405012054089301
-0.9525287005033382,-0.11929266730425664,-0.7624523987754708,-0.5737492803449155,-0.8818537734057253
0.8353506848280704,0.7107390552737005,-1.1059424412629695,0.4943401883648857,0.25983827757145034
0.31725186038044234,-0.9207450389650215,-0.7303372572655651,-0.2869662010157913,-0.3409195393732364
-2.3134462616836515,-1.0681798376863407,1.1773766953190914,-0.6561319141390772,-0.06138918065601695
-0.24444118057070266,0.006100055155022835,-0.2975817304487725,-1.2139828193514042,-1.1974853295250698
-0.9709641674193087,-0.6444583945082717,-0.3884856969026133,-1.5237411036511885,-1.324802676878675
1.9232182969752947,1.7693674601049056,-1.5833740216091108,-0.4781959547102332,0.3151283495529005
-0.34512556381878945,-0.4884153600517153,0.3075297425153722,-0.12610292472120754,-0.7592805896596475
-0.4749592015555344,0.22764079941390497,0.8057817187957794,0.01581347371288755,0.057951601872188355
-0.4917698653744153,0.8509058528334081,1.0425955823861326,1.2413933285375358,1.6982656934712206
-1.9431264813729154,0.004616381723186125,-0.577553223534906,-0.12249356522232707,-0.5078570085822639
-0.4363898258181308,-0.16093878165390924,-0.18937608791641916,-0.5291757643010531,-0.4675735556109696
0.2806974771338709,-0.6568110479586421,0.4871096135430811,-0.02685716271596446,-0.15191148610396013
0.5078035017946896,0.5628597147831655,-0.7529893385496886,-0.470535978306854,-0.25961311189230135
0.07108281900591437,0.09883558965639136,-1.8541012498010625,-2.0668495066708403,-2.594978272756942
-1.5765237942353887,-1.2492476023420023,1.7930117103868373,1.2135250352858815,1.3985110616573506
-0.04860732424794452,-0.1917801594702201,-1.0304133026107716,-0.6216443687202192,-0.006847535684609496
-0.8940101926449504,-0.7026964285722378,0.12293873282580567,-1.4883206848369244,-1.3925125789548756
-0.4308628683620712,-0.27192958256081656,1.0947467545042717,0.7365346006951651,0.39819019739589145
0.5158514520909174,0.02080684992593318,0.32460618074389813,0.053032441777249695,0.9651883997734931
1.5559524983186173,0.02550137868603186,-1.559074656989689,-0.8238802467404811,-2.2170763799759095
-0.5940538852226129,-0.3272158064674792,-0.14929391112983975,-0.10294206254165161,-0.2523085371966327
-1.33346440778284,0.19862303803921766,-0.25013702032331275,0.3324543159968467,0.24923916961549256
-1.2340092606918003,0.7329428368389025,1.089346050941451,2.0225029159291954,2.0833968159173657
0.21369802565708867,-0.19528215905226184,-1.5755810931366405,-0.7233290712546804,-1.0315559122320535
0.21385025826316162,0.25098214447860306,0.5554927140057049,0.4693376847402114,0.9119381743228606
-0.575084586124731,0.45413675214190014,0.17831251841614845,-0.8315521988186603,-1.7370882063921131
0.7760147943903881,0.21797650122919082,0.8839359605716341,0.5162495582898654,1.3242858560661115
1.0257996918873917,-0.15940129897728605,-0.14104526997660216,0.5026512053358758,1.3636837599966376
-0.8533008308984343,-1.177310084495871,1.0064167165877227,0.9118063785699543,1.9989369604227778
-0.30855263194081556,-0.3293144729070602,-0.7685884242460234,-1.1952204608183488,-1.5706546777405754
-1.5669450799770426,-0.8471626077887368,0.1489665355816096,0.5635701717466681,0.6926099302314166
-0.5609193268995012,-0.40588413173939764,-0.4360587245951687,0.06715554135534996,-0.4123325984312
-0.07152100276607841,-0.12480118245567842,0.23797833157879955,0.3205411183368031,0.286888767697019
-0.6265058357258402,-0.5543923217838528,0.466047233680035,0.2967373493210921,0.12523864732320214
0.1273132393535193,0.8270336410770981,1.0323944817296535,1.9015499728265195,2.4996576742342356
-1.329067564257176,0.3650910602866081,-0.0894423812734978,-0.8181572727881113,-0.7858728683799922
-0.6233492612315602,-0.555517440102834,-0.14434646496667103,-0.3179127227914173,-0.28356965593340766
-0.7182001771258147,-0.6415774684594506,1.890205149364528,0.4950561540409234,0.41146901943137093
-0.40560089853186376,-0.5566103087489818,0.17468445894128026,-0.21449349323332068,-0.7397965704314442
-0.8987126704506668,-0.07981818374657756,-0.10650808304031023,-0.5133668740240549,-0.6410512513899155
-0.16231677578040035,-0.543813613708961,-1.1899815117058077,-1.1651588176212881,-1.6264817201924089
0.13087564013758823,2.2605775591050055,0.5046928137360207,1.0870742587128177,1.6444342499987674
0.32398516161905283,0.8365845006494214,-0.668755002662154,-0.6828496490774748,-0.8891271707420318
-0.3205732893996218,-1.1043565370479376,0.7412312367157174,-0.6991869808106439,-0.4976889582972651
-1.3169649474000058,-1.5695805777278293,0.7470650581135555,-0.1934052970396155,-0.16871736116961203
0.7571113401401963,-0.559440312338958,0.35465131345844525,-0.7330577165835019,-1.7839047424955918
0.29859507290576043,0.47146505431884345,-0.285766949715874,0.047795868038118326,-0.6093788221991694
-0.5213712894460347,0.5769168860691434,0.5080844791472222,1.556281736406232,0.6753163063233778
-0.17519147844132124,1.0784472814477994,-0.059712719089126384,0.6366035547050147,1.0632781488551357
-0.49964291147326534,-0.27775044112203384,0.6192897258367065,0.6933971119145121,1.5306542103078518
0.26435622969330913,0.9766803095425104,0.6843727165138117,1.3272565126239129,1.6971362274768822
1.1254386617956915,2.0725939445803405,-1.4019437911841117,-0.2731962148097366,-0.5301642421618973
-0.21851082681907796,0.20682922113984015,-0.08790118809155577,0.5381595102655603,0.42706563154563026
-0.5463536587035259,0.20443068697552774,-0.43239492012194125,0.433223136866903,1.2668539972725015
0.8593669487644884,1.4922810818213994,1.3830017504585617,1.9205826529522307,3.2923446902781226
1.629875304369133,1.6210515394001537,-0.8592634735393423,1.811326065588696,2.2336864128713305
1.5840491162908545,1.6187693569276287,-1.09297615613239,0.55847283765448,1.0477017858064404
-0.9684503775886527,-1.8101407738743336,1.6540536050142356,-0.8668236864821042,-0.7787619210318422
0.3017714035679475,0.5166821353186501,-1.5904410395747342,-2.233967858883915,-2.2215734522256505
0.47134348499482215,0.288733272034851,0.5027112988001992,-0.694035135390869,-0.42572153030237087
-1.6831461680510695,-0.7211986615768212,1.1643436166940515,0.19246801412057235,0.4047452917779769
0.332523719179088,-0.4338457161254773,-0.36037857169984994,-0.2723519886576385,-0.20299606917891128
-1.3894552241525018,-2.4336097437724766,-0.5261978540381367,-2.3385811852030276,-2.8903640666864763
0.5040837275508618,1.0048074870356898,0.18339689421201236,0.41740169584258574,0.09535453340132977
1.2463497796825707,0.0684415051791788,0.30256331692569016,0.11123162654539007,0.017768993597301733
-1.2263363601007722,1.0386220910259476,-0.21387693120261425,0.6870818664772652,1.6676112210527227
-0.22025549974197253,-0.30438812649315594,0.8546460384948011,0.8899130155487684,0.8267282686088481
0.8259038176450095,-0.30707501155689987,1.3738796977345027,0.37073483385578376,0.7789034961248043
-0.9186965049207537,-0.480032440757239,1.9254604350469504,-0.16594014779401967,0.07767740988510038
1.011093263945168,-0.16186765410324877,0.023152049149444687,-0.2892760468982862,0.35880354360624933
0.40834984840503147,0.05054487836267815,-1.1748841609766687,0.5077766961398542,0.3580128660006514
-1.6554896319009553,-0.13550702323422614,-0.4417162044753773,0.16462476244234953,-0.1034384109584072
-2.199303563177827,-1.4218235431390966,2.143029590081734,0.8481108628009432,0.7658572277656184
-2.0286246011700326,-0.19531719031148664,0.6376681946315043,-0.5699686499997303,-1.2122041283026497
0.9506213411728929,0.03206477655078471,1.0116225495962814,1.6724587321455133,1.5946519352568143
-1.8787673009236356,-1.0572476810579003,0.33887525137195257,-0.3584888545358089,-0.4771347940829165
0.6560201306283223,1.6064903659396932,0.7605117140866544,1.5561362278917317,2.2812174011546995
-0.475331885609017,-0.9750118606914425,0.8840131488292722,1.1730954648181826,1.1461969672246295
1.0403646106878064,1.2519530512420658,-2.1137484683207375,-1.1340732738461152,-1.7551826681450085
0.7162341740443798,0.9219047320343018,0.5765835619940721,1.6526390154840882,2.288481917112427
1.219942240011246,0.6495036138154121,-0.09208222148786432,0.6471809433704703,0.6723223520705791
0.5090291256527901,0.15132795099816831,-0.8238305659753364,-0.9150254066065976,-0.9520575320698313
0.767623314434679,-1.476933283559294,-1.631170670260311,-2.306648605411384,-2.721077564716845
0.8766118246508653,0.3325089351863013,0.2574612077056277,-0.5487050811783678,-0.8126496041894482
0.534101040199876,1.033197525855058,-1.3562658886352092,-0.9072118550637578,-2.240500667727405
1.2947322056552477,0.3779012892410526,-1.1822466322238478,0.23438872843202185,0.12587470796452094
0.405819638294226,1.6549608054408835,0.2904722455901161,1.2394597147195283,0.9382463509610119
-0.27378723112035797,-0.6931582429820408,0.6994492074136426,0.11236951852424594,-0.015136784721699215
0.2929435133162229,0.22962377073658996,0.6041910826909006,-0.12548865855361113,0.43627688883163
0.8270350182743458,0.2970836507183904,1.0996829720118866,0.39302356535315996,0.47320920086566637
0.16938702886370383,0.7248756311365756,-1.3709726864821723,-1.1743532258789402,-1.4678540249213097
-0.9521355700041545,-0.5263415596167604,1.7157067884741113,0.7323031724822127,2.1556852468287717
-0.4311253479115406,-0.9413093831422524,0.2897124596601801,0.5592879358340532,0.6569034637336101
-0.1044949785935585,-0.6224026272693715,1.203067792589055,-0.4494269542594733,-0.14703225129254965
-0.7549599065112493,-0.1535888895384013,-0.7348863111032868,-0.2361714278964437,-0.565041895923438
-0.19700494059581214,-1.5839546515041574,-1.4361012214108306,-2.0451915818038913,-2.6687327713836275
-0.4838649671746457,-1.074080501574234,-1.1804993908679386,-0.9702270244020044,-1.6165460673867174
-0.4744917443370638,1.0459208904736639,0.5947903217517816,2.090996873736641,1.9551524263792524
-1.3058895414507827,0.03374839347761416,-0.9435764032060221,-1.3204618656521285,-2.209099421951733
1.1605009773285098,0.5227532239570469,-0.9828996610678464,-0.26385554398453426,-0.43903910323362805
-1.637559978097145,-0.7734967702101742,1.2752254868195427,0.11203597517681319,0.28808564822469845
1.8742619429338818,1.45163576612695,-0.1875676707309627,1.721489992753681,2.006011263091715
-0.35872707402048976,0.8412579808709668,0.4634295062370099,1.2741663275524606,1.7287613818162526
-1.7523079474771337,-0.4724121875573773,0.5777257778323475,-0.0006756308074065964,-1.0345176964929361
-0.5101474641256111,-1.2400364464172877,-1.2895154267475484,-1.367365752099794,-1.1286977998148737
-0.7118460049921401,-0.4720141902353625,-0.5651083879749241,-0.3785894932537129,-1.010422532339079
-1.2372193921656702,0.6052158805655414,0.4187754607500989,0.9709843515252181,1.2525174313747112
-1.107743390757191,-1.6232221454488451,0.8506264155783854,0.2630757854416276,0.6497540501574459
1.8866404499673524,0.6066364086307972,-0.4087400043983898,-1.4787994774837578,-0.8000651932509493
-2.6895821799228736,-1.6421757314668266,1.2563580343821008,-0.3373813036322218,-0.3804678549095756
1.932354339737452,1.3938353230828713,0.22744293668606763,1.7141193840218718,1.9892243749347578
-0.6046538626399754,-0.9759512215617945,0.9496721074250151,0.6347788448481271,0.9119937412172578
0.30752784388227977,0.7341085370888318,-0.025211525750965594,0.7176704025718244,0.4935346698167015
-1.0761653359457863,0.05083303114885929,-0.06683793453773984,0.4801468219788277,0.17620739417972126
0.062236834511048895,0.2152337225432956,-0.1399370951332457,-0.07468529986080563,0.552498477021329
-0.5509644896252528,-0.5847010631483627,-1.3458738615156363,-1.6952280875223071,-2.080483112953641
0.2200190151699293,-0.6558842204578214,-0.6184605430910379,-0.8915596898835929,-0.5272208170767984
0.3899793176703139,0.024630799132220438,0.5995382353638048,1.022676817574846,0.510071351636405
0.27960901656613857,-0.8422774146158014,1.2759472792376083,0.04758310397702148,-0.13668867245449243
-0.3988122853109061,-0.4293310030018954,0.3316456549064961,-0.9921439009257697,-0.18154644767493555
0.4484304624681249,1.0311707065495535,-1.178386325328539,-0.5115632915452177,-0.336219084331703
-0.13066454074585182,-0.5869510757186088,2.1690850880108097,1.3317241618544702,0.736027059436933
1.1044942272138545,-0.3226814574546165,-1.2639413239637276,0.07601645089667941,0.5818159695836914
-1.0852518505149642,0.1355125490300636,-0.28904912622627305,-1.2565830185953404,-1.5063603207564509
-0.8364640976931795,-1.3747932133129568,-0.1348282738925266,-0.3577086003691452,-0.11939457361049877
-0.7980839829731738,-1.2034107869962614,0.8460821850480221,0.4043524552600885,0.9280828425126242
-1.7855571729742865,-1.081866258640418,-0.06246613595351447,0.05276175160389962,0.15319624843684482
0.1282677304613837,0.4922976104173576,0.4070683526842792,0.3010422349613315,0.3004980158206441
0.43815386061904854,-0.8734126917676314,0.4380396508665666,0.1552601443439829,-0.4040422877669674
-0.2525954455672365,-0.019580082893556658,-0.32785665919936585,0.07049052676205436,-0.5484750588268724
1.5587614704666664,1.299903771864166,-0.15173229562183832,0.2948436296547341,1.1843409295434153
-0.4864155874653415,-0.48512882276284464,0.7680459808831117,1.783014148266975,2.093255063733257
-0.27378359190942453,-0.5098091844319285,-0.35833149556059274,0.17702221999401546,-0.04600103266507369
-1.334665520721826,-1.0625213864551895,1.8097124852107318,0.9219609807612673,2.0615236543881257
1.8762384562628758,-0.9699359218964301,-0.3216235981652801,-1.2719280153937924,-1.1744684594798558
-0.20797944904339905,-0.3819634071566685,0.4603622594234298,0.4487070853981664,0.7505999955274352
1.062294044195512,1.323664423253177,-0.6593261407333477,-0.1382677463797048,-0.13547021632783696
0.46579555488240865,0.6951440180418478,0.29846059253562607,0.7400925069958176,1.2124855801180479
1.4962413862697668,0.7938636777116672,-0.8493656543524661,0.7452811605168359,2.01455342711565
0.05646193954138488,-0.13673480102438718,-0.7477559578636414,-0.15684115856537895,0.20918952128130475
0.6195130330233871,-0.3945130763153436,-0.601332498072544,-1.4048525763227664,-2.0335808839352363
1.1966035946767701,0.4479411566817284,-0.31754273844262276,0.41491898459177406,0.15418893449954163
0.4388933575778334,1.0823411201765911,0.2488266620626894,0.876071536380901,1.020652001655349
-0.7535288394286115,-1.359986602878198,0.16341741139811689,-1.0668906950776098,-0.3688065984597855
-1.3080136206639719,-0.6779782289549086,-0.504871779186748,0.5087356578575832,0.7013413368128125
1.1293631290652537,0.6071858320129975,-0.8625984573499783,0.37919908655220247,1.0606836810859777
-0.3715658373843136,0.7147163246621551,-0.15759545924718188,-0.014697793411161564,0.07395002112634803
2.306031207611928,0.6669434754196044,-0.3154161308726407,0.3104597981692587,0.3800554485869333
-2.53711332995494,-0.4627776504302099,0.27276705948903746,-0.142942058359797,0.057479432454660306
-0.21966233869865168,-0.10255675669933254,1.4818129978142276,1.2327399746367782,1.8545667636271508
-0.4816977585761744,0.10349395487905008,1.6802111197379457,1.4157319100909567,1.5775237244242557
0.06555223909127746,0.20366442076685273,2.545778145961328,1.5066711061287774,1.5110804148185208
0.8842589968018653,2.2843021660780156,0.36985942037629477,1.948697453291809,1.374143438897558
0.6619736263306336,1.2109348883604651,-0.06210122886606978,1.5180280455181347,2.2488527593050835
0.6204205118664042,-0.1430834128328084,0.2551918886217791,0.17786026089389098,0.589510439791518
0.6531420079549793,-1.2987130632969404,0.5197941403747528,0.23056598214501606,-0.17040283118382982
0.6004036435801199,-0.03975927058014228,0.45588198765621873,0.5181495432821388,0.18093373500413762
0.5112086307822743,1.014162886189958,-0.9986691355777716,-0.9144842247301483,-1.86503508665959
1.0866065976579455,-0.39104183415410665,-0.1961583655357858,-0.16933632978949,0.25301892451374597
-0.6227515408210884,0.12263972232447162,0.2503631729769799,0.48113804530503235,0.8031499171337044
-1.6812765154469187,-1.415395362036289,0.3905680337321766,-1.2512548773221024,-1.1380943505790715
0.4421106960926095,-0.029051551938172077,-0.19948764891180953,0.09985170884704644,-0.07966990012875486
0.9710035974491985,0.15322186874362592,0.11512643195677852,0.7808145738617407,0.8203137979899249
0.13121441152928845,0.9892710418605631,-0.8624759016032613,-0.28292199134302354,-0.05245702796437529
-0.42433340634419714,-0.5987060360970211,-0.363818746709894,-0.46066277659636157,-1.6919385669925449
-0.8936206004589965,-0.8052052949333344,-1.2327660611256603,-1.6413351241863299,-2.2314989349744825
-0.05864191218129849,-0.8271444043913992,0.2720817270184288,-0.014396044744958647,-0.6823778275115655
1.582266189574916,0.7316372751743915,-0.44646460904226054,-0.18622625838603923,-0.23309829761208545
-1.0942706898921604,-0.34615144427895356,1.2358864375442284,0.3676913572726531,1.8805353934110018
-0.8840884060634261,0.43623571170082537,-0.23309940223173903,0.15289034845970056,0.2526333017667647
0.5914155225016136,0.6480210937727835,-0.7309996376345992,0.13515670647707434,0.0808520202313105
0.08835685083143652,-0.5981320421610072,0.7157664180734062,-0.10416362499811471,0.11698529071143224
-2.451833250698093,-1.3590236624670693,1.1426395354846215,0.5472630844717159,0.4627675518482621
0.41938200766805805,0.15028864342619835,0.13737389816934814,0.2430361757143657,0.6366534341457761
-0.45882432419455604,-0.8504899241232047,-0.8846979662785835,-2.4439967300910634,-2.8727707470431576
0.6110686266682265,0.9431976273326048,-1.0297263604097608,-0.14754542532014553,-0.668998571704222
-2.2188031496121385,-0.9760596655912946,0.37406728343784534,-0.35427999379975345,-0.013202045928282446
0.6647092778035995,1.2411287396514357,-1.0029301066177239,0.5631059539636745,0.28948952114408544
1.5516668703188854,0.6676460297397964,-0.4261963627975962,0.5748704027691254,1.467993572542209
1.1388015916014838,0.017376053072795106,-1.3347893338966408,-0.4348103072804349,-0.26938372091960505
0.11538494904325852,1.0594079391603362,0.6840882530248442,1.4938826335717723,2.3528123438434343
-1.1002301527866318,-0.8844866280886639,-1.2508071237507614,-0.30658398685840926,-0.24267573250200108
1.4519193376982522,0.3222987786845333,0.9587591703329461,0.5567331969310416,0.07874672505329694
-0.05020565676117993,-1.2960358427728762,0.020394026457783904,-0.6571262091010632,-0.4537967570221137
0.06848166820750562,0.06229699412862122,-0.41816742508284727,0.8002992610734444,0.7764452775368482
-0.7945506507736835,-0.22971740284221956,-0.05578603124970921,-0.5647476961601489,-0.7990558804776118
-0.3858431022405047,-0.58895851317722,0.1809678427242397,-1.06285387190428,-1.499126297639499
1.3151698551383098,2.1129411290625417,-2.140034518361627,-0.49099511264095297,1.3234670264129083
-0.333832174738072,-0.7684033715506966,1.7421735683958008,0.3269319037142405,0.4330350379643513
0.04077187690662036,0.3209401585738932,0.35910453625886735,0.510406787023794,1.03728694715362
0.4703375375157072,-0.9833719500923106,-0.5382887477622078,-0.855771853458708,-0.653833649754405
-0.7898644753026226,-0.7707714566169896,0.15387888089087193,-1.362689381378683,-1.707162564003937
-1.7751842402979827,0.34630731636011824,1.078273165890269,1.2808635042005827,1.4464200651039398
-0.914753231867651,0.17344356750041523,-0.17662623902977315,-0.38698678009713683,-0.8289329153980172
0.9607349836980751,1.6172688620489146,0.2434032859347106,0.7530042391692707,0.6486875540054868
0.601198495678259,-0.4263721316514357,-1.1246436781158136,-1.1775510762251653,-0.8375027363888133
-1.6230853582956868,-0.2760621681470964,0.3101578143361525,-0.056662740798806954,-0.2765040310182139
-0.1453080052240894,-0.6294031536308782,-1.063680067476841,-2.0342938985499046,-1.8168344968889945
0.28080547480537354,0.3409123455378421,-1.826121307917561,-1.607851191185561,-0.9381601118637081
0.3053291007744998,0.9823045466415911,0.5113228263975356,0.004716663040018609,-0.37674663010477916
0.42630562262408067,0.5817035579264416,-0.4316937166989657,-0.6401721888012226,-1.1470988940409854
0.03303753726840158,-0.1874854437977548,-1.2546450453539757,-1.2339600650446951,-1.683259407005636
-0.2383202790832781,0.36413788822059956,-0.015956687973804895,1.1935293305135155,2.3299960793780006
-0.3991341662229401,0.017830884114030277,-0.44100791219864865,-0.35731781735749035,-0.5161480166713608
-1.0047234173455133,-0.2662002744337792,0.8256416208101054,-0.6806844606138595,-0.525765131554123
1.752553681103595,-0.008000078411322553,1.5331522825938366,3.0886180707329123,4.103204183856409
-0.7983153791337608,-0.7455540394473751,-0.12423501709872728,0.18820617199671652,0.22757503902610965
1.8088964124157498,0.45677330063665733,-0.5107838097085209,-0.9570182911693612,-1.7333004776971324
1.2512566017873359,0.668008562842972,-0.02343118926741683,0.19745651149437474,0.6137851450949227
0.5573820316753896,0.8905777078991819,-0.1286235316681507,0.49732428938346906,1.4526276674013747
-0.5062784764844848,-0.7826900273864646,-0.02895321879432361,-0.8664069599179269,-1.1734012188846885
-0.4715952067190072,1.046574941406866,-0.6479328435344809,-0.0012707346488617516,0.06594715102778549
0.6485317414001195,-0.37127233980415275,-1.6157092931176333,-0.7956076149584682,-0.07737252177714671
-0.26906440666820736,-0.26362471135877663,0.5574950588732372,1.2727575578846417,0.8561460299053405
0.0740724354810451,-0.07590393055180428,-2.3658034757796593,-2.3970338363615733,-2.6368213223586507
-1.9982956825278828,-1.1847160543855657,1.7827628549257095,0.5180824905142837,1.1415752525241911
-0.8581093078050605,0.14592179376860265,-0.9257385383482815,-0.6458843410659095,-0.4538148493550254
-0.3488322010282948,0.43318294026926824,0.8039683612823096,0.10161077749373715,-0.18402821146116727
0.1546017450174115,-1.2618791543237524,-1.057853101072438,-1.3607759141319407,-2.382763560355884
1.8208636999797045,1.3067176573161858,0.39846012635118533,1.2705338105141069,2.093563332216816
-0.9398451732421824,0.3452458307693619,1.1244588708765564,0.1466067965326766,-0.742898585351291
1.7457226049435346,0.24959162869140783,-0.9255869858794958,-0.7171700937845126,0.8097623265314172
1.6109359338146896,1.1793192768838359,0.03858056063805221,0.14217061516605134,0.3412061808486784
-0.9284635516329944,0.6353856729212576,-0.45328703472848314,-0.29984497017771555,-0.14882495746599442
0.22635241035902648,-0.7281465099492458,-1.4124919614551956,-1.8494426859601294,-2.919935265893731
0.09400720890754358,-0.26331381118428926,0.007115248838634947,-1.6401332414917762,-2.605578805797755
0.9295169985828875,-0.9466968491287273,-0.7742183351066916,-0.9828612952045329,-2.321971020208694
-0.7025732871410614,0.5905788038677942,-0.5576428485622824,-0.45120985197520774,-0.4113133808270527
-0.8855002652166313,-0.28952933603790865,0.23848894478245145,-0.6066482630289193,-0.8247643069877948
-1.084067814446632,-1.2935944001383368,0.47187545259153885,-0.6893738450630358,-0.3085723849510088
0.627226193858236,0.9188613912428681,0.6638817076641856,0.19661254366424719,0.1217770468547768
-1.7490976470686117,-0.9057999751345666,-0.7611766017059907,-0.34487058267919635,-0.4776867771967327
-0.9643981941994656,0.19532048983961853,0.15860559306334676,0.08558323645612914,-0.2932837229861305
1.44164462848083,-0.0920977205229293,-0.9241381478525779,0.7167419704497551,0.20443974423355737
0.15251648013218616,1.2474476702066812,0.4924681384874159,1.331390165966208,0.6949268466154311
-0.21315799915733322,0.15085399755501655,-1.1030295796715768,-0.9898273329515441,-1.6407402520894148
0.6637341563392413,0.2990182033265486,1.1939594158143767,-0.4334794349859661,-0.6025434061614907
1.1888913103881864,0.07994782452496885,-0.16616329556035242,-0.09263895388724311,-0.1253557062269175
0.48718926012437663,0.6421674592846177,-0.40930571983021485,0.18188865359347223,-0.3540665806291053
-0.9298262604721688,-0.04122937770777152,-0.24326011656490326,-0.7683606597444826,-1.1032820620101116
-0.34461535491422374,-0.101822875782538,1.541605045943498,0.9782259635790713,1.3745581625731318
0.29847123765786343,0.4166682486523017,-0.44308801469726095,0.6027682259483185,1.5135511464451188
0.3438937998945074,0.5883537627740982,-0.8907339164208419,-0.6650844292724098,-0.2708259885810581
-0.5504411758945603,-0.8777979976321995,1.997135880300856,1.2823090156412804,0.6309941946006152
0.2948637448859056,0.6825651077969881,-1.2418728148599654,0.22529325931673028,0.7040582720971846
1.3532279164488312,0.8975542669005194,-1.7042802897525133,-0.3295158407092896,0.551710005476544
0.17559683201367254,-0.13381381950424523,0.5442964825151486,0.1868070462394222,0.24540247476626675
-0.779141985815326,0.9316384676585696,1.4051854153464867,0.06110003112292106,1.8950241761039786
1.0839738608456106,0.7470236240215644,-0.07447197708485309,-0.3365734050044233,-0.7489955404028864
0.27328002762083903,0.29594013583913653,-0.4824546727730154,-0.17363642920541697,-0.4913624538292531
0.31167837678247357,1.1805445674831332,-1.1952154751155146,-0.2032784788185685,-0.5950584210493226
1.2894016251006715,2.998138720869561,-0.34266367614924403,2.538131398631018,3.4972772239346472
-0.623066292094641,-0.7117016115745827,0.22939542285475248,-0.6880229615389286,-0.7369262224455727
1.5344067340114953,1.0691060413112732,0.3047118910533445,0.6702537512217847,0.6332452011456967
0.8104678758420043,-0.5208974093441894,0.9556510581965109,0.7018682958216205,-0.08085291059233568
-1.251512992128389,-1.026517833547249,0.31316471691461445,-1.5711013190217673,-1.5937133013973137
-0.4796265456043713,-1.6476649702657447,0.6557237959575752,-2.107513526411102,-2.083974402319511
0.052912818921292515,0.7635716542855364,-0.694388170270424,-0.22573916548358952,-1.1806114232469809
-0.11452520533795989,-0.19689237329413406,0.8517555734893119,0.3951618977606385,-0.19675434347857107
-2.4426515237933497,-0.867802625112242,-0.453676638381572,-1.0393600423645446,-2.02096630098784
1.6189693048664804,0.3852448791739373,-0.38289974479361943,0.3138193512741766,0.48821912006366525
0.05095785838053345,-0.19588125636355422,1.757145821725854,1.7853340399620663,1.5494535883254321
-0.4569272626929839,-0.3664410549751309,-0.008303745102370585,-0.7378922417336005,-0.5864426305387214
-0.277944557114686,-0.8001767720527617,-0.6164224909728759,-1.1362932827591863,-1.3131519604847843
-0.6902454562286175,0.3185737079204759,1.0668159026578028,1.4373257899848109,1.7426289329706046
0.8977178690285531,0.5741866833434647,-1.4063564543620928,-1.298871879540322,-2.172610379717357
1.202216385680467,0.29145110326957563,-0.9543412414040526,-1.4307082963344528,-2.3681830829879167
-0.2990892629942573,-0.1399518335132433,1.6736765228072144,1.5654727056130546,1.6799573756938497
0.08313945820713835,-0.9102801959153894,-0.0039316186508034055,-1.0143083547256446,-1.1025421525318655
-1.388621813780213,-0.9573116063364334,-0.12232996248138017,-0.5878040927054291,-0.13779594858101885
0.4867521862176429,0.7063019425092034,0.5933191744637925,0.8976311574002904,0.9653179213274217
0.7299678959373318,0.42098586930994464,-0.07766027308259288,0.8211131734250411,0.7001866444391311
-0.9541850046042812,-0.34068476898973277,0.14983158521864953,0.3523145803004058,0.9748496544799419
-0.8328107256738668,-1.012306369252849,-0.7095039646857292,-0.3087013762409433,-0.9397514125714046
-0.8950452742880864,-2.031474689194715,-1.2313392102982668,-2.6231191651419685,-3.379976866523595
1.8480758319382613,0.6975631608440047,-0.1744825384484412,-0.7035143823083777,-0.24376521451388056
0.4838035130618385,-0.05373199785648178,0.5558644286664425,0.39686261992929667,1.6177568912063593
0.05031005040689991,0.6137939646297923,-0.756775669165587,-0.5049684068342355,-1.5649388654376928
0.5549184717929716,0.23612888248378291,0.6984777682615716,-0.07177881008377429,-0.218595111191823
0.6275953514434435,-0.3454862504850727,-0.7473069039311322,-0.10009603330544714,-0.6576773946017214
-0.9626641644637722,-0.5488409915548151,1.0457959965698393,0.3983411556064296,0.15030204377833473
0.4104761302518906,0.5728092415417926,1.2409958852430067,1.7172796386542788,2.0965564838079076
-1.046990598095986,-0.17859910555198583,-0.9587571431362732,0.024582457812965974,0.5631625953280153
2.082697555468169,0.7355022160414704,0.5687923636509818,1.0590817321090777,0.12549172482194537
0.8660300677773655,0.03769756042012645,-0.37963750249462014,0.1709097104041029,-0.5643302246217239
-2.653304838035327,-1.6788317268544692,0.40562064912363294,-0.044661071580100464,0.33194062292030296
0.5443419310675501,-0.3272345914599406,-1.323754729039996,-1.4837902265597396,-2.331099463975637
0.9404971305763457,0.09963720752702898,-1.163061666865379,-2.1831642423227997,-2.753911696697139
-1.0562226597374889,-0.6087285175541877,0.7888699938278319,1.042651646922223,1.4049966561687992
0.6343236210089842,0.8326434219760783,-0.25931640657417876,0.262008026778669,-0.017555646360396304
1.5029275626934133,-0.10017254996040059,-0.21954508230168063,-0.22016095439123284,-0.27444360523462913
-0.7340820672230874,-0.5863784794463529,0.25689471779224315,-0.05589907977352761,0.4621104509228713
-0.6544769753424747,-0.07354750905819007,0.10087610940814809,-0.5079260711296655,-0.6803498759495789
1.2689839544594053,0.2678834476368201,-0.16771824949626904,0.23676302958394904,0.5572005645514291
-0.04876197440799516,0.06805911869373653,2.013467607713233,1.689116210179676,2.428330933976736
-0.6036985837336738,0.7530396788191844,0.010291591889398377,0.07595738165542959,0.694064233177127
-1.3182220885790499,-0.37870380391123515,-1.6464219917529799,-0.7119878344539472,-1.0596090109582286
-0.6920124579069595,-0.4141475097805125,0.3311743397034992,0.6636616836124385,0.32364977024934716
0.8971238961252558,-0.34684158277568294,0.6160113558629847,0.9587294876826838,0.9092858942657844
-1.9513020792756441,0.3344159846965994,0.7434011286356027,0.11635610189426604,-0.7885514867715852
0.236542433159796,-1.1025645767587235,1.0706848857935702,-0.3538929086728073,-0.8102634417635548
-0.3410300288721608,0.6066238636043909,2.7177374181373852,2.516856187942732,3.047820738224916
-0.21892918036857273,-0.3780069335603211,-0.4507962243891341,-0.02275744720227557,-0.12175264329076464
-0.7780346586821768,-1.67763894695615,0.8277802106898133,-0.8421408905415981,-0.6471143165644607
-0.1296835024754968,-0.33110760456985006,0.8331805092686532,0.17813799442619488,0.6150161496640305
-0.6738295954270906,0.636483109830976,1.656944947904058,2.10175180261664,2.3382997837755823
-1.1842275636817998,-1.6886439558313266,0.639689128558563,0.8812101310758497,1.2076876630833753
0.201575784328724,-0.12369795640030835,-0.6807556433896386,-0.57013400008371,-0.36928847740158527
-0.2923897423257278,-0.6600960923254838,0.16195013521806256,-0.7030057959542055,-0.7128050795038079
-0.34925382572390296,-0.28760572794774103,-0.8761363832351303,-1.1369573447017807,-0.9800395135726807
-0.73933163715747,-0.35945752307981454,1.4683152287766161,1.3361203089859017,1.0643567573592587
2.4787990686893617,0.9792574882610274,-0.5168133055441348,-0.008037162636965023,-0.08866604649248948
1.16058112954468,0.4280068993518503,1.25364773749607,0.7900561426546682,0.8064208593092734
0.9263177131426953,-0.3679096890369679,1.9607012918108309,1.7599578351665928,2.036397036843119
-0.07284654308707925,-0.4138521294753443,-0.34324814109238166,-0.8011497754735799,-1.1329088701245007
1.561444549259378,-0.03828929206959397,0.04702662450913642,0.3720603089864698,0.2914613244842622
0.329003035848589,0.340608900265646,-0.37057396110614876,-0.23636528128416004,0.04504325585464691
-0.3294613287185625,-0.4139300011274164,-0.4336082458579469,-1.071422131512303,-2.5565444925165313
0.5764115782536662,-0.39495999527410924,1.2105021417385622,0.49931108803291524,0.3431489180505832
-2.815145843411701,-1.934230420814615,0.49679060534129554,-1.0646758130095184,-1.788079013333722
-0.9016904516473127,0.10584231855690457,0.07266051303102533,-0.34087220671145235,0.8344083490114161
-0.14849688209813358,-0.8176317519856201,0.7780177215410925,1.1256514138048361,1.7650175314367924
-0.3166878023001958,0.6989594542063793,0.24748507386075005,0.5493108666926986,1.0337858824737474
-1.52333636621154,0.20634854001497338,0.4390332461447816,0.1322855274890114,0.5337730087290606
-0.002095979207736768,-0.6093256596584531,-0.2589859601242825,-1.5889494450913957,-2.4047296011666814
1.8693045139652702,1.5986416625035718,-1.7235124296096132,-0.9847615483949741,-1.153931204112833
2.041755266260369,0.9083467492690493,-1.1210550469719989,-1.0552143158212548,-0.1888802572746302
-0.1475516804107257,-0.5240443845601316,-0.03146828339095641,0.3932315104928701,0.5307743379220148
0.06687428140037377,0.6416762238473116,-0.91557252327611,-0.36519277213212703,-0.1925025917951876
2.197089348369577,1.1781695017466887,0.4707864039016457,1.8746012052248973,3.332101403049427
-1.0209710401724166,1.2942080037147385,0.1420499037979871,1.5850176229759643,2.2699220280401247
-1.21874394607448,0.6158642530947782,0.40628815878575064,0.5534151593702943,2.008634015456269
1.2106577100779992,0.9833745612602037,-0.3061039016956742,0.7574909167740392,0.6784109214305115
-0.280041345515504,0.4848749180394327,-0.5497749170181011,-0.2731931483994374,-0.8095166620579543
1.1156540247959288,0.0014108964567034477,-1.027510549819273,0.207004254110831,0.44898541081149035
-0.46142428988073214,-1.4203032842378862,-1.8078300914042273,-2.8946376771439057,-2.989733212299552
-0.5214228923296289,-0.7597948643082619,0.6278807392150146,-0.35247077899441215,-1.054218689927056
0.09919696863131025,-0.2755634942532747,0.45692672158361736,0.6229777623680971,0.47810324865649884
0.6533938567105717,-0.48039595628568565,0.5286987003720168,-1.1766942384772856,-1.0412816804727592
-0.2763674830964179,-0.22731878337207917,0.6008596424725989,0.5020506633292472,0.33534327407760856
-2.4672242916938263,-0.6098006929661176,0.4726298288601743,-0.16881313014447172,0.4745035725689001
-1.4451799333685613,-1.0920299845364654,-0.590815027542807,-1.8723911633567913,-1.6039775120778148
-0.20725963313293394,-1.9175556031667056,1.1126446973091824,-0.5108609552880228,-0.3120964348421021
-0.2941724518148936,0.6295907457415225,1.0104313636415876,1.4015456928017267,1.4705140567167698
-0.6603707149954726,-0.8940414058711144,0.11402449718446835,-0.749335955891985,-1.7280309012501966
-0.8264902906848791,0.1854682323598344,-0.19967480429908296,0.061340180523590526,0.6243791650329942
-0.1522328779311182,0.38559610572803715,0.2871466381327758,0.5514165030304483,0.07259233548903998
-0.614920722209582,-0.6584325803338779,0.2561006395810451,-0.17308193513803324,0.1370942726331052
-3.180962382742535,-0.6553595147257173,1.8193967274612646,1.2200148504923127,2.572145555166133
-0.8441151040557908,0.1381865943142494,2.6726538014082637,2.040323961034871,2.9067573026566613
0.3837213163322946,-0.5779961743000372,-0.6190243634040457,-1.317820651195927,-1.6198571788387703
-1.1787647708685913,-0.0762839640261016,-0.07307590434609407,-0.1308753057764687,0.26866441274788977
-0.5827885831661342,0.6145775087121916,0.2763598686784148,1.3399501840733992,1.2905358992583418
0.38081433204452314,0.18657118369823983,1.1157351314871533,0.7507739626655456,-0.03257079124050266
-0.13355750847924566,0.7731392950864212,-0.2765653953129545,0.3391861625367288,0.4518361528133168
0.04977039519846881,0.7424580621719563,-0.5220030544023919,-0.18130206699227183,-0.529697038683633
2.8090743759911843,0.8343946541591427,-1.1118286456955366,-0.4653956980606756,-0.6483538681119522
-0.7761811620472189,-1.178490725651428,0.755246919620309,-0.9349580644770463,-1.2580634740751835
1.4450829635966775,0.27905994386857347,0.36421261391419796,-0.11429848765517026,-0.3149278356611428
0.8896871724662092,0.5361876496215489,-0.12763892246737057,0.5333795698408706,0.12203243171775735
1.030213762166476,1.293492962587743,0.43755599927505057,0.971833047340847,0.8571681556924071
1.321687385193258,-0.3569492330477617,1.454326395534586,0.9145576604727707,0.6140216709782975
0.6966800091468082,1.528106182610348,-0.4728959029293315,-0.9858129846916743,-0.7384278383107139
0.14747905446067008,0.3645378467197213,0.2676020396487376,0.11543805561280124,-0.5195503734448881
0.2775783613636193,0.824557295252273,0.18770543454521185,1.7698217756286965,1.7382501175891933
1.1768038989862306,-0.19447074686956,-0.16792017859103114,0.13597738026045547,-0.1458674334102993
-0.36009968846689877,-0.8878325903193408,-0.7509977780204223,-0.83153029819855,-1.2813393137753029
-0.817479522789754,0.8545679898444082,1.3435677900153609,0.6039614593459105,0.7888906469647021
-1.1248918256424798,-0.11687587433766233,2.0602024439590325,1.557525940412453,0.7954886265377012
-0.785188176041052,0.02592339999768406,-0.7324238441178914,-0.04115907997867052,0.0734767438901062
-1.032924688803014,-0.03714140692152934,-0.13181984510848588,-0.19242911319085776,0.18079407373809317
1.7338544800755857,0.40426496691267993,-0.3566255976548043,-0.22779231785584808,1.0328393851375643
0.38926282360458786,-1.4054312693855064,0.11640650195262646,-1.8320975752417246,-1.9883621817615496
1.5028070360155648,-0.2755314576773492,-1.0650994251398411,-0.7940239255942699,-0.3993424275511053
1.3841917941071342,2.151758605569762,-0.30606194004150233,1.7691387403981982,1.6779656763640038
1.157361061332296,-0.15997297565514534,-1.0399994626198867,-0.6413672483496559,0.04956252337091338
1.1198917073926968,0.7535005675351762,-0.9856636549296922,-0.3822040587527745,-0.297852880850082
-1.4870550067057886,-0.2989459422548434,-0.3914591314054968,-1.131669204873302,-1.213407663879497
2.135225530562534,0.024478975060955088,0.6377101606275101,0.8093768993230586,0.15648365390600694
-0.6685185731343424,-0.9690279100055321,0.5288434221861771,-0.9462744333898369,-1.4397398557673047
1.15628797713225,1.2689535591493355,0.7883765901722535,1.463616755561542,1.4093227169578402
0.3949089105329768,0.24282238125554437,0.44602454042498213,0.560566756334734,-0.007361200499701348
-1.6325305049806345,-0.7984473663545703,0.49900329231016516,-0.9790778984318824,-1.1020444604243207
0.07315073783190044,0.9270972351566005,0.8547970006369524,1.172017577379553,0.38742118197877895
1.4672920935569795,0.3196143617613626,0.4424133343165944,1.4038937855304154,1.8743655357966205
-0.5434242975087346,0.34307254916291646,0.7360092209812503,0.606607822801384,0.5970156887089083
-0.025080538394481263,-0.9713705193527133,0.34174879764204913,0.025831733769429988,0.26998274736102995
-0.39327735707205125,0.01777661749852627,-0.24492828572086056,0.20413444097954078,0.5829835608155008
1.2751037312714544,1.5135647835483688,-0.6125270014586415,0.4062435676761742,0.51764846259591
-0.03585510768598372,-0.35798847055586885,-0.38060242238349673,-0.30982224349473114,0.0767876783158648
-0.23851309572202342,-0.6827474076467963,-1.0901810552703854,-1.4801907488511996,-2.314139928279644
0.8642767467739901,0.21738082542664783,0.330767559167917,-0.14524265594645114,-0.46145358601413633
-0.30904164436963266,-0.6424841652059762,-0.17467328138551377,-0.17106838665989937,-0.022915036120635585
-0.9393317780033582,0.5397837313941114,-0.20366257261927795,0.33959183058145936,0.2499121204311729
0.5045900173195947,0.5121696876835324,0.3265900019703689,0.3577732074335789,0.7208518895573484
-1.6136890330602844,0.3422270908043815,0.054683754189449985,0.26030212698430516,0.936530779132675
1.3062086827912152,1.2332716535684485,0.2337315884400794,2.138361098162373,3.494914288088995
2.6509697245948045,2.600500958640613,-0.3503350884349954,0.9450296594841623,1.149602135474845
0.792739913331767,0.20784827306343448,-1.5353679049211255,-0.2249976352314026,0.44435985023099356
1.1839512974546924,1.002937288271406,-1.2556450796922531,0.1303399088293018,-0.026741030953150807
-0.19041455115609654,-0.9268161097873266,0.42212359349661094,-0.39809768010335617,0.46074873947882056
-0.7971788122831085,0.7512775679407206,0.2560450293348098,0.09133344587077541,0.27000981926578094
-0.8735997397487755,-0.1131419699506051,0.6874918613337191,-0.004667042352861861,0.18795987520636107
0.17659197274878913,0.40734229135814926,-1.6291855575570433,-1.148936511320228,-0.5386637311987501
0.938315392235258,0.28294200238825373,-1.0166091838290652,-0.37114483082953603,-1.0351794007390889
0.21403858741148973,0.8262271787575564,-0.11883928567895899,0.6390894138276002,1.3188456366035672
-1.437837747353133,-0.6609327310582449,-0.3462915657926238,-1.0574437716034921,-1.305856212536171
0.29239495265107385,-1.5584325548477151,-0.6195086931384304,-0.29856760602614396,-0.5395097851044629
0.35926938278103815,-0.6157422777113439,0.9457930100464452,0.6894215190261891,0.7252526064103866
1.0473008651458124,-0.03526108530802741,0.2762333116405608,-0.36547633576750027,-0.44716438461850005
-0.4517950246389111,-0.04306512309477614,1.1965526527186086,0.9213215326433509,1.1612657018654113
-0.4561278401708515,-0.12635260329952444,0.8039566960320723,0.41930142743977167,0.5148723966375364
-0.0008179718727680855,-1.5022847041984393,0.37405590622533763,-0.08460175079762966,0.678532379245799
1.5915991778675258,0.9531916470856056,-0.6729709924426184,0.24256151043877955,-0.513423695452375
-0.5933602536665086,0.018177756840643766,0.9197927680246301,0.37364514455525794,0.03226099739341437
-0.43466555645183397,-0.9821348136137419,0.33449281697211014,-0.8498030262102574,-0.05577682303840237
-1.2563621734868184,-1.7471184028060858,2.280809916020024,1.2663012476215691,1.6076008118998328
0.9381320634755401,-0.2532545023246877,-1.349652479706865,-2.7516751431058815,-3.084557075451702
1.2785769005818826,1.60386660821593,-0.49493471891794727,0.46522292566053236,0.5339549407257114
-1.277788223169264,-0.2469409796309116,3.0339333536475115,1.9869704800459438,2.028203479130311
-0.44466975751353105,-0.4111829604809726,0.7735657895440907,1.2796241002654123,1.714285487994544
-1.4447186778532826,0.0029408688600515154,0.09032466630123803,-0.20324200566270753,0.07991920706408695
0.5485028807072715,-0.5314620260782348,-1.8652015279454135,-1.7326653054974877,-2.88376269471256
0.26283166717071915,0.589006983335862,-0.9392773257351443,-0.6383713165432163,-0.42589868997672814
-0.4142855503944272,-0.3315519283668504,0.6922795195556173,1.0608447153719407,0.5293650610320851
-1.3796813261174565,-0.48220628795386455,1.4261617455291857,1.35106375544466,0.9887621139156868
-0.8843831686716688,-1.2693873470144441,0.7847180954403865,0.12618378425006538,-0.04008782585440629
0.498412704932377,-0.6304547726971143,0.628931167165157,1.7634630259356192,1.201033200358426
1.6083724013692327,0.44935419963371226,1.1620959714576191,0.330987492942746,0.3018965073732904
-0.4405474828186406,-0.46112924258771515,0.16157191283817032,-1.051780438817672,-1.6109825329585457
-0.8080481141830929,0.38405205896083694,-0.7839281494056919,-1.5640665673120826,-1.5951589860714437
-1.9074814738265664,-1.2865500231192586,-0.5723356393242466,-2.1013721980633657,-2.6077944339889068
-0.12553438249024365,0.2793718607145712,-0.6944121987169398,0.4705143402397651,0.4421991390917892
0.6903053965975475,0.36710805492734655,0.12582052041844222,0.04394303986423753,0.23096458198498288
1.558260574984602,0.8923793472592759,-2.061561575421976,-1.155132749718537,-0.7743703568653114
-0.31957242669969665,0.5073489984378187,1.0011942864489485,0.7497423397845087,0.5879938302290342
-0.4605977021715379,-1.4295736671884536,-0.3951466195048292,-0.29110287706599935,0.08875874026247266
1.0389071139377297,1.4924490620080688,0.6035195517054103,1.6464048086611518,1.7296590635854825
0.4165372788406922,0.247338451323589,-0.035527981698882424,0.8502928392822785,1.0018819148427958
0.8828110906633345,-0.8020727286232834,0.24190202803624178,-0.17012507023611206,0.30586978232607054
0.15368735638970152,0.24913144222617462,-0.019228153596534635,-0.49107064223625685,-0.34377941499234577
-0.6608740632002502,0.4559928678459834,-1.6579003902146676,-1.0255302167171418,-1.9648989630201297
-1.1538603591908805,-1.0665893661354398,0.21115453090097056,-0.25832151310320084,0.04211818549274415
0.4664961916355907,-0.4398185015964392,1.2046953426246452,1.3114780608033207,1.723841482456065
-1.1034425142102964,-0.09682128584984606,1.7707769890797107,2.040223392712595,3.1161727491049405
1.8359725877296964,0.8101995397032253,1.0149298639460143,1.551961889185335,2.0816399156276297
0.2945502997284753,0.6212862081151158,1.4754660850631043,2.4446935043406475,3.8229174188546136
0.7413853254884218,0.43157209071283414,0.24925365719124323,0.08044551962311391,0.15696953191936205
-1.0075443879323105,-0.41254439446472263,0.14272282924038163,0.03544304688709898,-0.6623746696705882
1.2796103355740875,-0.3644491317265428,-0.9816066427963068,-0.2691051260145253,-0.12615453097251011
0.37919662583581165,-0.02629808338747741,1.4169878255233315,0.6639695568282697,0.7011409017546579
-0.20884926383402014,-0.3680913097476405,-0.28249098353655866,-0.4006672998534977,-0.7819152331960759
-0.15768709668957404,-0.13307165675478833,-0.6524173130668368,-0.4331432723830462,-0.6991481817773202
0.5812881846369249,-0.08958594619215993,0.7182142814934879,-0.005818016992026442,0.6845980577951265
0.09877443484606027,-0.5279625567815076,-0.8296626571879704,-0.6980127088577632,-1.305748309434124
0.6314338316775149,0.5709227285660419,-2.897771550260067,-1.945342790525223,-2.321633544894517
-0.8641409911994347,-0.7921725689097092,-0.926647927528851,-0.8579825921537017,-1.8468883469132535
1.4964741849509182,0.23343659979376674,-0.011817495340400164,-0.26470506854432563,-0.5315654898976423
0.026761003181107242,-0.29590794574181767,0.9642704756269488,0.11572550951442401,1.5799273010824444
-1.3841039062433336,-0.787142747941584,0.7351283461836855,0.22463836590621894,0.4539344060575694
0.6504507742646886,-0.07776364124631002,0.4376834706830367,-0.2559234716507581,0.4510530937938605
-0.8871660941121119,-1.9786946028720171,0.5349897827895032,-2.1522994251709213,-2.936655458141357
0.23575498315828813,0.8574393579496759,-1.9524853099838362,-1.6591047842474902,-1.6112166757547208
0.9572428328795736,1.2168224466715936,0.7990783446519528,1.465122728903662,1.6645351836702564
0.8214736849379574,2.393922287387174,-1.1988689133840267,1.727656336935309,3.015327862235534
1.7604589151904384,1.056860753965661,-1.161820890841498,0.3723460658298031,1.3565960829797792
-0.7075774223982164,-2.0723666725214964,-0.31935543447635195,-1.106308177086375,-0.8570189937080563
0.7713792144162358,-0.37674157035198835,-1.487837962607536,-0.4797273253835128,-0.78030455191085
-0.5522874269976722,-0.1474081300831434,0.07898759355897605,0.28427026077242257,0.03269661468529189
0.5510501943764898,0.7663888277320278,-0.9684231962553136,-0.12200785153841831,-0.11838926295498171
0.967096109121417,0.993361724459723,-0.020192123295762032,1.3133922617929015,2.2477542088178657
0.3223416845581775,0.14758620011959375,-1.521774674874083,-1.5601657046211006,-1.641246694886655
0.16095969864123313,0.20858418368992282,-0.38347163261790207,-0.7380613101148978,-1.0003236875357828
-0.15627836741788878,1.0873597205976995,0.5569676707059166,-0.043277085311405505,0.44282350194975895
0.4464313182531403,1.0393943996223274,-1.6684698695532878,-0.034989493205178634,0.6554128578886921
0.6610299549669256,-0.38598319171473194,-1.4942776247015,-0.888402197007829,-1.657272874507523
-0.5080704676700587,-0.6718449115964669,0.7639426588543345,0.5114370144315143,0.04795850008278968
-0.7748265587217276,-0.928893876887962,0.32931489169550304,-0.9893877528603625,-1.1599296205396572
-0.2716660264261948,-0.940362372053727,1.4455901515093257,0.3974837724742628,0.3891134577331195
0.3285267261081783,-0.7104437126366987,0.30554316858448294,-0.6743418792072846,-1.3599467443550437
-0.7205597280061062,-1.053715988952059,1.0654171207150305,-1.389790676767837,-2.7046020722883153
-0.6924395346882932,-1.0608595556337153,0.0413129170078021,-1.6398265208349425,-2.031491198990673
0.4885396637430333,-0.9572366454842978,-0.5965224092826018,0.05295869886588833,-0.45091908195073954
0.6757086039180994,0.6487103197654549,-0.29107224507986273,-0.20179680372470585,0.5503155418106787
1.9773218345527561,0.6440848585713482,-0.679185339200654,-0.5145392396027424,-1.0569560505568738
-0.44040925969259676,-0.33328638727628546,1.1645811140789073,1.9255564347663559,2.7746637885826826
-0.5011846706567633,-0.7061003140134907,-0.7697930826717857,-1.319912087063068,-0.724126645866941
0.2999270286191539,1.0287111441882462,0.20431692221765413,0.468266836514073,0.027636146285851093
0.11126622665925856,-0.5647763753544432,-0.31291540036250304,-2.1344237283501455,-2.790750229157911
0.3196587896340875,-0.28235672868402817,-0.6399770342359552,-1.5566402173432659,-3.2046299952558837
-0.12586836069870982,-0.47159556131732505,0.8882982561251737,1.187895164847165,1.0343551647217961
-0.7937742075403597,-1.5771307984574592,0.602544642402203,0.1826058968448282,0.056069607424028
-0.7185621268899027,-0.4482502867529775,0.6072166397921545,1.446298982160823,2.408953668168019
0.8775194531997804,0.7347747616600824,-1.2659877971544533,-1.4678115794493254,-1.3090594545669316
-1.0504916544352572,0.2741215733654082,0.09018734940048334,-0.07045337972442445,-1.0061567831325688
-2.0042822026085583,-0.3701661382191753,1.2935267516270694,-1.0781236678101285,-1.623656514054518
0.21434819695051202,0.19203165798804922,-0.08080605077397984,0.15514122345195466,-0.20765962178664055
-2.1891155711512784,-1.3990994957608833,1.3829115396340388,0.18989526844875826,0.8887622340380924
0.08754312845363481,0.042423191780063145,0.20262660329278936,0.45898312884868253,1.1451503436025967
1.3615974954756178,0.6785682338525647,-0.4315002057238212,0.5845019660484789,0.5374121239675147
0.9257199710752181,0.4202275323263309,-2.0513213609658947,-2.234824795143761,-2.1280297018769216
0.5101721751435822,-3.255778001504117e-05,-0.7179144289723387,-0.07462104118512225,0.0339956642978764
2.021655586597058,1.0644642265415976,-0.6835052153648276,0.7392656777230118,0.30177211664605674
-2.7706126236567976,-0.4652739373565661,0.8668807876514,0.4824100754096162,0.3309431767064268
-1.2857837824194154,-1.332534800542764,0.7433109289839346,0.7763388383164505,1.5100908422429744
-0.03250998037976509,0.11420276518842432,0.12061871835494412,0.5235132095002257,0.785478937788332
-0.23054590991445217,1.4107922889133273,1.0810543810510245,2.985848464322724,3.0251852945892845
0.005488577572398712,-0.6005581142193454,-0.16681775405902172,-0.1190771239688923,1.1304688759753154
0.7383690166048251,0.2102393918669284,-1.1225435123861445,-1.393343945340821,-2.197620382119885
-1.2837340840217466,0.4373553496359278,1.0183962069856687,0.19555427364952538,-0.2715277897094329
1.5394584717940318,1.3300331124304663,0.2215394294474794,0.38372354928369357,1.5351908754099817
0.6253985013268227,0.39614563142844583,0.12754106047003835,-0.02332033608826556,1.023870258982016
0.5746770448319297,-0.6086228126090125,-1.2531672174734272,-1.0307547122652514,-1.1425131177005419
0.7083058568921436,-0.14148158174532355,0.3700612303501699,0.01923767266538129,-0.8682728755695053
2.1613466195232407,-0.09123577829679941,-1.0865628773773284,-0.7941823748972581,-0.7500875219659587
-1.7536550403310607,-0.6343679978088703,0.3226267160350017,-0.3522124420598435,-0.20232449591430923
0.7146474682975679,-0.18585661208405302,-0.9562049143344513,-0.5805405387681319,-1.2152675667359623
-0.39000633114753613,0.4491097100453818,0.23779904684993686,-0.17059362468283723,0.6299441426591248
2.125448643804094,0.7043030349087022,-0.597909395743061,-0.27211832855284823,-0.5010933113416542
-0.4163771365941021,-0.48526971257349294,-1.0230823448545237,-0.18776305023914064,-0.21273390779366955
-0.5098422908873119,-0.1675172518411949,-0.09631687444144213,0.38540697447915745,0.6091268239149179
-0.6608426824860195,-0.3444579332929075,-0.6638538360228935,0.02113052799372661,0.26360825891055734
1.0736448704096577,-0.46202214610568315,-1.3956210019195079,-1.0355081608929755,-1.6441424439925554
0.5000230878073884,-1.1595017331849555,-0.36586641970420897,-0.49853399301504886,-0.38936541730098795
0.33752752230426036,-0.6684897602108967,0.5725165366173269,0.6923129508533803,0.24983155606912166
0.07500101590239279,-0.717624626874707,-0.6264512819004322,-1.5498341768734036,-1.7547790572698416
0.15123896912842597,-0.3077569225359864,0.22405602885477446,0.21696442735551663,0.19721868186476005
2.731306952859582,0.1501182418302005,-0.07810492894197096,-0.4811940932048301,-0.010761292120543553
0.2463527708689655,0.7718460503937135,-0.1372334288425061,-0.09994754127522404,0.5178005897818614
0.09803098962435447,0.7513022357944271,-0.23070281435783677,0.5416370074957696,0.4175132167754847
-0.9638535877604797,-0.5874085837649431,1.8606825271720484,1.0471935455416932,1.448580179464318
1.7171636603387153,0.5402728883114942,-0.20283184270985277,-0.755023633572087,0.34072988075109867
0.2661119368665788,-0.5606867890927226,-0.15238110297543428,-1.0055488852847922,-1.5994837155771688
2.185097458320576,0.1491672405300174,-0.5045203441979781,0.26434379683729725,-0.5380016501088198
-0.26875462685113183,-0.447264434849849,1.2003390752257908,0.38481572115391643,-0.12798056283179027
0.12808838124124722,0.5193029455527839,1.6414512907069565,1.5127673648469484,1.221644269260421
1.1504486090810153,0.8485440980448672,1.0613637479785576,1.7593377426861156,1.2307326508333194
-0.00435147439879213,-0.030518147717295947,-1.1509029329228597,-0.7945721930144216,-0.42303226298289565
-0.5507781530762429,0.7001811535717894,-1.0011064541134271,-0.8088168636074057,-0.6170172632913971
0.5935938471128329,0.4457172541923161,-0.342733674134767,-0.6648658764005615,-0.9963581078793043
1.5476365432491785,1.4780674544797594,0.2608476694867525,0.8072615485308229,1.1985809784200345
-0.234880456174454,-0.8656965813120658,-0.020556122361015117,-1.260728294220955,-1.1149829621591305
-0.9277719469478872,-0.7876023626500078,1.0303713127131493,0.7395752836083337,1.01798885951604
-2.4388756766190594,-1.0596389595351052,0.8904370615938643,-0.0631238920305442,-0.07705208766925264
-0.40694464030229816,-0.00731612217686084,0.6008234656551518,0.17346347399961065,0.4421030709085385
1.6885358462333846,0.3216570199797292,0.40820955828704186,1.0285793236815086,0.8004381090254661
-0.9285071599919124,0.6204392420008664,2.66228987878056,2.198759771963526,1.2816642081716065
1.5404676916357003,1.4459432273544195,-2.0937336475040897,-0.23623437468099084,-0.46468134432656394
0.21178756665755008,-0.39226084705733627,0.7447913605980794,0.8577479259148489,0.14415997986589624
0.32553745106753584,1.1207703984358526,0.48199588772974244,0.3803990388599927,0.613048941406674
0.5124035678495802,-0.5500966788565771,-0.663766245434104,-0.312994114412403,-0.5642308724507191
1.625099518609448,0.587660085010806,-1.3164301371247684,-0.27612896281646687,-1.5065680393435028
1.7393957519451113,0.7216700051774165,-1.0690156944764129,-0.06204017904408182,0.11875353560168017
0.11102793133779608,-0.37478858040773055,-0.40995076419881105,-0.6608114429929228,-1.4880386662091571
0.7378069936270099,-0.33752212508892737,0.25372667504021407,-0.1661607497199177,-0.6390081508785411
-0.9566747793316062,-0.9930848772823948,-0.7333318417574084,-1.6025646790544794,-2.1710474945149696
0.40007437815035274,0.7479868844938751,0.6120091340122001,1.0728576720196348,0.9923859202554304
1.565971672765884,0.5331291941597507,1.937909438346808,1.5182881035419518,1.19058361064568
-0.27883243157390775,-1.7804840180739951,0.20339310002995087,-1.8512997568037026,-1.1043876082183075
-0.06854521906018382,-0.23444341102655175,1.4566650813343318,0.9178138774716859,0.8675323275531799
0.3041819718172374,1.0263799308939983,0.017307370951263876,-0.453737954194653,-0.9064293231429775
-0.3998547328903122,-1.33910741320488,1.4129934099165071,-0.3246948081870542,-0.0553172289654148
0.9106910470750786,-0.1926878603505331,0.35126791636039517,1.3782114120570892,1.1091958960968573
0.8218198331067142,-1.4103566255398308,-0.22344793784431452,-1.27431237465593,-2.0292260740919907
-1.0264046575733152,-0.729410526172633,0.9727006965798681,1.5932011886689743,0.9743247665277018
-0.11568817409632026,-0.2167041753572474,0.2319845395569535,0.9716061103955975,0.9453114577498283
0.11294480156821472,-0.019143168750496216,-0.178268383702485,-1.1128181654388771,-1.7073640833029686
-0.4971818355414018,0.08588782524243568,-0.09313366767863457,-0.9529241906108034,-1.6997500238150969
0.20216333259433958,-0.49693176106647935,0.10148407814706698,-0.9312304628668828,-2.0889408826660962
-0.5577345810076743,0.8615432534640255,-0.6730973674486583,0.07249099324280187,-0.16248857712164388
-1.234271992594395,-0.006299195470598429,0.38951250969005846,0.34971827397421285,1.830569903911274
0.41084842024051094,1.2336903924921043,-0.5177555467923558,-0.02437346401286855,-0.2964259538960869
-0.3726837167728634,-1.0545259794293869,0.24325776277915107,0.7757359659337519,1.9389255708797801
0.787953912464789,-0.29862206836266214,-1.01201599640781,-0.7553609846423555,-1.4176965512146615
-1.239035418343931,0.16149844187631834,1.0672427592641935,0.9049387358088965,1.0817798940357093
0.5690291412118691,0.36634608429538,-0.3974772833989758,0.8303606618931467,0.051417403138355966
-0.08584353749156151,0.5252532432860829,1.30509254661199,1.3972380450043285,1.9709136556795652
1.0134875534808814,0.09249949097789051,-0.7675200395545786,-1.7545991995349175,-2.349351255048135
0.3877090482598437,0.26617775838353824,-0.6086679084706346,-0.1220651396755803,-0.0912360950554861
-0.2746607376178231,-0.06835561114838416,0.2947157572464406,0.9443365331171523,1.175514847755611
-0.0012160329561590386,-0.6488669161977973,-1.6953976284145098,-0.9803363416530657,-0.6592981776370486
-1.952947887345213,0.2528071861231712,0.7492756913911954,-0.12473863463997004,0.7695955879760281
-1.128323529309123,-1.3192716769060935,1.6071832826531793,0.8831045533615975,1.7123945402342038
-2.189909815749233,-0.5496254716283155,-0.81805157930986,-0.47159757617927656,-0.4515287511318845
0.2587872270198357,-0.4347868396361456,-0.9040512960433242,-2.2840455787079357,-1.9685250818868087
-1.2369469066914287,-0.6871378818204046,0.5824496946068423,0.9100961187861978,1.6728073464419824
-1.0543781585193266,-1.242091105340657,-0.43698522081917296,-0.909827749774289,-0.19807582204159468
-0.5400546403464344,-0.9999105934810777,1.2025870453888874,-0.23460682577130543,-0.9225999373762657
0.30879587492051086,0.7113382128222991,-0.30858604924736377,-0.300933756222306,-0.17429336671757545
-0.12451394442927052,1.061629143823253,-0.931018700305822,0.3414597638291609,1.1287227140424871
0.6412698454133217,0.9299905224376078,-0.009789939253381758,0.13155183422564598,0.026137004186699425
-0.1503227277823266,-1.9065791310450049,0.1652331548302435,0.042696177557357995,0.575311597837516
1.572314775758042,-0.4353954918376858,-0.7830871461455602,-0.7110637828474533,-1.1278597336888583
-1.1095066209686613,-0.843051038092141,-0.04940527406805717,-0.21142367528049322,0.5690526354724744
-1.296217926559512,0.6012354755410348,0.5451256983344462,-0.37579561344487666,-0.007854610402951545
-0.5978054423010593,-0.4472464992958052,-0.9330887197644296,-1.5473294174604237,-2.553303583128998
-1.5006952162532379,-1.5140596917591624,-0.4558029795077449,-2.203277427736825,-2.9161218377865423
-2.4735900902544095,0.048159447744899664,0.3118294364214244,-0.8197013442970617,-0.6341437179283519
-0.4034923751377326,-0.16421760907507008,-1.6495948616160587,-1.1952514084398942,-2.028067194389732
-1.6164201477176137,-0.4665148465990627,-0.3177178809429536,-0.8493910858379221,0.2998944964422976
2.518523669683027,2.0750197802848396,-0.754962535729213,0.06141863132530212,-0.43232763296040816
-0.23265257528326153,-0.7771851008460839,-0.47469741783152664,-0.2881954297576761,-0.028232733780841845
1.1709474957973136,1.4474144243512073,-0.42255454849194163,0.4716591946877723,0.800083892549823
0.7293244531673493,1.3013825740644145,1.182723762449052,0.24861194823688182,0.35568843563313435
-0.017812391024501977,-0.10351891202174034,-0.34439910498597376,-0.6207146098473397,-1.472641917813359
-0.7217342966291427,-0.8217506995027329,0.20681254350450792,-0.45763749736160364,-0.21607982097482337
-1.8039636350467447,-1.355005947260555,1.149554432598958,0.2774481728012062,1.134736732087
1.2609425000948853,0.8165125088408484,-0.46185787707588544,-0.4892276502935028,-0.6785212016617541
0.19763691206200873,0.15110942738608368,0.08720475202580388,-0.2733889229996826,0.1851354154681274
0.6938518041482012,0.9665651522608825,-0.46635337471849314,-0.4237905929916335,-0.2491238628890144
-1.0122589047327653,-0.7265719265791384,0.9050513739369555,0.6971344324178135,0.8097359336110466
-1.1028617525057418,-1.2934220544132653,0.439715217082417,-0.7153229677711392,-0.683597997820053
0.8124495437565509,0.9760399473197797,0.39537134434806787,0.542576962716657,0.6356930425218158
0.39872966723794956,-0.5990779751826785,-1.1221827502350403,-1.584244923592091,-0.7449870900484865
0.8981899033741251,1.5949393027510466,0.4207625438913215,1.8187417521678673,1.701488072641411
0.6338281206442272,0.4539901846147665,-1.2428007304449011,0.4264669128536438,0.4337195348994876
-1.571656610546391,0.10811756398340033,-0.019663162197634032,-0.23509770902045746,-0.2698533916439704
0.8827539300316544,0.2806324853727469,0.44129346741733916,0.12785982830724352,0.09558322879338335
1.0503875054228158,1.120685857587763,0.15193135775428795,0.09851829189068051,0.9776564164200274
-1.2394530202476421,-0.8002563527732092,0.7078382257553852,-0.8489964660235686,0.19472910373382502
2.7387122815254883,2.102163752116055,-0.6920547594450399,0.6579814243634777,0.6613343092466508
2.0386607300852426,0.4578396754586912,-0.8356039001093599,-1.3499924352620751,-2.2455021108357998
-0.5744775825914782,-1.0152104345422357,-0.486313125771102,-1.185487235470905,-0.6679827719838726
-1.689149339967117,-0.5103474435247051,0.4567699462982907,0.8800258136599826,1.8301028411222853
-0.34252794603427994,-0.37571782906694184,-1.575927108952152,-0.874664103758377,-1.2758690644288468
-0.7070469341352107,0.6821915853814287,0.3934902431014747,0.932424920103188,1.39818609896576
0.9569931358403797,0.7293431501519978,-1.2724113390335903,-0.7430237574893269,-0.8130795261457022
-0.42565201896472676,-0.45339511775184266,-0.661177807253875,-1.482853630002166,-1.7610207242743767
-0.4375465097797545,1.1189055646968282,-1.4431217593350656,-0.2639053520113612,-0.4023011004114039
-0.016235086221206126,1.3653328942471128,-1.0527463003208875,0.3653781069504763,1.9348339906185612
1.6250424437065845,1.8953867666160087,-0.6305973309316136,0.6654073915448939,0.42190881448295914
0.7234698831585353,0.19347256097501084,-0.5018459964933362,-1.2868044168822856,-1.0152675222457046
1.221751872297413,0.30486496708026245,-2.001210777617744,-1.7912784055939188,-2.1639541659350567
-0.07940580229696786,-0.05996853316823988,-0.10881032643491366,-0.035901336983913026,-0.3620465949594739
1.9320926175736246,1.1940320370810764,-0.4888551441120844,1.0514951844483744,0.999311411667914
-0.4142445075512594,0.42950567815726254,0.46745989424036555,1.3462341144918804,0.7600532102523279
-0.03433833546735564,1.1790930082491657,1.4083831958308277,2.1304903485822004,2.589949452655567
-1.4578921730822954,-1.064049879038286,0.4035262188341118,1.129389660916973,0.6041557694200012
1.154293074520302,0.7429521572258725,0.8327780732602434,0.7764175115111861,1.2106556404579245
0.10651208752804638,-0.06731461953283949,1.1311125016154786,1.092913539129757,1.786749826604698
-0.5485319305817146,-0.5145187211464839,-0.6220781625285693,-0.7505980712256323,-0.9745266567434083
-0.5217953938771158,-1.9894447635459418,0.0677366041778626,-1.18899884649734,-0.6973004363704607
-0.2538006338299636,-0.3390456021788437,2.7593919657282413,2.7116364736852874,2.6363897743237783
-1.2109386355031113,-2.4637280943228093,0.43435459122229864,-1.1019730949767765,-0.7024721241996347
0.2909560248965389,0.8089202633275416,-0.45823763188044353,0.4926974651587712,1.613925208870509
0.5657717536656163,0.5683741881945095,-0.6324931765855963,0.20057063330917246,0.3580696770363923
-0.9748436244888053,0.3359329374826702,1.0106021818602888,0.3049720671078088,0.9486691912523952
1.350053751787912,2.2313407275902617,0.11865714341504946,1.551128608367641,2.6711207114670543
0.5726464535465645,-0.23172334574113318,0.45546684549440264,0.3101650179314356,1.2360213309763806
-1.9182759075501927,-0.4938400489353349,-0.08159923170299954,0.16801717660324378,-0.1688948015146804
-0.35422339474470244,-0.4648689558402866,-0.022042841799219573,-0.05387251444445135,1.1497779890784399
0.23450159803955997,0.35984530921204033,-1.3384672502867574,-0.6916314216665783,-1.3020120766393142
0.9573597473433765,-0.38125971738151815,-1.9168831698284525,-1.9175452598180154,-1.9499802869566416
0.848144715442963,2.0141630092879574,-1.4047286784789041,0.5528587746814835,0.7048671418301145
1.1815723930175128,0.6682541380650378,0.6541980621790431,1.496016556197398,0.9957964684491641
-0.4081833760043393,0.06278207935163194,-0.7979350545278221,-1.3094073342609216,-0.24260652367965085
0.5498796150002222,0.6264902128450424,-1.0505517064530216,-0.33286830702586206,-0.22622507484985543
-0.769013875587682,-1.5293605586636094,-0.21838979102579978,-1.4500314846608569,-1.8371150690457803
0.07014133026046207,0.6744928106876663,-0.8571996024406467,-0.3038974356862911,0.7328367772236692
1.28820337857574,2.309418736984678,-1.020507723341381,0.19450629122724594,1.1212966385673282
-0.7423646104778693,-0.6719246304276356,-0.5073978863554994,-0.8681287044069855,-0.9853048499981947
-0.6620218934240201,-1.0096515019443828,0.7952241532908273,-0.512220979942498,-0.10954318185991019
0.8493769559386112,-0.05290837432357409,0.7253594738018938,1.6606348873762036,2.3534229880964856
0.4830729738450756,1.7793937294251434,-0.48803945766714774,0.6401449240012058,1.6259080929711605
-0.6926097539326457,-2.682617111707219,1.4807889676397084,-1.2683921078922418,-1.0934583588671059
-0.020246769070829545,0.030900646079955345,-0.4585860107469913,-0.7830183951967484,-0.1878071556031473
-1.3603551640444849,-0.36864314069875737,1.1009608496653223,-0.06890938750415754,1.3656874187890953
-1.6047264325849326,-0.5147936060503336,0.22491550009044647,0.5681795758169688,0.9461892695806449
-0.3591510874525504,-0.312956706490669,0.885458587090622,0.15067087663308298,0.260538843509293
-0.09505679124283765,-0.23196123074714273,-0.2693800762168084,0.06324489721168047,-0.17204412431782207
-1.3900790983547564,0.5457935940762493,1.3790904719277142,1.2779985726619374,2.6467370391656497
-1.059090168987426,-0.5247705492037685,0.4297283171569649,-0.0651397323727731,0.1480925654490588
-1.5598560432955761,-0.5251142991147277,-0.36062794191919884,-1.5863140544579204,-2.2153626652764262
-0.17983828111944192,-0.3159768290657639,-1.0113353759463357,-0.008648304473103274,-0.3769425800439639
-0.3465378338154614,2.039638403264757,-1.4925973556648338,-0.31483818336967895,0.11538860005965601
1.2073336500619687,0.5593599408942878,-1.147064085903194,-1.1496371094388769,-1.1262484240544373
-1.5096179511794567,-0.7214113805641698,-0.3631390700642096,-0.27153587523427236,-1.123255337315394
-0.9056263026896318,0.022900447706613314,-0.19495800740790287,0.4384346848968519,0.28093081221080485
-0.35437874593451013,-0.8581089166361433,0.5196841545071019,-0.05906617550586821,0.5566967214736716
-1.1954204421343642,-0.34145010128024633,0.14449538825391736,0.5577141768722629,0.04714726433890104
0.6489291850206766,-0.09168711987207473,0.6574315860749003,1.0406178231846364,1.8968197388899386
1.4158686889557424,0.6229178363906321,-0.5127556381133852,0.14117089384344308,-0.16810084946049716
0.4147268764352363,0.6141160897943716,-0.09176952498272062,0.08259226555095428,0.3871391338741232
-1.7279424151587068,-0.9687007578567317,-0.6140518576463485,-1.455624842608364,-1.4021861872231915
0.005888422289797239,-0.7446731016494169,0.6808137327007644,1.1813179999627117,1.6509332145919675
-1.0445511626672153,-1.8468450396467184,0.8078011492314243,-1.174768319265311,-1.0412678641817577
0.08316039840524296,0.7337286742665028,-0.712868114832921,-0.7721212697009769,-0.27489236122972194
0.621999450774867,0.3670968294085197,-0.47639004636299154,-0.4450783337509331,-1.5646012501960684
-1.677595613365699,-0.2243317971853218,1.1176307524483335,1.5367534340462201,1.6289654160873366
-0.35562513668030143,0.7990403562690123,0.23138379568683587,1.4863518632391441,1.8989449458557852
-0.48194439850100956,0.6758782657924445,0.3398146244255277,1.121055462042755,0.8276609643332739
0.7320683723978273,0.7693645455899341,-0.4767342977713591,0.6208424482231063,0.31568877143722207
-1.26521746225901,-0.3484960549081873,0.27584376144849976,-0.11287628494287263,-0.2632635468388015
0.8405097059351524,0.9215114894942633,0.2659987944525101,0.5475534908502898,0.6946068981756728
-0.26683466635244596,0.7225672429469513,0.2495479474521578,0.02234040154401673,0.4229951528579819
-0.8233443869652985,-0.66088945350766,0.5040381813422351,0.5251613974934061,0.2594606899082982
-0.47793642610452913,-0.6829695114224842,-0.49675279684512685,-1.8387465426745804,-2.417757976274047
0.4435484978616066,-1.0013676115110883,-0.23776664792511706,-0.6918870698919951,-1.906569030142978
0.424698282008767,0.2666069672846747,-1.0284990091334172,0.07624116755621968,-0.41951596420055415
-1.0946761113812107,-1.5508324771457567,0.5929142782472349,0.2914016132641233,-0.19707019942852383
0.3963923385850375,0.5971299146168543,-0.5112960387627783,0.11025183077212325,0.595492644893695
0.02077996087785923,0.4561107117092193,-0.33828562203816254,-0.2703803146443466,0.7168355401917517
0.8108969890027362,0.021111933869955857,-0.4298526549430519,-0.8777366999525832,0.06315622366707974
1.534884520674165,1.2030590027796129,0.1139286940376808,1.7524051315258018,1.9012246878732193
1.7953774550927692,0.03748480262934195,-1.977992905498378,-2.4228549737327283,-3.3925537185810404
1.3451569864549395,0.6118410702276406,-1.411574776114151,-0.8766817713635547,-1.2982754739159743
-0.5776228030302071,-1.9650138198594334,-0.035406116227237494,-2.2918178964791025,-2.396220508971131
-3.195736282604207,-1.5149920120950688,0.18894613618358358,-0.4027445719827106,-0.3641739997321128
0.5701704794768565,0.6502600733738148,0.9424261241941275,1.6746560471337388,2.182118546493072
0.6558450075758611,-0.2735995538386857,-0.28647361093054635,-0.32183423043517567,-0.13245819467889697
-0.8086312318487971,0.336860824779351,1.2964931066912826,1.2461962624994793,2.290515443213158
-0.9125431101673522,-0.4322671131607064,0.8459540964071532,0.19003197534546018,0.691637893646641
-0.40855009192121,-0.8428231013701408,-0.3013520354010498,-1.2377656287220775,-2.204872149272272
-0.8546270773058189,-0.8603334692600937,1.2722938285568937,1.352296893799643,1.2445495344844093
0.11002224331854286,0.4248222015121205,-0.0986395745508597,0.9578574591450053,0.8225955739075476
0.25410103474954804,0.6096464643590773,0.03300173979439164,1.0588188434822494,1.6106604801054687
-1.2518588513710711,-1.0591766613696543,-0.44477136033050707,-1.1848388342319047,-1.129878465754711
0.8991934525994575,0.4053778400259066,-0.5476435926358296,-0.5605033224467598,-0.733228590801175
-0.5526952285878354,-0.14234271454068997,-0.32782778495373055,-0.4181075566465311,-0.7381833628640184
0.03212728712802902,-0.9662203773014448,-1.1208724177772365,-0.1870663227123719,-0.5790175317147899
-1.5272231766753028,-0.692630795338235,-1.898842813303785,-2.6852527670847057,-3.068163287422709
2.0970272906211798,2.555394894570801,-0.600645838624136,1.1992400219224464,2.02515758509631
0.25651104128462887,0.15464744461632937,1.8112441764507705,0.36271075670409636,-0.6897800589421288
0.9422559646849784,0.10239256127041657,-1.8545749827436797,0.17832396324320188,0.33571281515975904
-0.3444310324815567,-0.7443995867841552,0.5488346432378206,0.5716914810553063,0.8475613764506664
-0.6308961196548195,-0.31444977256879925,1.5714933187894604,0.5068073851316548,0.8279600300195763
-3.3617378640982314,-0.8336959813687931,2.5609468671039313,2.3679078975638754,3.000485875141963
-0.43249778026438435,-0.9239361247138286,1.6670532224307637,0.3862476793024936,0.4853233950079733
-0.7453493379359603,1.3082767008863376,1.5549238549404245,2.7011871583521625,2.971277204464331
0.06336158404125658,-0.7176106580595172,0.5693602358097505,-0.02182017833459922,0.095378733602056
0.04985358078914543,1.0907692882635194,-0.5511488959636494,1.7809806442243676,2.1530596150244112
1.4253140749384599,1.9904094008448148,-0.7814978268003854,1.710396506582463,1.9171320310176954
0.25737890815206577,0.4639195595724539,0.6968619350502241,0.739743579785901,0.001530383575338412
-0.1838034152316118,-0.00953924990788925,-0.6214442408852401,-0.7310732523452702,-0.6885381281286924
-1.2412661801785396,-0.6788544560302815,-1.5497146064102028,-1.6553714653057678,-2.501190671140737
0.1483316760983377,-0.0008321420898532578,-0.3811074535125771,-0.893319491085866,-2.1060162890485525
-0.5520361955307489,-1.1945631425410868,-0.26160197900085036,-0.7027775177130462,-2.3064685499042996
0.32094194653369396,0.28114853862906036,-0.59992875155369,-0.6606541941268682,-0.5370611308585364
1.0992162256763351,1.3187956869400752,-0.21524467907344508,0.3739189442042208,-0.3156449956518428
0.47759347495347504,-0.4122097974119155,0.005804788782968556,-1.17103024967272,-1.3897317649557392
1.7020995273501656,0.05630846010491697,-1.0743005278830806,-0.44217531217498746,-0.9707146602136079
-0.2566153317810847,0.23982226350541994,1.543815147801554,1.8882532646237413,2.0531396909079813
0.9406815023843397,-0.2511689076897729,-0.7487557727373396,-0.15316421397803126,0.11622151925888535
-0.7512907408332424,-0.355528302978771,0.07513121013945678,-1.0983576141519824,-0.8331075041830909
0.2760816318212342,-0.23935997977167636,-1.497250001801967,-1.210050652313117,-1.1910506044870952
0.4616603373350167,-0.33573275776431166,1.5456710193654017,1.0217762321731576,0.7794827848531021
0.8748831127124734,-0.4487977960125906,-1.0776173189579812,-1.191748249578828,-1.406405110276084
-1.341776426779617,-0.48499260984267134,1.8467404952543507,0.5687431914616999,-0.356958849241668
-0.00475135290302405,0.17842155931279782,0.4763622168506232,-0.297866678860884,-0.7159353219774995
2.362249993011453,1.335083779159335,0.1024368013981336,1.6783388483268618,2.2370908556886
2.1039726947110404,1.5735380751233876,1.8917797289280327,1.3390250267588388,1.343968663953883
-0.8563487669708215,0.8608134281819877,-0.6294024274749374,0.08373679864549191,-0.8235583009232901
1.543484982385129,1.561028885902163,-0.027759699290742346,1.8074745778678212,2.4182340075932607
-0.2866514646208229,-0.2498794138346495,1.1945545153930346,1.0140615469933372,2.0762546875772223
0.6026647693670258,0.7042663653890051,-2.2314759287193793,-1.7849067470778162,-1.971379086407635
-2.564733830887277,-1.363361410890783,1.8910249104630013,0.399773551051126,-0.23557760855672583
-1.3834400206897168,-0.23931413647535693,-0.7757096666937104,0.13665745323278666,0.645430891888239
-0.040568925406087586,0.43394480464749835,-0.02324761543952765,0.9919990101964882,1.1635789762065702
-1.2137599880596521,-0.7794706109537238,0.11407236348468414,-0.862531674058559,-1.064840900280934
-0.38722776665138514,-0.4135938410701163,-0.19128331598617326,-0.815300180306485,-0.6167042269525773
-0.9739451140159405,-1.037937553439733,-0.3723886413130676,-1.1257726645728807,-1.335295578619084
0.283689448331397,1.1310416934231942,-2.478290534786055,-1.5969260885612993,-1.29531432868548
0.6246294515379006,0.9508499274154958,-0.8903550429119517,-1.037913162090144,-1.4903673181169057
-0.9430943719561253,-0.7915480107071449,-0.7506958545763505,-2.2712062578792205,-2.7865135193794908
-0.4301457246014594,-0.18934821523281373,0.6031082402888494,0.8217318131360783,0.777241057179125
0.36470277266498163,0.3199062898872835,-0.6392266309496777,-1.0938607943319936,-1.3075132225567476
-0.10213038850992459,-1.1489573214132114,-0.2183098844079724,-1.4881773422006068,-1.590668795696614
0.16838435645596686,0.7880656119071646,0.22396316490432072,0.6250286088452485,0.34689478781933175
0.4303592937146574,-0.9887686141455679,-0.34031454683946477,-0.7958439054292165,-1.588693733976342
-0.08934727987799176,-0.5401043479270885,-0.13759588461964206,-0.8900092833359396,-0.892810253426539
0.33648470120715945,1.0536676679398949,-0.9196801974826332,1.0535839854102511,0.5691027932192242
-0.8751408237374022,-0.4491874528665548,1.0423751605470386,-0.2551148415064678,-0.5843922929810454
1.4454840735067502,0.15236387027415355,-1.155750601525844,0.13985771341401854,0.04540575362607739
0.2830053103733865,0.6679914083097515,0.24318430373372835,0.49885873330416586,0.6976639557887544
1.4912904924096948,0.6381233021940335,-0.8922024257762335,-0.17839126871366756,1.3253313683437202
0.4876057487458378,1.233606342178108,-0.5920026786023957,-0.003679840243979715,-1.0750865285025204
0.32207340989605004,1.4363200863330923,0.982995063483219,1.3603139929352048,2.2245544181485446
-0.4698627765984286,-1.9370646662313853,0.7575327046881838,-2.163785714355585,-2.0995366878557586
0.8601446249778774,0.6916969233152965,-0.2081179529934451,0.5865247781312681,0.57880029424114
0.7134636699068727,0.48579428954662424,-0.5298186887215364,-0.21839273059351794,-1.3382830138017265
-0.34618381103587115,-0.8167863821419432,0.3133355024202529,-0.3785345532081251,0.4340162211175897
-1.5819442015118954,-1.2543460456335844,0.4245122198004689,-1.1742152767632716,-2.022164860070702
-0.07630866691892652,0.7715429134865073,0.7135895929716098,0.7041864006502112,0.44538735526346973
0.1848549756398687,0.43398710154643083,0.18690935149437343,1.664788794315493,2.598011994836238
0.20071249943078687,0.08889226611156022,-0.9815857554108859,-0.7830226886715204,-1.0300281651652166
0.14251413043213948,0.42333335010396655,-0.6899925099193288,-0.8630810116910939,-0.912421832811873
0.5511351837095696,1.1425895964620025,0.5381317515656041,0.6496606200862408,1.3187396808614988
-1.135087130750936,-1.982511331964123,0.20414498265536365,-0.8823368002605981,-1.4024887726757556
0.6810084753067784,1.3046866385057376,1.0850462157794423,1.1997438628715342,1.6858940351275011
0.2671588447579854,0.7335401710628386,0.27020537812462797,0.451962948277858,1.5925221863557097
-0.5026690810603386,0.6347684389696386,1.291453089302795,0.4823522668495558,0.6021412661270774
-0.7169304136546163,-0.4819216705325857,-1.2711869543733931,-1.6661785875042259,-2.12044978904108
-2.9655450860574035,-2.32904375493805,1.0060586360884256,-0.17353354403797316,-0.38099820060113754
0.6913189272365771,0.7468501290707499,-1.121444671119315,-0.8066771706832849,-1.3562354614429748
0.29787546806503296,-0.9843342512338378,-1.1849153627678377,-0.3259722785486101,-0.17171929586239157
-0.7002449636884102,-0.6492793311547216,-0.04219814942591979,-0.7966831908772192,-0.6212827013939863
0.3815089199629504,0.2934852216455551,0.5562548734715544,1.4074427265624703,1.2269349695198557
0.9643979536398712,0.7990589334878482,-1.0480262712724457,-0.5390617451002091,-0.41500140206023717
-1.543141954691113,-0.45717575984517056,1.6080903832547224,0.7376244673220509,0.5331756833004873
-0.07088153330569166,-0.1875629939776745,0.007894919694599755,0.914500189165337,2.0195574637161693
-0.2829581063592919,0.12286204286043231,-0.6942602625115718,-0.4053714046508515,-1.8610315749394775
-2.0862133070411617,-0.9688384177102712,0.04201231906376879,-0.3393062868427088,-0.0541351382561136
0.6999849173160307,0.024645863507335164,0.6358103838180228,0.8861625163022758,0.6616102080587032
0.3888782317177874,0.6758493221803921,-0.8517550509794567,-0.06122588286685379,-0.8905556402636384
0.2850309915861832,0.05745863452881464,-1.1697388492706362,-1.3651086956073526,-1.1321568136085558
1.302377743488689,-0.21144534193827136,-0.7292840376391231,-0.3668132205140634,-0.7892463766089063
1.7141908852900806e-05,-1.1045368991997773,0.08207321340041113,-1.4717334941324656,-2.631573182097904
-0.07843363607198314,0.45326586931162666,0.6043631243975848,1.3838575973613003,1.8776167537332737
-1.139048127467568,-0.8740171430024698,1.726198852467986,1.5323644493013813,1.8265931160976951
-1.717419156119517,-0.4413968194405102,0.5358034757469833,-0.26077961807442646,0.2035470661514302
-1.6024157419481382,-0.9803340531637078,0.6154930923682763,-0.143883380707244,0.6276554798450509
-0.2606403689221347,-0.39526219518927436,1.2211794356192267,0.5138641027226253,0.34523596408339147
0.07306017075443838,-0.24294648600389707,0.219750022746999,-0.14327351852458384,0.37318438625486355
-1.0817452127126717,-0.3953432749261644,0.8944738412636015,-0.20051259587367914,-0.8741458401640075
0.42868389040424276,-0.13543841624244704,-0.30488268896176796,-1.2540759508570667,-0.7794452950677804
-1.9301028045213044,-1.463215768524256,0.3138867950806434,-0.5436229200024337,0.5751676083972191
-1.9482421675828596,-1.1788870448870954,-1.2733083742354478,-1.8863984163537775,-2.2965593072636277
0.8285956779679806,-0.6736038596997588,-0.28303825582450093,1.0231926145159715,1.8654489794169566
2.5830685093362566,0.11925812082850706,-1.0753301506641386,-1.8502156520426012,-2.368736284395351
-1.270076154772094,-0.4349491632972424,2.0802739816229243,0.33329577055105575,0.7496365885533501
-0.5728376662101897,-1.1562115770929637,0.8272501604918904,0.8632599903323465,1.550845985531094
-0.13065979627635146,-0.1262000778533649,-0.1750696417114079,-0.8552042227745907,-0.9269771421725368
0.424006946474135,1.1286352611502495,0.45890325982542424,1.0413715983781788,1.2040825438175746
0.47023195681133917,-0.023282709624838055,-0.011565322451916576,0.9182455759029765,0.6877591913971208
-0.07890566466617224,-0.46887961388774513,0.8236313913317198,0.41576556426578987,0.25698342728562074
0.8326091501494948,-0.04558246239096425,1.056490074017546,1.3277561720225413,1.2818001022562804
-1.2825620673099511,-0.4343281983066738,-0.12165100536149026,0.07196818994560039,0.9640600943758095
-0.5080416765886242,0.8807937816452394,0.02829514244235344,1.5806294838802062,2.192630794101764
-1.3963022994592784,-0.09529174227187909,0.5745481985021409,0.5646151266410087,0.07227181435192043
-0.6208615901650366,-0.16357778378387058,0.04549228194953553,1.1265617616068602,1.8000830623554422
1.4293461827223022,0.3447053631233705,-1.5136587246965112,-0.9639169061777985,-0.6069468442694539
-1.0661809721572475,0.09335426198982044,1.7710308378736197,1.4823521318459383,1.465464010176379
2.3907133601404063,0.8867965674802243,0.02397929574635338,0.3237524812988482,0.17784893917761666
-0.269144737805106,-0.35744139482271053,-0.6773555265695725,-0.49716907517286685,0.24466013599296876
2.702171302118956,0.8644753931399078,0.17032830796217235,1.2387937128665096,1.8489737743900405
0.04248835708627013,-0.5693575748119126,0.46680696452136805,-0.7629825344222194,-0.2816328522346663
-0.20225564911246158,-1.073699535787439,0.39365204412066357,0.05506313926331907,-0.26234169571220484
1.570751222104498,1.5959491226383573,-0.4625524200010888,1.3738481544250534,1.6984868074538049
0.3560133871267782,0.5335327045410954,1.3296012866491138,2.5458341040791375,4.203515589100281
2.4457871166988836,1.2490816321238454,-1.093979260425503,-0.2921474161914268,-0.20318889214807362
0.34619115334473427,0.30484596469706826,-0.3021312483683388,0.6040514521801323,0.2723734022095089
1.580320504824436,1.4184935963385503,0.030518572955457235,0.6654796687005999,1.3495948442701997
0.36027202356633614,-0.8682821946132768,0.14654770576426424,-0.7969224061666882,-1.3627418047370092
0.6681822926838968,0.35585423787665393,-1.1621920134246042,-1.2635110445500062,-1.3767120766570766
-1.4268884162916382,-1.673114150135337,0.6949039969236668,-0.4677851123393595,-1.9019458462282963
0.49473199460671285,0.5716260513451453,0.023903024712654514,-0.13264620366182484,-1.6659533725114328
1.345630855982463,1.1423793713224064,0.269779956647321,0.6425725934991597,0.7721856266858594
0.0649211118097517,-0.25750891500788253,0.2909258506900971,0.5901079362311389,0.6329876906301418
1.1445515468371812,0.08429252287839861,-0.9897912549308061,-0.5916477394377989,-1.174292525037167
0.7746902151180173,1.3086040095978628,0.24035098697238239,0.023218020625748736,0.59436569334581
-2.5390751977152166,-0.9507594258842917,0.10393866080304504,0.057871638837416306,-1.0135970783995494
-0.08235589834780246,-0.907907776066205,-0.70347351080122,-1.2422790749013983,-0.8045526099300454
0.6878023531615957,0.44166232733129324,-0.28428693605274014,1.155852618628579,0.6302546125250286
-1.3732705988676082,-1.1287766399534733,0.7678965503998211,-0.4873508456816303,0.4860750237105994
-0.818383079366577,-2.2682938105917034,-0.22950865601015402,-1.3769363410707673,-1.4172684849730468
-0.3711812292866229,0.1687034675833624,-1.0517907317858297,-1.0852857240696543,-1.5323602918887642
-1.202805043009817,-0.06171369149226291,0.9531476891911386,-0.6215583278446344,-1.60221090242264
-0.9196989471984481,-0.4191563425242841,0.7455919547945214,0.5401657013522583,0.23031471564087558
-0.1304010850941804,-0.9409364181239223,0.3844218655144023,-0.8292589505412662,-1.1382700019992795
-1.7244299606250064,-1.4147274720005767,-0.6328091968810011,-0.992771488932459,-1.124483124932786
1.971559638551207,3.367178086182437,-1.0120193335846448,1.0726508009601037,1.3529951141385768
0.19097448193336375,1.0135344288824377,-0.46636878518977287,-0.3568916722283629,-0.9535701896146052
-0.1539303864291749,-0.07578062804499568,-1.2797995370213258,-1.4823767384264799,-1.0507203055366532
1.2372085475114185,0.019814762563688415,-0.2549181261567779,0.04382188959509811,-0.4454138705241519
1.9674975296261161,0.8163961774467763,-0.43335874088275494,1.3854094103662997,1.2932585651702801
0.8122630850662043,-0.18728344697914356,0.7083702579160863,0.2993815856314697,0.42834983057488885
2.069809084943838,1.2865235124144418,-0.10330902897109606,1.088956580426419,1.1707474483052511
-0.23255506136875034,-0.0011435670207279452,0.4723313510134133,0.5341807113565199,-0.1419522359565294
-0.3263667376851822,-0.38790641402686077,1.7427666439549083,1.50981791911139,1.0854615786939088
0.28350906441798035,-0.24500758238547424,-0.6927273000474095,-2.207817577951479,-1.880105347345149
0.6451392750699655,0.6120414371947471,0.6388544977729478,2.0957371756096395,2.9748183684023157
1.0097286725333232,-0.48559002860001765,-1.724623276949803,-0.8533497764329379,-1.1392046027603255
0.12585091029409765,0.5305305672315364,-0.6006508192238467,-1.4222126783068234,-1.1853808367179486
-1.3871496885666306,-1.7826919011255389,-0.4382245485770495,-1.9111034633382293,-2.289185193059148
-1.3305174042532846,-0.9848421378421748,0.11429169492278618,-0.6232183787582719,-0.9663925253483767
-0.3504016487537093,0.6158213462777519,-0.293038753469117,-0.5300553192639634,-0.27719942004908193
0.2866633300478282,0.9316981975050429,0.8885080033680332,2.5950594500911697,2.820096495536149
-1.5544705466168156,-1.4293871248168395,0.23893679225577732,-1.110489169840066,-1.0441648846702147
0.7036338418446904,1.1829461952144142,-1.175802443761406,-0.36947248897176177,-1.2845310454969798
0.12884247010243133,-0.20832980556156133,-0.09214712483903012,0.004232556411420313,-1.155529377181572
0.9939671547507859,0.6320493596908147,-0.5382293224413056,-0.7330984245123212,-1.678788239605225
-0.8253778916016035,-0.8636386986932894,2.1114806199019505,1.8451509850284842,1.4169054810145807
1.5138796898034197,-0.10666649321326416,-0.09852234298137003,-0.3581760762506171,-0.9836068691204257
-0.9843738883540589,-0.7034104258975523,-0.8517694305130452,0.34862500694525855,1.1633164791115111
-1.800142022575544,-1.1535234521217206,0.7280370709492735,-0.6433869450989833,-0.8535989573744184
0.7121284836108983,-0.07844557767882893,-0.4153404166759426,-1.4857270832658152,-2.615504748470677
-0.7657895802408348,-0.8159579544783779,0.12441662242918013,0.27982476885310537,1.2259446553794207
-0.5198622500767603,-0.886062631622863,0.1924876132639925,0.3071178434256205,0.9239499585036752
0.03785313957501937,0.4308639405641601,1.1568718887170015,-0.4527381160667945,0.17315388224411787
1.0694996524291287,0.9955108574841143,-0.912046565081092,-0.16968723434395588,0.06779112194629291
0.46351153476662477,0.8656989361537014,1.2124131170597812,2.741618147183991,3.0899047483002477
2.4291966682821142,1.077576139521862,-0.19516386633611782,0.24461605496942113,0.19664663846829472
-0.22611273678776805,-0.4851606377537353,0.9452510339011065,-0.1438739121183224,0.3738077091349151
0.8151128910353042,1.2941252424844167,-1.1090639576895913,0.5293272930904809,0.1196508345760604
0.11345506279684958,0.553778686373886,-0.30718039766757554,1.7008555549539703,2.956579940130531
-0.7849889015600385,-0.8526729096258052,0.4887736046632458,0.08136398313100324,0.9116687168082662
-0.5288463968003531,0.12078968348527902,0.7713673169547464,1.7251961548225903,3.871527832895011
0.783518522564542,1.0962692229742421,-0.1865541969253746,1.5070240911881954,1.9177518623169412
0.04980950301507093,1.1313097433815942,0.9539210651760229,1.0298275590415373,1.135957021926754
2.1032091994815554,0.63354265553154,0.11665055219010256,0.4847477601885498,0.4535157985774464
0.3603093912759588,-1.1514206491425365,-0.18759747184101633,-0.8433858930200858,-1.4444878508489847
0.03355569805143408,0.727395567375881,-0.10356517477642702,0.5387331979413348,0.342038362304155
1.2014552053659093,0.9221973556256573,0.8326218479700856,2.331554642226305,3.3370763077965737
-1.0515223747567537,-0.9520743301572623,-0.5007054737274593,-0.5623808758873141,0.28370071423265286
0.47455920702451054,-0.7413645716387058,0.33864353017566673,0.35653081365340156,-0.026699478275745814
1.50620489461881,-0.1481452505421128,-0.9032369071964934,-0.9796098890267955,-0.6630208011206413
1.071211984685212,0.4147791532394627,-0.5385781554041427,-0.4069886620497614,0.34461104981228574
0.06799827902825947,-0.3641449584465559,-0.9728780569812927,-1.1620462653328878,-1.58998916331488
-0.38655027513603185,0.10724718123075447,0.01666990289137099,0.4055560522579138,0.8345603684131329
1.5679966913271424,0.9777428075884923,-0.8683622396159119,-0.5945224323534296,-1.2234655209395777
0.3174716478340273,0.41150920529916246,-0.21517062847739385,-0.4663349620686874,-1.0997591039684118
-0.11182204153728348,-0.0721046104440282,-0.052185640315559605,-0.8356697209563753,-1.8462360477758577
-0.16573508141501297,0.10115403690516764,1.2776394852649298,0.47623052931584875,1.0916843203075284
0.0704000261330391,0.5517841311643735,-1.7344350612944768,-1.2374099798567495,-1.4384394563491703
-0.22473324895188,0.11008721084621138,-0.5305315941945645,0.7680768881162823,1.3883240609990617
-1.605582491457512,-0.6467467886911523,1.8758520453421088,0.09798956101867917,-0.5633854189793345
0.11454263802495795,0.11732608598120584,-0.40732072780120565,-0.1959064219317406,0.1886025716611607
0.2106762667334489,-0.6260551429110326,-0.16310755570859936,-0.07661653082775582,-0.3053422966541367
1.2012059581263481,1.2056514036931847,1.106974231157382,1.8260573698983398,2.427151230031046
1.9318552093434656,0.2492726118019728,-1.5841560939417967,-1.0829175405734497,-1.0778883487066595
0.17680944592304715,0.6239978859530233,-0.09492167011513666,-0.6753125254476249,-0.583127618652997
-0.411208854108223,0.0436571531693771,0.518962961878731,0.06022403835571033,0.048745785330466536
0.13554709937263135,-0.9636507551834121,-0.7768498047574965,-1.1337560513368161,-1.0935426539125848
-1.3687782190397042,0.15100950741245822,0.7582667247779123,0.20332933393483005,0.9952598116180823
0.8661976552855694,-0.31536352387071037,0.558461891983677,0.03580889709463744,-0.06642015736877846
-0.2714139569513618,-0.31783089321755964,-0.016399512346964698,-0.8198435584462088,-0.6981860856438922
1.0354078790122445,-0.3091537691057451,-0.18736929760564208,0.49657239025023575,1.0018813602567405
-0.14527674336226487,-0.5918617605042398,0.2256896845484075,0.2957654056479273,0.02720892305849054
-0.03140353599735735,-0.02827487365912039,-0.7167587234579356,-0.17080726760433074,-0.14418978348875788
-0.08086895045757271,0.7704127071384829,-0.9126888642597634,-0.6450424084029474,-0.4747120740390132
0.9945290757599614,0.35750236793539497,-1.1783503465203358,-0.409839142672769,0.47498593733732963
-1.4249625192238742,-1.1182964727329114,0.2624892568027629,-0.9177709445570036,-0.7443202220457386
-1.135205665512577,-0.776611137945765,0.8908342993061529,-0.24002279621644085,0.5597193431658409
-0.04965903336066017,0.4202142692133708,0.7623310614404658,0.16422335206524252,0.6815623291213389
-0.53317625453658,0.8088915133741168,1.4109855522726682,1.386324142558472,1.8982155791391746
-1.772416892146596,-0.11654982848961681,0.10547498842589192,0.10585382608162941,0.011370647586522828
0.5517356569188188,1.1967321264713582,-1.132432091454408,0.3389055444237058,-0.8077274132115573
-0.9134787763847905,-0.23436909288761884,0.645973543986484,1.4504617866657625,2.1037793793485844
0.6089996969369217,0.25071743002423946,-2.2026205818592155,-2.099303202179355,-1.8056212789998212
-1.2961918825619028,-0.034911070286022916,0.3803974529108149,-0.34443029366480465,-1.2664866617091393
-1.0370896901659044,-0.9558615784993689,-0.6857713355761276,-2.0521308500639805,-2.405800937805506
-1.384582648141351,-1.860285759315337,0.80869374378996,0.45468680052162513,1.385831157722134
-0.08560383861313622,-0.858225632892196,-0.31203405022439906,-0.8180796668489051,-1.233414492152058
-0.8236032960905609,0.18569403399197176,1.4455384882386961,1.6877089748724257,1.8234613634431174
0.33185340736925595,1.3486844868006176,0.7095352934087891,2.094660226406821,2.503100587404325
-0.56610636037163,-0.25423447726537624,-0.010445390134239702,0.22538185623393633,0.2127893219185368
-0.6768810261658952,-0.13951695626147323,-1.0435208524521553,-0.6052710055799269,-1.202295720955647
1.3599688622004151,0.941289672225381,-0.04794089873920693,-0.2623837013011331,0.5291995879606213
-0.8050827228237937,-0.8017938600141903,-0.12379747654797399,0.23231718877290908,0.2310403744780428
-0.19030156661005884,-0.3962009235524258,-0.20414956855303484,-0.9923272728843804,0.17664955288134165
-0.09536241612853522,0.34072630155654265,0.5819916491079296,0.8275884659424809,1.1355570314414327
-0.13443441218853544,0.04331106278476607,1.2807033431899162,1.6433762911442336,1.856310992058749
1.1223445022728582,0.5723948246217856,-0.447436096350472,0.472776999947706,1.4621968824152738
0.09834936357382595,0.3291815784115949,0.11956845415582301,-0.018920463069263538,-0.17199663015063502
0.3148821121840167,0.3151780477304945,-0.09304714805303842,0.3207688918872497,0.4760801319207462
0.7743189605664912,1.6149691048864387,-0.547615170745819,1.2041141951638614,2.2468722984638756
-2.3504391487738245,-1.12482047385454,-0.3769220715302902,-1.5611567862747275,-2.2289142651992897
0.11766869900037447,-0.3051429772943791,-0.18989311971311523,-0.4950332547134073,0.2768247498433065
0.4381129084218774,0.30496624386851506,-0.3044757289900496,-0.13742340119353588,-0.2907429968433125
0.097334080466585,-0.6851539801589007,0.16314087301713934,-0.7851096201378273,0.1284855004461668
0.8096815478134387,0.8720432392554092,-0.35035330080622357,0.782152167252676,1.7105958116438553
1.064138937939276,0.22584450486057966,0.06732113959298147,-0.25311095122996946,-0.36938871556819036
-0.11424872212959916,-0.45457848790417815,-0.028952907561063557,0.1573616237116089,-0.11617054535809254
0.7949599597852582,0.2339908220073528,-0.6528677501556375,-0.7542299966192465,-1.1162661296520555
-0.3101711184042525,-0.17701767549275124,0.1397684268106099,0.7317546219526595,1.0689449063730434
-1.6260338754128374,-0.9839336971631293,1.033775085860686,0.06882818774329588,-2.150046393922841
-1.497168740738158,-1.474457812880721,0.6506031761032913,0.040093235255994175,-0.6052652775319232
-0.8447439489157941,0.6983108090736776,0.06697013936577184,0.9283073980962306,0.17531113961402367
-1.9823659793739572,-1.514418051431195,-1.5442070823713907,-2.0475563234412033,-3.053580355262158
-0.7633548865919578,1.1002017112001694,1.2564260884877982,2.579142255053854,3.8187432475676397
1.6046950041360468,1.503994174348294,-0.7670054320155062,-0.09319154994313367,-0.28960226992055915
-0.4067547508852234,0.90238718829472,1.0840186867098038,2.3640178744989253,3.4587716018669616
-1.1072997521752574,0.5603081667949572,0.49478343049959184,-0.055804266481341736,-0.41000018535829064
0.7191379535474213,-0.6732340103090453,-0.7746995344488634,-0.8172698728900246,-0.7279562010105456
-0.9250820697973932,-0.19747822439473978,-0.40347786687955345,-0.7189390454307936,-0.9267676229660531
0.39300350597459216,1.84500798304441,0.5765951409033905,1.8358377790353233,2.11461627224078
-0.3464478753598333,0.6323407364903606,-0.4864868891371953,-0.8863052955802599,-1.6368475930766857
-0.6230680916642041,-0.8305240807882113,-1.1032549143742871,-0.9607261565763432,0.095528722370255
-0.02994926003468876,-1.2150245710939975,0.3831595943925459,0.05190926932203527,0.41498499399657784
0.8932575558253323,0.3980023722434139,-0.4309626819853649,1.5482549636202847,1.6916776586366715
-0.1693233063117391,-0.48498982021146014,-0.5878164616134848,-1.4346314395044244,-0.9100514517855063
-0.2607231423646822,-1.2927371192215162,1.0001904536803017,-0.02141232213453218,0.2650428364375149
1.6753138607405038,0.8452961259369052,-1.1127578199357742,-0.04816966454958527,0.7213352097130631
0.22225791331135136,0.5396505605250335,-0.11396679269755439,0.5240690637575784,0.179290790635672
-0.08393533151308623,-0.04956139297859456,-0.11671575633660147,0.19240617412601452,0.4402353560942579
-1.534824780192957,0.05097514882818799,-0.5940022145763882,0.7591694375811185,1.0790833532145365
0.3679323233250345,0.3826725871306035,0.020361559296875748,-0.32077342095500017,-0.266375919276045
0.7227771648968654,1.4804561942586956,-1.9556478474054437,-0.5268272881296429,-0.7363634019494034
-1.655553687991456,-0.70058666340137,0.5529543082767087,-0.9320808036938903,-1.4997174269960087
-0.4135349413671207,-0.056809176879193846,0.5430702634207358,0.21660513990931324,0.24946905269741224
1.051210126853971,1.2160273920188656,0.8987072164958354,1.8537346349688593,2.688342437437055
-0.8579577116887104,-1.3079814801537488,0.02181712860640772,-0.2733081136783081,-1.0349887695891955
-0.5353349364131837,-0.9895989895955717,0.6330467164124919,0.493597881474378,-0.41295333449666427
-0.2651438852600299,0.6160767569681814,1.008903894086466,1.1001944118884872,1.6320326009995267
1.405000153900268,1.0534270280126499,-1.346548373531998,0.30440355366923866,1.2444897338728658
-1.2555286153077692,-1.0295419693101049,0.27353531622003213,0.00892785703071658,-0.8386232862904517
-1.1772455472646588,-1.0566412357429171,0.6135428572419833,-0.5102464803876683,-0.637481802927849
0.9156950427657511,0.5886619530771571,-1.1946421845979036,0.12494799662725498,0.7732188710185823
-0.6794078948078571,-0.2890828327441213,-1.1553248960817344,-1.9339171755662563,-3.141071672153959
-0.14885195183995137,-0.2733993797378731,-0.41173847572234884,-0.14108569652695752,0.21754545479328036
2.4548993586378605,0.7135759142519472,0.03514049130700725,0.6444256392093181,1.644500301969697
-0.04152028970728102,0.9831123094999232,-0.3830641634376908,-0.4543561892702359,-0.9380340353918295
-1.7269970644955577,-1.7614435421468206,1.324840880302315,0.060108901754745966,1.1536964063208532
-0.5772269717540139,-1.0867421768892145,-0.2853951185709471,-1.4746177650718575,-0.8692971448923562
-0.17835048683379978,-0.47327199247900653,0.036553663981944914,0.25356118427463376,0.7058620074506721
1.153053183770794,0.5708324887046159,-0.3980539891570951,0.3453912966028563,0.16318363850791656
0.6997517934428956,0.5529679312029556,-0.14554432735511852,-0.06648912076886404,0.2868850026048398
0.6071043327016391,1.3842301571502102,0.6976157881088939,1.8599194690040957,4.122213437593845
1.1272484444158828,1.076032507726005,2.8780464671719295,1.9587589960933909,1.8676589984155263
0.11065737978316728,-2.610285900416645,0.4624637754454147,-1.8811388310463306,-1.8313677420635952
0.9327351793214871,1.4162569660253825,0.26938052439247573,1.4838160701837222,2.5684225425968643
0.9306637403636561,0.16624428972041738,-0.31846473027128275,-0.33582782802096245,-0.3114653688073058
0.43174176301963246,0.05722069640439437,0.006084590004517609,0.7176622940588397,0.2342776032856847
0.30354360830749655,-1.0356993718638439,-0.14435621297529774,-1.3657546966500194,-2.1456106970106115
1.5635057436922601,1.5029324241410023,-0.873637505357608,-0.1482378243131739,0.3459424545666937
0.6185096865055287,-0.491207129981686,0.6934161492426161,0.13581315190645854,-0.06934873054023516
-0.9047007021048146,0.1846622104959854,0.43063142961750733,0.07908650519066657,-0.45681576065432616
0.694310297992071,-1.1242766337163537,0.6657883101551764,-0.7901782870858886,-2.023549217650382
0.9995689364590974,2.031335242088015,1.116306250596843,2.5862450843905154,4.239766473674684
-0.5912289900745198,-0.3058909964059046,0.3596960053000813,0.13197251959276451,0.8457933201128585
-1.1537446266783153,-0.3011716831723363,0.6003206192640131,-0.11229888726664161,0.898455457005084
0.7773042764926901,0.48737667912788274,0.10476566936776732,0.5531920245098616,1.8831954739059258
-0.0849644528632666,-0.7936199322284591,-0.5582175281117567,-1.326505849312192,-1.017219503151226
-0.30353329884979247,0.2965065800015918,1.3698569930119786,0.8061279720828115,1.175145720854422
-0.4723110312513674,-0.6535987960168049,0.18736365072120903,-0.9151611067315515,-1.5477386960697301
0.49906307937660876,-0.35909434533007173,-0.1419558647147892,0.11674242586249878,-0.7050966047012226
-0.3028293717366652,0.1202926069195486,1.9529608151338456,1.5372292642382464,1.5634728903053277
0.014541901012414123,0.529583528292486,1.5901981215169265,1.8323371548967655,1.9122726629250897
0.21489943020590346,1.213397271176531,1.72697868861254,2.034862485998204,2.5731179449643626
-1.1451273775919428,-0.48769592739752715,1.352543858640335,0.7509657894616099,0.6635745854698887
-0.11775822835695784,0.49653298588282135,0.23730230351013634,0.2052017407175452,-0.04040666744795812
-0.11680242847367467,0.6385626464524611,0.4137275182581399,0.4912234045789138,0.533264608052297
0.20771495252372052,-0.5743586962001899,0.6088908833409541,0.006177292165005094,-0.7780004621981689
-0.7408010103955947,-0.15186366888240502,0.3295510425997263,0.9564436561801787,1.4967034001289528
1.0307990989528888,0.6670602038873643,0.3327352153081315,0.002521979608838376,-0.021519155690980417
-0.8453136058360511,-1.0817226752814633,1.3325547917819485,0.7430485761367318,0.2682193129541727
1.6130313951096187,0.09697265464608573,-0.7194509515653565,-0.7846086540562951,-2.1654311516937215
-0.08532879491571518,-0.3457427642386243,-0.12491737236721717,0.14848654529910144,0.47865598903033
-1.5659436841673997,0.17512832834083314,-0.06976301547650415,0.677108449225379,1.0864582681808506
-0.43179825404270666,0.34298758906651977,-0.37359427365192865,-0.3246889094651794,-0.013925590431014323
-0.9941109004722637,-0.8102364669068368,0.29548411842419886,0.31603227249283733,0.8704681610215639
0.44546009129310576,0.14986726621366445,0.3276315992344638,-0.02683542407170264,-0.5176520925678478
-1.66391642314648,-0.6885919370409983,-0.1671190212650882,-0.6841074144591679,-0.4060507606302161
-0.5442241417710848,0.8546832771078232,-1.6312666055559992,-0.010131871274740356,0.5974046749593918
1.3031343943095166,0.17238355007875383,0.03552187210727076,-0.38360346439422677,-0.5408525865342136
-1.167842376521464,-1.0547745214039232,-0.12999583269323706,-1.245557740359787,-0.9709930179705444
0.33528199974111805,-1.2284148240475226,-1.1983836257499179,-1.6864749099675527,-1.9573610697883819
-0.9421481531904026,-0.03926501800174381,-0.7355127328258904,-0.6398156421222924,-1.174873805685217
-2.2094372271595186,-1.8764174467055459,1.5823875322388106,-0.14269109643511163,-0.6966248988647927
0.5868042739725734,1.1561683270672636,-0.6336209123945598,-0.04263429807375155,0.10556805067915659
0.10828855827264439,-0.7909537006675238,-0.7240726598093359,-1.3114632869584448,-1.4885940670835576
-1.8553567241978544,-1.9914825861764909,-0.06876514472454132,-0.017933861359440195,0.138675303713616
-1.1257091561410475,-0.32040863060595076,0.46876218065960373,-0.276927112248989,-0.012020443337308673
-0.22326549344070845,-0.3390819001133449,1.8985056123464992,1.6798534892133385,2.0988663247147077
-0.4755376884289742,-0.5725729212866052,1.022500586146871,-1.5566389679595052,-1.733629698615441
-0.9262020671655721,-1.2599094781528821,-1.4185861599223846,-2.0272632780504978,-2.6934594857188348
0.3450186041815529,0.13546232938933936,0.6587151696266593,1.9801443584128717,2.772906068086902
0.09024615496504089,0.24886781506432648,0.5014258905904073,0.227687690245942,0.3120375178440003
1.2206201566576032,0.42470778618327976,-2.9034501469719176,-2.8363541512050636,-3.7021993453869046
-0.6940210601402945,-0.7850388003846445,1.8676541509070343,1.9774898644992343,1.5939602391099839
-0.5115754987212959,-0.7924133351112024,1.8188668264588816,0.4375278494183217,0.3938094855052233
0.44664630447849407,0.1916406066013141,0.1743963136871074,0.5989700259508801,1.3568491257478534
-1.3155727010828373,0.20196867481059277,0.08202659923104644,0.35485396294465754,0.47548596723401587
-1.3682392177614788,0.6527563671284261,0.7364041339847012,1.798293559746459,2.3022246698968787
-0.46311204254877375,-0.8463374775445546,0.8202275538074651,-0.744520335660139,-0.7911408501499038
2.1793630033612237,0.5445703479622197,-1.685769655981535,-0.8611983327265024,-1.4261687938469667
-1.6361899487232188,-1.0636951686387288,0.9393501519621017,0.2957312177896033,0.06504165977536269
-2.34938375300763,-0.9410256057346573,0.512182483227962,-0.4092815251313823,-1.7373246877283632
-1.1023817920006609,0.21983529878933306,-0.07448339235034174,-0.4082064537214466,-0.00264732177829885
-0.8867706032480025,-1.3472126717005444,-0.7705353631292602,-1.114329116861818,-1.8414236058812414
1.4277200067720495,0.5746755964606187,0.10736321944884936,0.29617160032528805,0.5442466245732165
0.9416638282752842,-0.6547764155446014,0.13923109771775494,-0.5078095024774896,-1.0374642018462412
-0.97258916546876,-0.18880655434732307,-0.15049312056311476,-1.8124751572673832,-2.1139818415870657
-1.5541589335264738,-0.13492273624355855,1.1315635776329305,1.1855987520994735,1.6452704141676038
-0.5430012895132513,-0.260435860654891,0.8388608450189987,1.9060415130934076,2.8428292118235348
1.0487159250298501,1.1924743833360563,0.2937405413213971,0.8623576450384003,2.6903240731768965
0.6267976872333553,-1.1041974844689355,0.5682044125131334,-1.5526199616393248,-1.8015904184289384
0.07637172491920755,-0.12937171331053293,0.32626910962138583,-0.2551070264505998,-0.7754228246148797
1.1618246288692342,0.6334503440126922,-0.5395206771525197,0.2974801379933892,0.37855728278260226
-0.6960965526894269,-0.9626404448128753,0.6011096017398696,0.04035628883651646,-0.45578746556868066
-0.5617512510191113,-0.6942603972547292,-0.93096094278253,-0.8000607677352825,-1.8103270598428223
0.15937428736767434,1.3023421860330273,1.3141150251484552,0.986296364076454,0.8495539013921519
0.9877606380503879,0.0016209564480689775,0.527341159984427,-0.29230947956284153,-1.1170721546000122
1.8797388529966566,-0.21546096166403395,-1.3963905789329618,-1.1339457948426404,-1.0615010182924223
0.16498667390044702,0.38877982047300375,-0.4798693654296117,-0.4090535097332273,-0.6757458678687742
-0.6059590432358068,-0.9823308806590209,0.5144876156051127,-0.3139209338588189,-0.40623361370203787
-1.857497416501353,-1.2896331252574673,-0.4891467384677789,-0.023877371820326454,0.5985573751642118
-0.1753248771895575,-0.4563540685313672,1.5883525561746141,1.8836314011772441,1.1313378972711026
1.4017810623857925,0.46431597134421476,-1.9727551354376731,-0.06245530642608377,0.14138021781016863
-1.3941069321106272,-0.6099488505506412,-0.29328024952709003,-0.5266927231114817,-0.28368762243026496
-0.14899060879232687,0.1788536519391697,-0.48812750140136685,0.5789986624188934,0.5936198609717311
-0.5292515920883898,-0.586164415761855,-0.6979859931816875,-0.8502988672336159,-1.4778017996934634
0.40768919651617325,-0.8460158062189759,-0.856828427164516,-0.0808888165372661,0.911030924540441
2.762769198729319,0.9738698587367389,-1.2969479845107412,-0.19409322839449666,0.32519955066008466
0.5448543840412365,0.5207936876178134,0.3997126446089153,0.9733576637875883,1.6515368576637688
1.3736356758803716,0.14848934616783993,-0.9318478228344504,-1.4017298644275873,-3.2192250854618525
-1.5302299571883478,-0.8879421065210471,-0.3965602431349364,-0.25063987882757055,-0.14021678285425546
0.9048880798394012,0.46045782698177595,-2.0329936297462123,-2.0557457040947993,-2.098960877926096
-0.5304651717651955,-0.8797698985383986,-0.11747379620173856,-0.5132845491484637,-0.10612223509721175
-0.3667160797734152,-0.472816324409018,-1.9587260826943833,-1.4674087014190635,-2.9271186826073823
-0.9921780627030897,-0.4361753469916431,1.135016812207632,1.3640624446166272,1.9280537076119182
0.1576484266642046,0.4528898181073915,0.7360183347476091,0.8039832763108911,1.6677700872366727
0.5186588123961487,-0.4032639418196536,0.059285953410134984,-0.6702751974612784,-1.2762447037544005
-1.8267407555819986,-1.4553698761500566,1.1014981683464864,0.4005520111342195,0.3916472835013529
-1.8642482443677761,-1.6728431349810249,0.049907015996876414,0.22424240749555313,0.4650280829660308
0.6321247068554666,0.9298845344709441,-0.2806665126004984,-0.011835154835856676,-0.7860899733384842
1.5878770440501038,0.6204650862559354,0.04273607220333142,0.483290844857364,0.8727933716814718
-1.0082178741183896,0.23518198671831592,-0.15859152266215504,0.9437574565892194,2.0963218558281342
0.3406264494204279,0.20343280499628458,-0.3725465133371248,0.9171271456308876,0.27403421526232585
-0.8414663398716703,-1.911612092529719,-1.3403616336970463,-2.432229909788344,-1.8042291074616432
-0.07748375080375519,-0.6805956349655652,-2.490514986227037,-2.011964264762194,-2.695348866121317
-1.0019368113117295,-0.20282751659239562,-0.11245447327073904,0.027960995927123367,-0.8496534868201239
0.34239959298317024,1.0514656617053422,0.09850066058075793,1.6148598436086026,1.4615149550705318
-0.12447597779181456,0.6423001346967684,-0.8311216926335177,0.364372651591299,0.2958208575873319
-1.5781099376291836,-1.1938256558028448,-0.399250289069041,-1.1289645810502507,-1.9950158238128743
0.040669579181230375,-0.01641266945934281,0.1423395715748203,0.9057340726458999,0.8073916186640138
0.09051020746299479,0.5238837612960696,-0.0050408286743902075,0.16120834952812682,-0.18168291426797722
-0.23969163001596006,-0.4452665892045466,0.757763328466498,0.020206431483859533,0.43330504663451835
-1.5119071026444988,-0.5936759652444159,1.7027712805902957,2.2402664698165897,2.630005963778439
0.3653808531234977,0.16818551448717356,0.21663304728004812,-0.08256045551497732,0.6802492825126092
-1.9192198500961803,-0.06650052043594423,0.8191498667116545,1.1004655319437822,1.430769351949873
-0.5051433471183091,0.11010229752308776,1.0228380322054256,1.2304243392913308,1.4548639364165703
-0.19948045274201542,0.3838822349098035,1.160255725224517,0.8417350875510541,1.4728498789216402
0.6785015176380691,1.4341653908877288,-1.3376209080830779,0.2173029864486734,0.2801938590265137
0.04287849065120447,0.32655171865476884,0.6963230120513695,0.49152611197963636,0.2777740077399407
-0.8387838418383354,-0.1427323823219548,-0.09887027952519789,0.1392947393074882,0.1720837870326818
0.7698667601894855,0.14485347867675816,-1.5684426869840027,-1.234581640547482,-1.3220192884117759
0.37782205434598437,0.3654921926871142,-0.9797237279491644,-0.7522240503971033,-1.6541896925219741
1.870362300753877,1.8049818159692494,-0.18661206775705502,1.6101000967048535,1.5921058431099073
0.8131590320381291,-0.3006683698621407,-1.0129233365147166,-2.1456965398144865,-2.29620488246096
-1.0027597720098238,0.1375719940036304,-0.24595603374268765,-0.5834143893108326,-0.4591995204353277
1.0932176659708068,0.18254118685870413,0.7968117141347539,1.5942049472111597,2.581969103048864
0.07685389335256271,0.15663486921097225,-1.0970025004270358,-0.8252171382978103,-1.7926516951160842
-0.9738146252342958,-1.0311539273818353,0.5402779084528679,-1.0383313631233078,-2.004856017804337
-2.6662883233512513,-0.2631773107170585,1.2265992950254945,-0.21119318693040945,1.0271977047697236
-0.03715070949448436,-0.3930778233657288,-0.6719301986799693,-0.8588610446648511,-1.9287128399613378
2.1701608929136498,0.5546448074998962,-0.7876479712333299,0.27852175289706177,-0.3782281881672995
1.070615606386804,0.3668683116113537,-0.47637472612342713,-1.191271354704869,-1.6418648212706304
-0.1991090645730458,-0.6096496252674626,-0.8485633443392648,-1.4910329832874964,-1.6222774490650815
0.07136416360929071,-0.5558691226238033,-0.7276726440056603,0.10866073464341441,-0.6359444928971277
0.10958560163217052,-0.1219375254929127,-0.6098459078306677,-1.4452519410696212,-1.3285855019557298
-0.26052669783884636,-0.281809880717828,-0.0666558377289505,-0.8027370842365584,-0.05156683148660757
-0.014243738232458232,-0.024740116378935813,0.6476467586772385,-0.5830961304731177,-1.8404203476081207
0.9865147063543508,-0.8251354373444131,0.16943543877397393,-0.24199529856980184,-0.5638850490374917
-0.22350484459197625,0.3778101502810444,0.8372956852891527,1.2872933966481557,1.9340058370258837
0.3096319562293136,-0.16125265241950804,-1.09565711365832,-1.8631348946598134,-1.874601791138637
-1.4742679199100632,-1.1400231071730913,0.7227978275233822,0.13978904020674662,0.6076215345894909
-1.1151643448974575,-1.4358922853840586,-0.092133282002696,-1.4431078488744236,-1.470903229240439
-1.8471842572284487,0.2120944877282227,0.36822570851900316,1.503933342572139,2.0512622093320294
-0.6863585540723245,0.046343907276218455,-1.0074271944040656,-0.6404226554484345,-1.2051075318481992
-1.1485276128720971,-0.5085851026565434,1.1536951978417598,1.4284769438283877,1.740948199118629
0.7794328564407347,-0.11053825027241015,-0.8492191469172243,-1.6806786682937278,-2.207194392859812
0.030418025294893184,0.8528241608174026,-0.5563158294595699,0.7738316739657584,1.3512092098177697
0.5610029609398314,0.051812322636224095,-1.4049357009490357,-1.4860388033426202,-1.6888749108799281
-0.002217408501507734,0.5400848056710874,1.8341133149850435,0.9799925222942045,2.0613326560609964
1.454563122175298,-0.8795068810868286,-0.37297230676059473,-0.8738801569606265,-1.750952860426807
1.5088057266515984,1.3135007926867313,0.28982350552455816,1.5327942085280106,1.6169696963759315
0.6143401766460571,0.9610425242088678,-0.6906049854130443,0.060069858605320506,-0.06935804863838554
0.2390356782632955,-0.41046775522740125,0.1730253027490184,0.05624664726721257,-0.10875888253206012
-1.0140456777216915,-0.7714490639185142,0.058624891085322484,-0.7083550288882001,-0.7460681967390749
-0.4424011917396101,-0.6757443132666838,0.24141968568277528,0.2885747139235326,-1.077707543462959
-0.4382272621751823,0.14481054681468178,-0.01545535499910769,0.9268504468938602,1.1310763102124415
-2.429009393754903,-0.34179300255128275,2.5026720486493073,2.715152122301867,3.3351594232581134
-0.4107557352359796,-0.7367200599290824,1.337126396904075,1.456831811196721,1.33279763015698
0.5916164495949909,1.0992810694495416,0.11588395776495788,0.7523702711934863,0.8107283982468836
-0.3835152982958932,-0.4765232049002027,-0.8337659528671788,0.12895692248121438,0.0021752787092116366
0.38887479441791506,-0.4783015297804964,-1.2364287637660727,-0.8554044236729799,-2.001885834234063
-0.09048162262109234,-0.6349641089378253,-0.47267499705873894,-0.3596878503042188,-0.35222941767189997
-0.7713293622591748,0.6062753221250121,-0.6117950578350864,-0.690242687064216,-0.16357477919530083
1.9012932553540356,1.7796354521009463,-0.4943492411116989,0.7018098260149902,1.245770211037041
-0.8375471967884212,-1.8490599219387591,1.2319965337880177,-0.9097396836131985,-1.899146472910255
-1.6307106821552522,-1.1904333772747286,-0.023027421933709713,0.1506681174734491,-0.06586975135139073
0.24186733551859463,0.31041190475185965,-0.589510207209258,-0.28618006634915244,-0.31614162680572944
-0.8241625320446597,0.14990201180600482,0.459690628707687,0.6136352480807963,0.5204442352299808
-0.8527435154866815,-0.18331687084466486,0.19949340414988243,1.0158523373164248,1.7963932143478782
0.79609200666774,0.6297654637022695,-0.07242955029638315,0.42640969498050846,0.2745566097346553
-0.7484955306117294,-0.6949545041942679,0.2983086933103236,-0.889395535863119,-1.1596977163301823
1.1761589071378866,1.1472515658620863,-1.131655683118635,-0.4229194623586587,0.3108493042146535
0.3470020854223199,0.3094086095495152,0.4916790038208425,1.911715001761185,1.9246123521498912
-1.1236712801998692,0.9820026959725668,1.0383489210069405,1.0180347518508228,1.3921303053502518
-1.1059484096079,-1.1481803502333268,0.38455012848065684,-0.193712361065302,-0.1934891991469654
0.499197394105232,0.7677276851541701,1.2583836162142565,0.5210672484332235,1.0954716983476325
0.35081168518272804,-0.4582696283489005,0.4205697788145246,0.02150623635766266,0.11568244790054956
0.13741250482826645,0.242611185926171,0.7293880527793923,0.7568309480820455,1.5935505327285266
0.6480412887728171,1.193064446688295,1.070807885467056,0.516783048948211,0.682620064356592
-0.4072724448012803,-0.38244434355814233,1.1531833326775212,0.8242382565373444,0.8767375952892739
1.265671051480377,-0.05420711349639007,-0.7183967872348052,-1.3064450534268808,-1.6849018003394645
1.07576269199447,0.1284946360613099,-0.3003511390582107,0.07327077121885761,0.486161704228705
-1.324892897695783,-0.7408984568351027,-0.3446993841159194,-0.7536293155876449,-1.312345016899536
-0.8426671918579035,-0.4733845333163182,0.1641197623569122,0.46973126836654344,0.2583146442773632
0.4635687928745695,1.780401184033707,-0.4015763091490595,-0.09722291462828003,-0.6715200974436119
0.9195994760896506,-0.47512251587947396,-0.20704289767269313,-0.3747250480839992,-0.6071565334340849
0.12953768719040049,-1.3847009244181843,0.8487419784042307,-0.2100703456602077,-0.34632594438537906
0.13065606647319344,0.2535516113651901,0.4720328321584173,0.21648691646477003,0.19132658378441164
-0.4008294311772389,-0.6212667798307359,0.5465806156489026,-0.279390835045811,-0.31059898699053695
0.5356412854399052,1.2571986177854335,0.3126450627810555,1.8286258840543081,1.919433744383072
0.9938890654993114,1.0266074354162602,-1.2637699263866162,-0.95259903703277,-1.5886050260007925
-0.3091456038350602,1.5074650973699435,-0.6075976154311243,-0.5611531914033776,0.39575013353812083
-1.804686882269738,-0.3912165717118349,0.8863644290334419,0.43963880926850224,0.5760070203376444
-0.07833278894298064,0.28055436335974526,-0.08050628472308508,1.011351804663619,1.2606300198167646
-0.7805410009045928,-0.8039980798730044,0.4731979100547162,-0.7139680787447887,-0.9920583240170366
-0.08753380856347875,1.4025883631949112,0.22489328096746408,0.7630332308198877,1.70480385689573
0.684336937869841,0.36176519644788036,0.6517262893159963,1.1528793534715178,0.5157696662005785
-1.375812986361541,0.704684103371415,0.8488276721338917,0.8498078512866587,0.8765620768075992
-0.7443239118244334,-2.230950419734384,0.035763369063773226,-1.2542380322309328,-1.3830970700392766
0.1002040167136389,-0.3197435744077588,-0.019201013081250926,0.43358464836686716,0.907716437706811
0.8121258250115413,2.0517076614520846,-1.439966487181443,1.6455614190839907,1.687073582225942
-1.276366321537263,-0.35621431463204023,1.876108545052152,0.47229810315311693,0.6387327515757418
1.6667798419630122,0.8976055007073855,-1.5420931734224093,-1.0275470050848745,-1.695515344387362
-0.38452163127020617,0.3647941371724679,-0.7089694659972176,-0.7450658536463381,-1.2016178625608966
0.9383062038293195,0.7881593389662147,0.22586028833921085,-0.07140398765520961,-0.13290753450832762
0.6070735102341049,0.1331235346855652,-0.15957410671123043,0.701958645691096,0.7619900958631209
-0.2887064455681569,-0.26049984589414177,-1.2415522027229504,-1.9115483251723555,-3.3588035438415886
-0.572210244951687,-0.10122490040938292,-0.845525728415322,-0.9435449192056414,-2.1139525882064
-0.7635880267007421,0.7787817169123652,0.27400323385672576,1.2921200387885583,2.221345457101986
0.24568691173081575,-0.17542443534311383,-0.5008831587598281,-1.4859329175936962,-1.819390091772203
-0.925472348322165,-0.8434194995792687,-0.6349436467292715,-1.839196996542405,-2.0930686039291704
0.7773087357996505,0.21670842766393808,-0.2016622806495191,-1.533197970465452,-1.6226441536111678
1.8963790161416854,-0.3747840220101333,-0.12850046971259554,0.8915584468353347,1.3140539712993835
-0.19014717243513996,-0.5347291071023835,-0.36679388982017747,-0.4649563576411524,0.2559614512825027
-0.4837736261972806,-0.8142589936047713,-0.22667196650337582,0.09273336336704341,1.0709873423569882
0.5637444885964109,0.5202904526494629,-1.5060006812190911,-1.0718005935753285,-0.7107291059355321
-0.6874935075881841,-0.5703625823478946,-0.6959942340922458,-1.3722558620241936,-1.4938475227787933
0.684625303134675,-0.02019698934532188,0.15375086126010962,-0.13637380913422523,-0.3360484434680101
0.6821676653397317,-0.3769186606517567,-0.1004441510296739,-0.2875953912902608,-1.127581239463089
0.3504308989202711,0.1266470988098841,-0.7996449853841431,-0.8924844298427494,-0.9831518884742307
1.3335060034931734,1.3401535879865856,-1.1752991669257122,-1.2342983160924514,-1.0490055126907558
0.6264993100949469,0.3327281156202881,-1.7936790700156366,-1.2277858467050629,-1.0470784804217323
2.5413965694725222,1.5779305987889027,-0.6542104237948202,1.2414339463836965,1.3978121353599078
-0.6192896665422828,0.9933666817080313,-0.30722606855178275,-0.06549681618322889,-0.3546139382430982
-1.0024942808807773,-0.0922366023028297,-0.20312571268800916,-0.5526336030368961,-0.16816120879446195
1.8023022895532028,1.646824695225805,0.18118819041234757,1.5133613573734614,1.6210067244541426
0.8731454319985195,-0.07176872003423485,-0.8358627913145154,-0.7538096951130934,-0.7521879886090824
-0.16066237333135236,0.8523831959782957,-0.19472968770106466,0.9861773723509983,0.8885587019945463
-0.12292279921817607,-0.6602912753882191,-0.4394210349612726,-0.4998927486343576,-1.5430299444233988
-0.7864465681374947,-0.4542402712934997,0.5196777342873792,0.41834944171466504,-0.3551175859205764
0.9225585619201772,-0.10274614119585673,-0.4725072337751387,-0.49887265196374053,-0.4237390634808299
1.526427305031444,0.3403872920647151,-1.103227745185577,-0.3850476479186574,0.021423862403407712
0.06398454249161964,-0.37797638742563217,0.007143265139802599,-0.10278557482438389,-0.404217685468333
0.2889263306860248,0.050496903775386445,0.38881928461941634,0.5863493051933496,0.2907676941537978
0.6232198761218325,0.6636636211214175,0.5933557092334328,0.3807985516825023,-0.6086287142059263
0.23237367983331028,1.219594803867797,-0.5032111068381494,0.4327134439010357,0.9323789720654744
-0.1240479610082003,0.2163114601803637,-0.5578198447356408,-0.8425828881184889,-0.6079225155497252
1.8626752550942471,0.901267909852741,-0.7014992464924685,-0.6836207234322371,-1.5871616718447572
-2.456122231132091,-1.612974308479701,0.34156230717037245,0.17947485001694186,0.7508576253074787
-1.5921090475209267,-1.9703846306021475,1.147620862266121,-0.2976743655578898,0.11263447764983459
-0.9504985276681077,-0.5203336885829082,0.7128074625495548,0.641800808255536,0.7079439231405372
-1.1067371212241097,0.7657318338229786,2.072673713433147,2.1778909322922915,2.0483020844427204
-0.6465052644086084,0.982403513851471,0.11469853690188839,-0.1949214143553818,-0.37438544679688657
0.6972777545364773,0.8493837996437514,-1.277992766855711,-0.2997603905530963,-0.8469083041660639
-0.2252725194551388,0.3554937150854533,0.13191624934177723,0.9692490237036929,0.7302990950052872
-1.3837363869644421,0.09773450514458748,0.6785957936283382,0.21836472241220994,-0.7053744763710018
0.007092800608803351,-0.1194201975542763,-2.130022166269681,-1.1942751534350242,-2.33101183923503
-0.7261698027491379,1.4535440009231946,0.18534415636295387,0.8014552574209205,1.465780903361387
1.3478628447438934,1.5808214371146108,-1.355556970770756,-1.2594173305826297,-0.8217523548062102
0.9417011663861448,0.6504635786659676,-1.6749773341069711,-1.4170238401307491,-1.7007662891953186
1.361611448729215,1.5634315007782549,-2.415607862907937,-1.6290360708884082,-0.9459782084032413
0.1751498403202791,-0.918199230748216,0.19102070192969126,-1.136271786687547,-1.0817297391120162
1.9688837211411616,2.0323480586178064,-0.6152470016716122,0.6236445175301355,0.8911627829905827
-0.027930981034847528,-0.6130972576905604,0.4711868815467079,0.21426407862416785,1.1147972007089777
1.2790346130930321,0.6005615847484453,-0.7145738977887055,-0.6135114216673143,-1.7724955324925629
-0.6376146541516341,-1.419789827547723,0.5414853346372209,-1.2128010858395508,-1.157412645030387
-0.8186640925393559,-0.04248049572662871,-0.327240469587727,-0.1160672916732578,-0.5042112507738701
-0.7695334382877687,0.3101400438639749,-1.1364531277201646,-1.4326337215003102,-1.9082303964023588
0.9478943352105295,0.9130182010897743,-0.16482414417498858,0.9780057893633715,1.0764683645932411
-0.7806581588848542,-0.6519301403706841,0.09548542501191601,-0.6517691481575617,-0.8263781823209709
0.5638058146438689,0.04288574717034008,-1.2477842768114782,-0.706809967635274,-0.8729291219697677
0.6761090484251912,-0.48736942821708257,-1.129579115937214,0.06037500163857801,0.2218033748682029
0.3321668401937707,-0.49512793471413485,2.912534958471842,1.5111424757541911,1.694080423023208
0.4167643693368557,0.4380593091946551,-0.9683389444024095,-0.80762951331388,0.026838968458776535
-0.372762606552767,-0.478004644707791,-0.2295800781492299,-1.2008222470037446,-2.284383507254021
-0.0029698601311103686,-0.19412741295931027,1.570950405040586,1.5425235469480378,2.135306012309415
2.7429401618294524,2.6466656612013217,0.2425221421927226,2.42720778537472,2.7000984819956013
-1.4808586949017908,-1.2198260553975133,-0.12460742510740425,-1.4675696480973488,-1.4448759079642248
-1.0587916867843687,-0.620473193830142,0.02114689112282092,-1.0149233161787319,-1.646990181803156
-1.6516641107873498,-0.16983656945657233,1.0606605152273825,0.6608441277585704,0.7755695987776036
-0.9008102102487019,-1.1581104288703457,-0.05993257332072205,-0.8910599970645193,-0.05819503398111858
0.05722530961634761,-0.3388585395806134,2.052097235943006,2.4671624244430337,2.71505602759596
1.5348548306455212,-0.5986438133141697,0.4384786605076798,-0.5120039019287062,-0.5205557270828446
0.8485518829308132,0.5913797756836312,-1.0916917316072021,0.4584996656941601,2.0049268246060423
-0.4953256474424879,-0.8415299865694307,0.15428022741331743,-0.19022056977524668,0.734079982275534
-1.6111237358950183,0.2168989333160649,0.1770916169678043,-0.004515269957416412,0.7168911473042657
-0.06113831357921267,-1.5788453632517976,-0.3460751671789685,-1.679507384515209,-2.6710098514287908
1.9919890922367376,1.2079192871089626,0.6151235278403477,0.8186979060837987,1.1855783217931357
-1.2299978841145263,0.9242922460852704,1.7785254529423526,1.3430997066135864,1.698487582545476
-0.7418777543176396,-1.3945719980613676,-1.171602613339014,-2.508627319486065,-2.7208241174356624
-2.5136656210900408,-1.4701759644474919,0.2364798898231365,-0.7280996194116192,-0.008350059570708557
-0.5823750814253252,-0.4518638087554935,-2.1031710133356127,-2.3815053536951902,-2.4784943565165487
1.9182959990643393,2.779162244518691,-2.297521639049941,0.2805886937901546,-0.2815015174302811
0.903111658630945,0.40811973568004994,0.9700566552385668,0.8211088166652551,0.13240153617287964
-0.6315630651559108,0.14420797017910358,-0.21370017026419777,-0.07423573354856387,0.10842571115736961
-1.8035266248253394,-0.5484299881904209,-0.6948248647205639,-0.9341116128363858,-1.4973487441315612
1.266178434493089,0.1436809165084365,-1.35678971281573,-0.7693096875484873,-1.1045147465535363
-1.2940159292537137,-0.6975055592184979,0.715192044639585,1.0917658090790214,0.8396449591159358
1.50018213227448,0.8426756082540171,-0.8477341083527989,0.33632353672877735,0.4737603027954563
1.301966636307781,-0.35624436404254645,-0.002510549185337052,-0.08401559814088486,-0.03496111946360911
0.6805964869914052,-0.4320200320845712,-2.328378655233905,-3.0822222244546813,-3.145039768777336
0.3565337828974912,0.5794777999739301,-0.07280173781788522,0.24167460418774306,-0.42079343165808814
-0.28815748479659803,1.1096111030797136,0.04743204271328778,1.5168914952544053,1.7679555524568606
0.5025043879181432,-0.3003522602840889,-1.6087081550933815,-3.3673155858090604,-5.625605044181302
1.367726916870407,1.1009739607438818,-0.9240294533530805,-0.48960934316120797,0.3863629520133819
0.1704709564215599,0.9951872231053236,-0.8568622686200743,0.4701203323176867,0.5229915529458119
-0.8533522193379542,-0.2867713797172524,-0.7690265349442178,-1.133025897280494,-1.3345310615207653
1.8012521277553823,0.5783835593138258,-1.782556015107542,-1.759149629543768,-1.7366766017190711
1.4360325302357089,0.2920143407932347,0.39858390003744953,0.14147797842207793,-0.07932970947712545
-0.6331887404065099,-0.8798229951042507,0.11109307928375975,0.20455641898128796,0.707962436089925
-0.5480924787709056,-0.8031459918857615,0.37635692988565994,0.8025276819542375,0.6140149499820597
0.6719074196778699,-0.4457269879801619,-1.6333252639183284,-1.1054070297380756,-0.8873694046088141
-0.024209631881481584,0.591353632430244,0.15837679344086045,1.2092289403813887,0.6486437762417676
0.3768589458821534,0.2569766762562597,-1.402858501303375,-1.4617477113098263,-2.802355422153089
0.19394558664488395,0.6548364476493279,0.22969167689144981,0.014396541961947062,0.6279610392370919
-0.42977422806205023,0.4024319131407976,-0.6798549637517923,-0.7970013976274226,-1.0144277092586669
0.6806324159870041,-0.7381829378845279,-2.1837470270432937,-2.1982703844100007,-2.458128657152681
0.40136047329223073,0.7490630984627603,0.6751258468189375,-0.04895256170572759,1.1792441452627664
-0.5359617363076098,-0.19255268081427046,-0.845297500445407,-1.891195271461768,-1.8925149965689136
-0.5306865180078403,-0.34533852111271207,1.1784286429368425,0.34485581259989323,1.2744002642763692
-1.369934362862065,-1.0386481181370737,1.3731765002665044,-0.9130225357965811,-0.5275078727100408
-0.4174942629585435,-0.8159112690774335,-1.3637414625751687,-2.8652750653790817,-3.127976736700993
-0.6107228652558713,0.15191072758453994,-1.0780208204248434,-0.2757831333775277,-0.6346276232774244
1.5982328073657384,1.7454180157600043,-0.14541311691315922,0.25306919948810425,0.43453749612820014
0.5895596285341493,-0.08993307356802022,-0.5067256487274273,0.15057825661551433,0.4882123913855543
1.4987896594792331,0.08544827317990977,0.3154405175799144,0.23043138028795168,1.248804188567583
0.32469249738042866,-0.8407323894501104,-0.8827867086007457,-2.2247679215312646,-2.720251085781498
-0.19923195988431744,0.08664112917778881,0.3476257657171104,0.12204290450523753,-0.6085729087473438
0.7878740003686892,0.1006509106265629,0.15571207717693555,0.8373941246347537,1.1688156113547838
-0.18348829026957578,0.7175937893018081,0.16889774196591778,-0.5351319163972564,-0.659048954031491
-0.906539558765844,-0.07405663228511788,0.3321406416229277,-0.3565559961627189,-0.6800503336595698
0.21805718255879872,-0.3440647578245188,1.5894921474189925,0.3635914470056417,0.043755298743685
0.2667183412539696,0.15992605421671216,-1.1999552994969858,-1.7005795134647486,-2.251074168344965
1.2592193284938926,0.3579049520596319,-1.418562542436056,0.148983112312568,0.18549023152325164
1.1431637383411513,1.5520294823601517,0.5092464697903093,1.1037609457241975,1.4891719338792475
1.1339567877134917,1.7055231228597616,-0.2505712414670226,1.2246575972260425,1.493566248284326
0.4793676026229041,-0.4905666707759718,0.5500401572601951,-0.8245151477411599,-1.2422996102048525
-0.7533553455377133,0.9317510039242173,-1.1249749953520767,-0.5813545304896068,-0.9262702974365737
-1.1473851036128164,-1.8393351163538934,0.7355737568671221,-0.31974283547404686,-0.1497559023845198
0.38804246455996194,0.9032642397421657,0.16758525479344089,0.06272151421719396,0.026657266396519087
-0.28896504674218076,0.36090050359434167,-1.5667629599934132,-1.5523182907872541,-0.6893693107721237
1.0758287236326585,1.5380498019640938,0.3213358780085128,1.079117026257485,0.10385720975746637
0.8178211167117828,0.6356792727784506,0.6508533997946759,1.0167815576523809,1.3058568216016442
-0.39146540610611064,-0.5473808242718508,0.9874404875734943,1.2935547952851894,1.5197492858828525
-0.32770008158631564,-0.7495099339251773,-0.33616577346778836,-0.8251780341836367,-0.5501372501734028
0.7523676221686664,0.2530031101144741,-0.4855510095170111,-1.161216454950267,-1.9552682493804454
0.5653514430302361,0.40703596838905354,0.5685766232422639,0.3428226109786665,0.7960691857219374
-0.2544479649441544,0.3892424494141655,-0.4577064415267662,-0.12763236705159997,-0.1348625124018881
-1.7893132087252699,0.3156480337124228,0.13265754821744113,-1.075643857738089,-1.260076540042027
0.2800895237359869,1.7442684154549946,1.578660584985155,1.6702266076706391,2.945021114758047
-0.7034321834334197,-1.4272004465776638,-0.5961405232522758,-1.6385919310756436,-1.5419473769766556
0.9364517264289338,0.4285405295111792,-0.8386664546951288,-1.011687382078049,-1.7536118113259938
-0.0016189194862389438,-0.9387425989304627,1.2433000740433933,-0.38568683155770034,-0.17105826393843027
-1.101406339826636,0.14931888890348688,1.4631145223084243,0.9011759789411729,0.44740230461079455
0.4706960126115008,-0.3602356285617353,0.5125128315422912,0.7657369401326113,1.6090494329766476
-0.8082772694618252,-0.539108888202627,0.5363644225261055,-0.1116688019362615,-0.6562005112621555
-0.04000812686775549,-0.8451455513801177,-0.544231987152644,-1.014195265218336,-0.7059345600340337
-1.2524442961016868,-0.04760361720044748,-1.1237901137598583,0.13620680208278824,0.5565416580580388
0.13440079117886283,1.5957338018391654,0.0191633422213852,0.0409700287346767,-0.008931207413111444
-0.28591668867683845,-0.3820491034894199,1.125626731005144,0.7475319139024573,0.42045539580220254
-0.62328515231672,-0.9678185391702152,1.7023009853167332,0.7749558151140146,1.401983013778052
1.9273250341412886,1.5536022246395318,-0.029640135633519304,1.9152526650566808,1.5505067949446154
-0.9421814985668783,0.03089729998968599,0.1728138188280444,0.9269416403785777,1.6281863865196564
0.29037694596982594,1.3799839991469034,-0.523171551179273,0.8484102462687868,1.2778126217152632
-0.6411914892470457,0.1375926241944611,-0.775041016571194,0.00894816533558318,0.6673962410748348
0.6808747996807325,-0.18338126997586224,-0.501366192881926,0.39013758878953864,0.803468208895866
-0.23868329335024224,-0.1538045113881265,0.1466569943880517,0.057593709633002345,0.19982319052922343
0.014052347424822458,-0.3091361245754105,-0.29128486049198626,-0.599666245970093,-0.6574310725033519
-0.09130453545760951,0.5155952984352866,0.8827463926011144,0.9711191891822751,0.6810903968027038
-1.0922730956431521,-0.005593621694714779,0.16651946831926073,-0.33134710734587275,-1.0808964734390636
0.8341859765262115,-0.2960585289927478,0.7905376948473068,0.15430486213514522,0.13026421374186564
0.8451602475395726,-0.4895916972871948,-0.11189552440406444,-0.6307144566341095,-1.3078870813925434
-0.00852840706488231,-0.08374879899555428,-0.34147720231642253,0.5727772241132291,1.4658307485327928
-0.8478804544304681,-0.7932309921860812,0.1133953737412852,-0.11384810493131625,-0.29986202404364637
-0.848174516802954,0.7274615260807731,0.38559070026309517,0.7328900436818945,1.3501360100891684
-0.4100778783997068,0.18389508004456628,0.1618504988593573,1.091243710524799,2.0324773975653327
0.853593344386365,-0.5014336894846553,-0.7336098505843338,-0.5058759484973381,-0.2111917609883065
0.7276487621458232,-0.709316147583817,-0.6401401371870684,-1.6662227942774364,-2.618916194943109
0.5565003133455376,0.04613970811102314,-0.5307607310476274,-1.2944186793076917,-0.7940496915030997
-0.17087724666675103,-0.11501612570293444,-0.8796321764938635,-1.0486893245701616,-0.8642560012904024
0.4316908983781216,0.39566386584039553,0.618059164010759,1.434671906148115,2.7042565256807247
-0.44020303240968994,-0.27769708672765836,0.8205094439578603,-0.6144851339173042,-1.049207786355746
-0.8202241262902273,-1.1900102534169694,0.8378449385014647,0.27379539208628006,0.3411818751107334
-0.46143788246172246,1.3597593957251393,0.4221526509671255,0.9206089431406275,1.0103276519887636
-1.3463678791947389,-0.1888808847496587,0.6891732863016755,0.7278976667307914,1.0270680152071834
-0.4535715081249892,-0.549174569476375,-0.22100251973471424,-0.6224023157835095,-0.99500961753306
-1.0414126450911543,0.20457876740583392,0.36250565289733433,0.26993954493850814,-0.14891436048587664
-2.1662758756931284,-2.6731888114071896,0.9133969177956391,-0.008228090655526321,0.045960715619546635
1.5226941412975157,0.5534255519302805,-1.6702252037454222,-1.103317271611564,-1.8969728117771874
0.5269746623562149,-0.7760691952122747,-0.4233734843790697,-0.9931124252617094,-1.907176692690667
-1.6348729691395731,-0.35008732422745226,0.793617761545615,-0.05096773178950181,0.17194842034368257
-0.8472262038688627,-1.251369427571225,0.30981374683139984,0.34007480737811524,0.6478779295236207
1.368595678094987,0.9246949996334045,-1.0405892366363156,-0.7157506610494178,-0.8487882761225609
-0.4475033412975675,-0.9672562730499787,0.5256178782974849,-0.056461239526522225,0.5692313996852623
-2.1572369502998225,-1.5436816826012938,-0.3644892029219019,-1.6228371681910527,-1.697289788196899
0.9989050305635602,0.8406792508258074,-0.23906134355970848,0.5922391956264144,0.3292659723500577
-1.1750308001416658,-0.35066843857716146,1.4609642414046666,0.9534183184673479,1.3119292005405554
0.7578283985438264,0.30090122307753636,-1.2573567207337903,0.00414952559937809,-0.2255229959561826
-3.0387802472393717,-2.304579322649735,2.041562181730586,1.0895216255637559,1.0510344168335677
1.3857560546161896,1.3903675551829129,0.3871789958894507,2.307493897248079,2.1102861915642017
0.6881918056482726,0.8572280285287028,-1.053623723296491,0.6461251968269512,0.7611801997934032
-0.5804181347368002,-0.18453596349737544,0.8810482139800744,0.7382978225981561,0.9459169045994626
0.29873113679412117,0.39822008387888863,-0.53318391878817,-0.6856892944058819,-0.42819589017393206
0.919383322086206,0.40428928307866907,-0.1337906376005899,-0.29036431007304364,-0.4908101244158206
-0.059316083525011117,-0.5481513800066785,-0.8192927540310999,-1.372788018397209,-1.914026943310001
-0.48990475434750863,-0.6848787387200322,0.6116988070379221,0.22251636955994208,-0.5083296917887583
-1.908213866201319,-0.7491912972448391,0.3101811019855675,0.34822214959837655,0.6854342101164372
-0.5837682759783205,1.5676073250314788,-0.46506369921572793,0.35438641869031745,0.06073834079797846
-1.0186662367748611,0.34556901143059826,2.781296095542176,2.4243636083172238,3.3918937961080156
-0.19011831887496744,0.13217339961508479,-0.1066034667268399,-0.23173649406474145,0.6018828349779128
0.04183422051369922,-0.5455682220791532,-0.8371301781183261,-0.7131449097826033,-0.2613585062961864
0.07330447823888359,-1.2703564100870333,0.9465936198616296,0.6363798854857089,0.9716182195369238
0.16649023340154698,0.09586443258391562,0.9457871656755203,1.6305216894735464,1.8128586382897451
0.9092779476271804,0.018751309867344634,-0.21712046669693214,0.6715372657530359,0.8163658142225132
-0.11808457674409181,0.7766419528348206,0.49909848847290184,1.1117894574459626,1.3102224654013446
0.29731455936276735,0.44758101846399656,0.006504189080334774,0.1505967118300291,0.4455869065095366
-0.14221491244722956,0.2609723116090201,-0.29800556322100924,0.3408701901864509,0.447289806559433
1.283519582672775,1.0935765643210824,-1.8084610365477647,-0.6451440405978276,-0.4880852544446367
-1.8945067707169931,-0.20704418469742547,-0.0672187298591379,-0.26898504548250185,-0.18268551600527352
1.2076905561194446,-0.0032270009532356925,0.26367447400856586,-0.24710528496177922,-0.5333101988548444
-0.7333017213427646,-0.7424210039947561,-0.987193313567107,-1.0365278234713253,-1.6492164186992675
-0.31341259532852905,-0.3499755654559767,-0.8746325487711878,0.23265599039047036,-0.043492538720301344
0.32948179218313384,-0.6865195280311852,-0.10394911726286998,0.8459622114736688,0.22313292143511532
-0.730956116450264,0.6112798526501547,-0.10416677759563556,0.20226554790927267,-0.5096967882638755
1.1146764702282987,0.6040591608244193,-1.432804497608446,-0.004536351050209109,-0.2138854205847698
-0.24423232616955934,0.19044558047166332,0.8583885534870078,1.2466020810939769,1.7332910020253094
-0.8832056084190123,-1.1174873995242907,0.8987123862024202,0.9194375445305003,0.6381520970293806
0.9328540884180244,0.6969409916334598,-0.4879120264057959,0.4073763888995002,-0.016243623674959906
-0.8392611033115224,-1.102843054024531,-0.7153071844509271,-0.7189461042768529,-0.5803929094026956
0.8814543835337534,0.27737203714403724,-1.503436273251142,-1.0448164559699762,-0.9796693943214376
1.3212859895815572,1.4017452528445649,-0.4586658672060603,-0.5765090937185978,-0.4204253100479524
2.152335563406015,1.4461480056925375,-0.3294552462378492,1.2848652250026222,1.9596757318416715
0.4628021154063368,0.0808286132615097,0.9640836710160554,0.08209184244390755,-0.08112348131808156
-2.1146051367228496,-0.8733055108757117,0.304529284103324,-0.004983139374316936,0.9347461370545618
0.10276947724391194,-0.5456080523605382,0.8748607852412917,1.7569606745252853,2.2306487453658654
-3.362651250553472,-0.7378066265520083,1.5947800270559356,0.4621587630701742,0.9848068206672
-1.3780201635688785,-1.373303832634194,0.7943185680338041,-1.3827386881632204,-2.397348712717394
-0.9918986489570475,-0.8235360002945251,-0.20625075101994333,-1.6793006614332815,-2.552369043257095
0.6410863724672587,-0.2227060569416917,-0.9653133272283279,-0.18324811118638784,-0.4800152959452607
-0.29493711191718747,-1.6410129549273536,1.8322073327336221,-0.2148013206891638,0.3829286512905467
1.382566104202064,-0.18447092538182286,0.775270065906932,1.7844212883537214,3.698275574530837
-1.8910458887503276,-0.7749468093159926,0.5937727504019827,-0.0977408878325535,-0.07415797260384166
-1.6341421135459566,0.38156061193753177,2.4459145061351504,2.6081456150561904,2.903046858505339
0.19650963870675822,0.6501166560742838,-1.689638306060714,-1.0344323764606664,-0.6568519632713857
0.6873502562512706,0.9273523448391772,-0.7847370161006101,0.6091513299093441,0.9148482203941097
0.9552084807281529,0.5659403377650017,-1.1140267243274764,-0.20860377906476835,-0.4328084672353477
-1.3753665816866691,-0.8924148611225291,0.5052055549749948,-0.048578135562703836,0.23626606710639947
0.10466082827369022,0.5265491649121858,1.2408742492299023,0.666599911608523,-0.5466519220626564
0.9213212934672542,0.7965642472727839,-1.0538528652677137,-0.5737005810336201,-1.8312211204539837
1.8983734586487773,1.2859204934460122,-1.5026891447598434,-0.5002407881375353,-0.5927270346616057
-1.6591740566015054,0.17553207733823806,0.2087465107524742,1.306000690120666,1.4785249418998703
0.2266409436565269,0.8823108631741966,0.6437342877874963,1.8444483861233523,3.270294886210694
-0.16207564522218373,-0.12098181970162042,-0.5543974756087005,-0.16036635564141144,-0.8450954218751859
-1.6775561231661922,-0.3681100125658789,0.4894389463439932,0.5194287102928344,0.8374697737601083
-0.4829265193430351,-1.3795703474528385,-0.8903867725631165,-1.9375008941744163,-2.196248416782959
1.2616285465609405,-0.2728907289741821,-0.7791022142920512,0.2868992980182664,-0.741349908652263
-0.8814589470730162,0.575843842045676,-0.40700802238497,0.4305391823169095,0.7129771637974872
-1.3799094922070538,-1.1314673511096915,0.9675243427700893,-0.9006671797254685,-1.2232894981238411
0.8836779739895236,-0.08578566621085199,0.980647957734945,-0.24584903444452544,-0.35782038493360413
0.06624059558579842,0.5191097354093208,1.5743152118377757,2.2311470590042353,2.185861899881552
0.06768464375697578,0.5640308248044416,0.40697059353164566,1.2890518231673798,1.3602600106786464
2.1311824901523546,0.4361153408978198,0.22579854739234007,-0.9357949852840178,-0.7114321514830553
-0.4425780205804228,-1.0448595205672637,0.35670127133264545,-0.17432972690795162,0.3267153325682488
1.7513527721105488,-0.005367821332115774,-0.7369833514040015,-1.1751826557166458,-2.7719668662175545
1.1589960847284233,1.4409388391701512,0.18718281304495293,1.8228192156062981,2.062557558121953
-2.078635011346078,-1.7117224786639595,0.7237543927162753,-0.701047528423877,-0.41403271317769913
0.00426860927865958,0.5327755219063129,1.18678199487124,0.6477277325751788,0.7602083053703013
1.406338598014285,0.824428147246291,0.83055068894223,1.8448713769733693,0.8251471978600349
-1.2579072331658527,-0.38534163277997385,0.7930800937820202,0.2792232647767833,-0.4879122244387651
0.1020963069021273,2.3003225274997723,0.8583152576415567,1.0348090160387327,0.05579235740734356
0.6338755220791803,1.7303030298936326,-0.17282042639959258,-0.4155020504257768,-0.5487990076335976
0.19065193222011786,1.1823578450241863,1.0954908992796866,1.5465200545598907,1.1065956473336829
-0.5335962802742973,1.1016050162197075,-0.8144365198372386,-0.526345135659033,-0.6769038302908363
-1.376936615878113,-0.5050515081895082,-0.5014500038726741,-0.17906203175092628,1.3415429959878684
0.6327938697025899,0.9189994341735864,-0.6420300467687824,-0.15109708884263776,-0.4102789368289711
-1.1177756309849352,-0.22284190578094704,-0.13845867649172244,-0.08900565435786251,0.4932616283610467
-0.3473588130454586,-0.24179517460452699,0.20577793842548292,-0.2044745691700281,0.008798279135440845
0.8038753637759712,-0.30597072670746184,-0.5962016372961119,-0.4500156624593487,-1.1551389172144853
0.03799925155163545,0.5094388007294799,1.251816373332711,2.7134022468423287,3.513976376313428
-1.4478816833746673,-1.7453515696708584,-0.6741699447750569,-1.1158444262250822,-0.8155348189926137
1.4008030174745905,1.5745235008136511,-0.41148304899133714,1.1132656818956168,0.995885237872373
0.21299563113136763,0.08733488634909559,-2.0288635415889282,-1.1404767555674353,-1.619616118063961
-1.12957174829291,-1.2305974519209277,0.20368632486754865,-0.6988399147599277,-1.0671685702690974
-0.8068049291690877,-0.30638055239513645,-1.1876753988675803,-2.5120689291803084,-4.0252561565190135
-1.3225178416590484,0.0676676292723506,0.5281931902680206,-0.09282051598537139,0.5294914771180151
-0.42870367475285875,0.593719590899512,-0.5057246909513873,-0.0027879905789759962,-0.8197939780031124
-0.639463552761891,0.23486302050701302,-0.9743722256552649,1.429577491229395,1.210914151279814
0.44503384398600926,-1.035982262896558,0.617147553061008,0.18112803642783992,-0.24718154913022347
-0.0937020589373179,-0.8433166375100885,-0.1926818018526288,-0.02491657983932205,0.4901783595287278
0.3159623207332345,0.6272059303757622,1.0206235055449135,2.1516254920921485,1.673396355549071
-0.40330544673385293,0.08338385723154212,-1.801554436853401,-0.059723432344593874,0.03801044934325533
-1.0489452040726492,-0.13476579457192106,-0.5281910518602358,-0.7319099441128837,-0.07911370270078277
-0.4785935961979427,-0.606214835836888,1.1100892900919406,-0.45272185522714437,-1.5600469646713564
-1.4085505928523647,-0.372887840992794,-0.26820330957394584,0.42406597342286423,0.0791497006279126
0.20753857169657722,0.46819291912239774,1.2645191389704329,1.2432282660083407,1.2828096328005678
0.7416784747437106,1.1339612516364073,0.09120658680956059,0.09357117651914493,0.48350973986717977
1.0138481667914052,0.6921140079378224,-2.293915628014656,-2.1619948184593674,-3.1236035788097913
1.2963813252865333,1.3588784207392701,-1.622040447368243,-0.6750529629062477,-0.10209191122085559
1.3382902015172,1.6230171687604271,-1.0065177568535526,-0.37343944227839176,-0.09851738570982327
1.2187801803001554,0.16498740339377116,0.09224690816219588,0.29037937424340193,-0.04768436522170555
0.7158833420693083,0.012468649350614591,-0.03671120672410047,0.06906391976660603,-0.22976686171631494
-1.186322023942334,0.8771352501854919,0.7714266437600807,1.7379305328437078,2.106584654794554
-0.24460561371427963,-1.1501619132300334,0.35258432455779753,-0.4504969399168084,-1.1406525237174248
1.2226366424885393,0.9333151144513292,1.6633512719966732,1.2592586714833442,1.0733394305361088
1.146287949830799,0.05134237796066676,0.35366347411266513,0.8617808046349565,1.4781887437648322
0.5660553801772605,-0.617877718007273,0.7866890017180015,0.34524420664635586,0.2593528119173875
-1.1290961184088324,0.35768067902235146,-0.7159027289109763,-1.5704449475571032,-1.8877741513653772
0.38739442416924535,-0.20419122995304176,1.6213451032383561,2.1681233764043917,4.1093745231134005
0.468159862004394,0.3021407423323382,-0.7154060165753687,-0.3253451589016966,-0.7514987703734857
1.2714012744803354,1.2600930954807126,-0.04842620992253521,1.7641811996218912,2.473962784242577
-1.288670004962083,-2.459599359095531,1.1847210197717146,-2.0064310606993243,-2.114987701881502
-2.1218261444785065,-1.1988922193794882,-0.09960847682566076,-0.5543493394806766,-0.5816777088190327
0.9952393146643749,1.720600384482738,0.0005968984491018237,1.2522575783395615,1.9112818642336795
0.9447461444487789,1.1919496805123269,-0.4588040516663542,-0.35728571289001393,-0.5653124656377599
-0.0005199497556011187,-0.314584594162829,1.0257275453369377,0.4246991984936229,0.08977401220356668
-0.09640919821385696,-0.2848752774885611,0.5479235207857903,1.317217740454303,1.253284656209586
0.3162238206974503,1.6464003844468027,-0.413313098218752,0.4037804256749,0.325986963598482
-0.9213562827422304,-0.31120067586733213,1.4069798186505338,0.363336956589551,1.0904465504661538
0.3123294435929979,-0.040099401897482595,0.5888779597745,0.8151041990912058,0.7045832588301295
0.012630720649509907,-0.37698963213103337,-1.473694698019167,-0.5846824120736955,-1.111620421429756
-1.5138755902439067,-0.07606302617906757,0.8287558167992748,0.5802044703958567,0.5823443471855126
-0.9110236606610665,-0.2753879311067647,0.4214629631107659,0.39244149248554605,0.3737152780800159
0.5497873628151632,0.36199263383167757,0.746459636196033,3.2398151343182424,4.290286754446839
-0.6156116819587463,0.18565397623525864,1.3053278941777346,0.7458795025450715,1.5363283408547734
0.06741497654148541,0.41051959022761214,0.6752816487211313,0.6075628794495455,0.45624127341803533
0.6845524984932885,0.6177728798154009,1.401178447667577,1.7248140164818515,1.72116999538229
-0.9873724997377569,-0.3886113408176376,0.5783738512985307,0.92535506250036,1.1798290058473704
-0.9434767041245101,0.47192479928726344,-0.28900988455899473,0.6639975299725106,0.25011191767861907
2.2589755751429146,1.0252041137189665,-1.6028167503810369,-0.21447711807678654,-0.6933752247760927
0.2841167541469937,-0.6297833919475867,1.3264853487204298,2.1045019811620995,3.238641608818523
0.28624640611015184,-0.08680973796449745,0.2618192450442552,-0.12825974288428127,-0.4565721890678426
1.9589797545361156,0.7280363946876771,-1.1085711051726417,-1.0033321545962721,-0.47255463445659773
0.6599739244835737,0.49220714742801674,0.6150489668360526,0.17105154986776627,0.5461133914399612
-0.09665765091209373,0.44847060849502096,0.7368089413585801,1.8340367016291497,1.4760564596371217
0.0391501954872607,0.4573239774492975,-0.9010229084675617,-0.6743848548831224,-0.3731628038958079
-0.6484377213999798,-0.743287138530301,0.8127290969740115,0.8119527761333579,1.5952262419810201
1.2094865183010928,1.7267007757757322,-1.8370357763750327,-1.705551451611167,-2.623760920671345
0.45520406266027036,1.4512508377996352,-0.11395273082158258,1.809409594776365,2.5854058550646957
1.1102696189353514,0.9139903172011434,0.4384228369867759,0.499723880532658,0.18285246233338182
1.0302519268933652,0.5037758009623324,-0.23402290346559296,-0.19201846146933552,0.010985649821691201
-0.8536041087432333,-0.18283058915196887,1.8299754060647588,0.7418707689792546,1.1444752116283743
-0.050694875752027774,0.24196134302506922,-0.02701223636789407,-0.7665906313353349,-0.6221926795981005
-2.671258632627497,-0.6300769852597713,0.9966736344847893,-0.9723761153346813,-1.2338596184927793
0.7947099164065561,1.1990274296636279,-0.5912929937667802,1.1159274731920423,0.7661741261485219
0.7396847370925039,0.5549104100145721,-0.23246065546776296,0.5447113338122321,-0.5235356721475922
-0.3611080295768224,-0.7016984223438809,0.9439509916082194,0.5173203055643933,0.41280317356741114
-0.31419726671253073,1.1522888951645633,-0.955949842930451,0.22334191198368614,-0.2106446017314324
-1.1690307856909525,-0.6878855153261739,0.1505225574140424,-0.04007669176517792,-0.012829007880130673
-0.7137878549939882,-0.5026621915872228,1.0060575472524822,0.8101384156751534,0.39886814007276794
-0.036284955080802865,0.3896513915623814,0.40003259850260864,0.39733557088613725,0.39587068401039605
-0.40408309311551155,-0.20562222820977222,1.4348919781008262,1.5145250331080489,1.7475223243434705
-0.22952680471823553,0.495437098070704,2.0766800746871605,1.270318070466109,1.677965168570588
-0.6294716111171589,-0.24907856686037116,-0.38730544405594686,-0.02729082414051942,0.8619388276097836
1.8887492550008393,1.7710238520877453,-1.4189297081080507,-0.03527274839638371,0.8259777864521218
0.22227478451130633,0.1596448870401886,0.5346466079923228,0.4936122824812341,0.7003810610936889
2.0630676453988586,0.12161769952006429,-1.2774147483695344,-0.7243179389658,-1.8915580033956263
-0.06439915464272779,-0.6855870644400924,1.0539653064871097,0.318571430755164,-0.5193353903294489
0.22864090174583934,0.5179465642208678,-0.4747658383840093,-0.4988129206013707,-0.870331954614332
-1.519888626960495,-0.019781325359182977,0.10194633885300647,0.36516661955448826,0.02444807188824838
-1.0049676687379108,-0.5567751011296376,-1.3420349281901123,-1.4969057183276266,-2.394668141902492
-0.19127490138716907,-0.39265220891744795,1.8162508972377067,1.4154511042904205,2.3443669910247724
0.03078968224859538,-0.013670266947975799,-1.7143002236775022,-0.3376565444115813,-0.5053249951277585
0.22757286950375297,0.35830898079448886,1.3061394565573607,0.8612337670411435,-0.45423906393945646
1.4564395223154891,1.6588508707025462,0.6146503113116979,0.15593611341529612,0.263869686831927
-1.0679659588098434,-0.08223094800046288,0.8162182387974,0.5694589363501246,0.4341711448517983
2.0451790065343447,0.6399394239041938,-1.618961457516145,-1.1248132623635172,-1.7313818328323745
-2.002176248488098,0.044718336540966686,0.2534819289118772,0.18222509278493898,0.016155020097737338
-0.4557373926530615,-0.49497782342794916,1.6056038839533042,0.7973919913194454,1.0117039168598392
-1.898880485423684,-1.8636926635707325,0.2991483485852668,-0.5324863113671041,-1.2769233151825832
-1.7047795238056425,-1.1936449035015602,0.3780880977856428,-0.4919154309718836,-0.2748420545208825
0.1034503370841044,-0.6434394171619704,0.3640931474569146,1.3104190481480624,2.222244774398169
1.6197318004230705,0.9137386691806143,-0.8843677645575099,-0.06852838838045046,-0.25303254122399366
1.0143105113490127,-0.2455814369104068,-0.5175863317939567,-0.10881121102454094,-0.7292911337857402
-1.583363818739418,-0.3774590866082655,0.9763323623362341,0.15012217983611553,0.531619942314095
0.16090129486662919,-0.2757162766055531,0.28157287332388614,-0.19351326545552167,-0.8244738335777613
0.4913991547664882,-1.0151187221155342,1.1630873162441238,-0.003809180559191272,0.0017498565405163228
0.7781641916215291,0.09600420259991715,-1.1333064202941192,-0.31347519317942196,0.4424214897304067
-1.0444477008105737,-0.13511520313202635,0.9878432061512454,0.5044790262290167,0.35247601888431745
-2.2903089864555803,-1.4323208258228637,0.03449763139066819,-0.2053863210102499,-0.729910472930682
0.0010162484645782868,0.060621322196043874,-0.03363671770044666,-0.005907502618379473,0.603514876245695
0.14538727219557687,1.8576145111042843,-0.3192067291906209,1.46036143195871,1.2045660407699423
1.0115132167957603,0.4815110424013902,0.1454837322870441,0.5204813993826234,0.27114795069151254
-0.22066327491560017,0.5753318674765401,0.5727206591578141,0.3209548440339489,-0.19345674279827318
-0.467571260598509,0.24401141730141365,1.694627080456958,1.002618033848318,1.8246393506966332
-0.06672486870018562,0.4877645260430936,1.1739500595865562,1.5125854541294288,1.8062482530398636
0.05423059866994955,-0.05616512946252049,-0.8890203584893048,-2.01512234455463,-2.481518553412075
-0.5247567191233058,0.06061785113627127,1.0687913387970909,1.2700411539960577,1.7763078791726448
-0.4485435270489504,-0.5515024982100927,-0.9917184319430679,-1.5313757628447306,-1.9438050215990013
-1.0508433295379274,-0.6180223815984048,1.8574970402893274,1.4905791872872847,0.9834644418266177
1.1371116524348273,1.5848073078005718,-1.797994305236191,-0.2398557367796887,-1.4112279493865878
-0.3967868033701008,0.5184683232707661,-0.3078733087762866,0.09152824613964032,-0.48602987989911484
-0.12408455396816528,-0.6125269014897547,0.8892614032102353,0.7865398153849051,2.418788756582677
-0.6404956624107044,0.710991633332714,-0.18411461370670024,0.7346487775419354,0.20396404567691861
-0.9205330614494899,-0.5677226619648282,2.6556200343705947,3.0014282178968195,3.0974381831658873
-0.5020934054530879,0.786076018081423,-0.8764669049451939,-1.0029342451855205,-0.1575588215833612
0.6359308407939145,-0.06313275194739293,-0.24811004286851895,-0.8820982310924135,0.5915291762921695
-0.2904239689193254,-0.7685166491357953,-0.42008539853235033,-0.9953402422594848,-0.5834828143492232
-1.249547906101343,-0.2333426043418631,-0.3247203616003038,-0.3873071975753126,-0.3871289883124461
-1.1514496480792618,-0.9493092955305634,-0.06246374622029538,-1.3636099689251702,-2.4011080953001085
0.3577479813087521,0.7116570939408019,1.2869337518527362,0.7858133949544228,0.8041771635510973
2.3439983868094365,0.7807581302086327,0.21501185673444623,1.4776766676582032,2.1967123503511425
1.1641588697772152,-0.5279187568612005,-0.09938906692328095,-0.6599532394631371,0.11593495025534695
-0.47670510431171986,-0.37201521011701255,-1.0029401211685984,-1.8550238375028587,-3.30796228828389
-0.06652398768859712,-0.3040994668100076,-1.4433756144135823,-0.6458156776631735,-0.779028404698607
-0.08581411799414547,0.4591864185149545,-0.7577120118692569,-0.11391401041637883,-0.20621978394608909
-0.9804335838996128,-1.100658150053634,0.48788295340240617,-0.2862258889236757,-0.5378538065599174
0.6546325369290149,0.18724726313110826,0.07149189124072516,0.4003054862065213,1.5687442335182227
2.612128403902047,2.227421409096194,0.3926366112490779,1.1330077013138227,1.098791574666993
-0.15607467531027677,-0.09899823586800147,0.08423201366584296,-0.42615965615483875,0.2261718333252728
0.06800585864631237,-0.5440330520122912,-0.9083424035896585,-0.9617773880476763,-1.4228514546445594
0.27656101240063374,1.2609822963669073,-0.07938258598115765,1.536673224888585,1.702352706524422
-0.9461391516308366,-0.20485975814023727,-0.3550678948872215,0.4431947208295987,-0.3719074114223707
0.5592132870099067,-0.23573303532833512,0.7748347851598016,1.3269143721767978,0.5351533789411831
1.5096190515076133,0.9191922746948076,-0.9975694248673029,0.12651768259168855,0.18689697365483365
-0.9880780095063972,1.5785921867758064,-0.3280110599108612,0.9219812330242522,1.160093446176356
0.5071957834538519,-0.5317079582751872,0.16722956628157995,0.7984046983552027,-0.27196376573218217
-0.05261428545832168,-0.1423137506601013,-0.5774410663388038,-1.494808407200229,-1.0987257362977336
1.3203688489788328,-0.7088015741444949,1.5598774981565544,0.890163152101833,0.6380906080556069
2.24900655791898,1.8180266567552161,-1.3100247930457778,0.3074599058518091,0.4582844225175985
-0.5335798550025187,-0.9497222180947398,0.38677866037145214,-0.8196989387637459,-1.224337309252957
-0.6429138848172866,-0.4425043105812756,1.263515817216527,-0.00384449169280654,0.24715283353409762
-0.4680837624244948,0.10003031679341762,0.10283783197209248,-0.5443603730032904,-0.896930356563012
0.8332226417029284,1.5023064785472724,-0.5133232461290903,1.2898411978701074,2.0009651152017023
-0.24147067642701414,0.16791321037255102,0.4593647084686464,1.9358201106268602,3.6068681829583435
0.31087751639708,0.6082976202574867,-0.4922155236898804,-1.0517533646536563,-1.4982312019221773
-0.2810727060019824,-0.8332248026059821,0.32740146488485056,-0.4066585475517166,0.33095571489730924
1.2557000856488683,1.6257319291569905,-0.24418001642483347,0.08210756147447695,0.07081375756506497
-0.6363150959158825,-0.697658372953601,0.6505846289219939,-0.4334911273944833,-0.4445565918402027
-0.07300783046499319,0.8582508613092588,0.2054434674651003,0.48568218323657275,0.39664006998968904
0.21207776867649403,1.1477776464887777,-0.33120193210392257,0.09204121728143122,-0.011294354014447908
0.24132288029656215,-1.3286480224783612,0.00498320280722106,-1.6834636043760685,-2.0923667194467304
-0.6762210056555327,-0.5354100164118787,0.03743214300269607,-0.6137522769371901,-0.4514650912208341
-1.4122068780229289,-1.0372870315067313,0.1954617359849755,0.7125778596794257,2.0003603116795525
1.4326798966536773,0.141463875004609,-0.3427393944664351,-0.35527109591232475,-0.6681225962461654
-0.8660955674638542,-1.697776798085795,-0.7726148650608106,-1.91233257835386,-2.6825492781947187
-0.08763824052409946,-0.4729198673937294,0.817389065104385,0.37198725392913046,-0.11644659517093287
-0.2519460071956762,0.25769829107552855,0.412714880314596,1.6908945046948167,2.482476843636201
1.1733869451627505,0.856009674350168,-1.9175666851756275,-1.9280237787814687,-2.651334091105651
-0.11997912403184438,0.40230744971297827,0.9370840905414595,0.9913042978809508,1.3311715828052582
-0.5599795413032702,-0.8826798062734545,0.8034491956193583,-0.6605448343577917,-0.2576444266223251
-1.046670949781533,-1.3772861552465991,-1.1904059265237614,-2.1618051804067613,-3.5100744138998063
-0.5894164399358182,0.3453667027065931,-0.8757329707872986,-0.4865500589514335,-0.81774819419111
0.9616896541357983,0.17890704139572827,-0.06598358445290281,-0.789606046182492,-0.6330284857891726
1.5611724710571544,1.5772616308739011,-0.41126646862173066,0.9045323772941212,-0.2784643069490207
0.9417187188439292,1.0247369455638125,-1.0181151513010631,-0.2369453569251757,-1.0210779115409672
-0.14383257252100226,-1.1680232271008286,0.640977236679478,-1.648540247872929,-2.1921954104244334
-0.24200755328217563,-1.1550847165471236,0.10818677511537717,-0.17151527131418187,0.03602347906437012
0.8744536957373935,0.46216937335442154,0.9159475779312712,-0.26081707297372314,-1.6426053259943316
0.4752422323913055,0.31509752499959126,-0.061011450936876654,0.0811388895792462,0.8592876960836451
0.4327813129782345,-1.3003104616881145,1.2441984021793866,0.7120208334818031,1.1967842689942807
-0.6614194640671833,1.6216114896652638,0.05778271940489807,0.057429273658351154,0.048375325427756154
1.6191674441572823,0.6607375483125366,-1.1456126345011457,-0.9857803948746462,-1.5688009015381457
0.3571487889022607,0.0758093604800163,-1.2903945257379852,-1.5758537946091273,-2.2585144887948654
0.9134868486950554,0.5838042809428919,-0.0002696629663859751,0.7562103635242718,1.1127394472716967
-0.07771933530519354,0.6685172625016536,0.20327951576554482,0.7828639721765782,0.9921093817396242
0.9413451465898142,0.4295035578582129,-1.2779755622800746,-0.026229766888642425,0.23210118869693797
1.5964130912366403,1.5565970733013605,-1.627508549130281,0.24157793853402632,0.4541542024681746
-1.6069805078794053,-1.6102849339872451,0.20395376266215332,-1.8731174401926538,-0.7576245522486267
-0.8177371519812457,0.08477508089278057,1.3148289160521938,1.1227550251313696,2.336458105100284
-0.19292034615908654,-1.8257737652700674,0.295520601926234,-1.4987340664517208,-0.8221331622482848
0.04069752136262044,-0.13738860648146545,0.0992097815015864,0.8151345417526354,1.9032923076667303
0.39181705034360953,-0.7652050709019733,0.49870744980000314,-0.1115117275584446,-0.2862307871506903
0.3505601110473444,-0.5367127730039972,-0.17745410297004097,-1.790316597708005,-2.7904247970129514
-0.8219328574230029,-0.3845009253022245,0.2918698999514318,0.4687004050554143,0.700798818244377
-0.047692595767943394,0.34063932723766777,1.1939790252155897,1.5017946850827835,-0.027219118553380106
-0.4698857974256709,-0.4316819696505331,0.7402851485377125,0.5997778316669011,-0.9981354053031037
-0.442350452214564,-0.9180915964362485,-0.283296907680341,-1.2336875238532532,-1.56653462305616
-0.9963809942431154,-0.26544343599993747,-0.425688034399297,-0.6658318406797048,-1.4847671601560364
-0.22349813460408158,0.03101862956134882,-0.8589582562895959,-0.25495379578847893,-0.2705774231613088
-1.2936808074349397,-0.5150534684912979,-0.1485955774366975,0.808348082839283,0.7346346936823844
1.2516328180577503,-0.10000051679258515,0.3726420194967653,0.14987969657514977,-0.2883701361564612
1.0613634960121086,1.1987615043916828,-0.7717177063219669,0.12547281130816776,0.24426839280651996
0.3224731278935855,0.6300962090627649,-1.3879690414483368,-0.7667985633521568,-0.6176979641306944
-1.2564981257567902,-0.8072685194801799,0.800597051760165,-0.26260076363188445,0.08186441203678668
-1.3564337177164485,0.6377688136443984,-0.12384025975607055,0.8206448776111344,0.4752311382923976
0.3561960906698091,0.9789878906740755,-1.2767371442279731,0.827345427278651,0.9783881349283746
-0.45310687946478,-0.47854724847814845,0.6454466001143756,-0.6079588004894667,-0.6958241790510674
-0.13560381877950903,-1.2363445773047874,0.7136109180449767,-1.7495179653562418,-0.9833633588496193
-0.44855913636397793,0.07004443979408964,0.43727924726077266,1.0696836146888724,2.0232224010726787
0.735730321231385,0.07835263359196687,-0.23911147843829184,0.40761343021158364,0.5332086782357319
-1.3999167592162687,-1.2356720765969436,0.7421039026471058,-0.07696421131189499,0.8234200303845758
0.8725554827361014,1.0570700980724324,-0.2765135752133651,0.38773072776738904,0.03926703291554101
0.07314796117770922,1.0457228041590367,-0.9284761431730506,1.296133392640746,0.1775824605516625
0.5341853323574585,-0.19480593882654007,-0.47395356276027145,-0.16062567400406502,-0.07792439360437953
0.27172010340815933,0.2213024967900592,0.10098885211397064,0.8888544013180848,1.4892238382562515
-0.36488788002175876,-0.10228417534072652,-0.44264486854409424,-0.6097260133793939,-1.348614940063622
0.8790804497372892,1.0217799271592627,0.8016498446985938,1.2681499092626285,1.9316917256245414
0.41520024661613164,0.9166381926843468,-1.1164024118900167,0.7158807601325384,1.5462878035794112
-2.75876106300577,-2.2303223620795642,0.167424681313326,-1.1740023821993493,-0.5641213825752962
0.07788521382558067,1.7590532003196104,-0.8373196189088536,-0.5722894678190715,-0.8743486761228282
-0.46018706776962204,-1.2741730077697406,-0.2605327982498509,-1.2670142158895659,-1.9236641534647885
0.48517232677017114,-0.32280857361033033,0.4337709844635183,-0.10994155307218567,-0.39476005663073105
-0.5152854187119681,-0.7542268877473691,0.1927102876004369,0.3038606632044066,1.1046528877796242
-1.690671310390298,-1.18563910419252,0.7037920449291778,-1.492243522930035,-1.82962919803039
-0.8463083529543058,0.22765604602720468,0.826896202566693,0.700033357705583,1.0285790598691387
0.9109203158500492,1.4302944889473874,-1.449668399551044,-0.40745604381199196,-0.3350471123876864
0.7913233379550687,0.800075250587833,0.08028130919510923,0.5889873240982006,1.2677573750885538
-1.2643909084185192,-0.6082625637445158,0.42916231232646607,0.3438251000970551,0.6076125142730445
-0.8056645092108597,-1.7078825337196402,0.37660394566121214,-1.1864701962084152,-1.6775381153813838
0.7287858730368316,0.00823395669332655,-0.8230038946134105,0.13043992112535674,0.10973828372814587
-0.33259591387480686,-1.01255343449498,0.6569153868301117,0.7061226616195414,1.394557200499686
-1.4082784861108826,-0.06198866611419529,0.11745695074804668,0.6495474733599658,0.4118160470433198
1.513506052669582,0.6486326713685021,-1.8029995194147694,-0.764606503113626,-0.609341636470857
-0.29026698664006284,-0.904993457370368,1.7304005093873793,0.8575837238792061,0.5732395721734027
-1.0760323811361405,-0.6345167421952357,0.8873727112938635,-0.3134156246615997,-0.538165952000862
-0.7564768351277001,0.06342393684228048,-0.057457253781991735,0.19940044829859613,0.7118359480504628
-0.26552749259721614,-0.5943654023897784,0.1531146355518147,-0.7233012307806224,-0.9704612290522291
-2.227078829139036,0.3482208888181153,0.4892438239320137,0.35421222950925135,1.4052631215426714
0.2910890608805774,-0.005850735955724912,0.9163335431648363,0.539647523101655,-0.5222749211687349
-0.8528104600080164,-1.4297058734312431,-0.9261962166297837,-0.4902544834526974,-0.7221290149650805
-0.00011299161263919251,-1.494441655083036,0.43505507734285553,0.08897383307044582,0.046950838417704706
-0.007356048020821405,0.5985310471439547,-2.175009228073983,-1.5476787644928032,-2.042379145910912
-1.5229484680268666,-0.12910928723032222,0.08599561979864995,-0.15983044098659038,-0.6363171129789499
-0.22110931137656167,0.8629388312621126,-0.5597392858039012,0.13223045597067318,-0.23030268816408836
1.5370877034562338,0.6926471770344336,-1.6423007877699822,-0.27191231394838256,-0.06045808272275249
-1.1201744016501116,-1.529100909705077,0.37920798826312396,-0.2638951585850698,-1.2568564340661303
0.5878867286822694,-0.11808465797653,0.26762765664786653,0.969533523926484,0.5784328307077947
0.9768750550587333,0.34312792095629047,-0.6372255402076111,0.10470317016169411,0.9331912167439624
1.3969791262809252,1.1636410945053872,-0.7292120949539742,0.31550665410107104,1.0577394239532194
-0.4564475991160506,-1.166726759075666,-0.10150781530617711,-0.5591190912638251,-0.15206123847577668
1.5997416100540913,0.9551381041083349,-1.1253102469328966,0.092223545019053,-0.8265505139524646
-1.0260475643208662,-0.34465881810580584,0.0624135433913551,-1.0204831398203227,-0.8610681664945423
0.07491196745263934,-0.5137521384414568,0.2883737369945374,-0.5444669202468555,0.07632089273315523
-1.2617724605232779,-0.061149355102741,1.6257664712074755,1.2656708269886714,1.6324413543687941
-0.5682865848403751,0.3195751453431315,-0.08211824945720259,-0.07856553158201685,-0.009568236811483416
-1.2832707907936054,-1.753195373514477,0.2068188956838018,-0.09514183084896588,0.15271092509614329
-0.6409742463893079,-0.2971736214847073,0.010058893658000306,-0.9731173530186836,-0.6515088522405713
0.7015372468120511,0.5866986135075547,-0.2334575412277831,0.9139739153086329,0.8120347569491865
-1.3584725484928144,-1.157227148690927,0.48895249343433084,-1.430315668060573,-0.894181837484328
-0.4365177309103919,-0.4204114746630473,-1.4726128378631844,-1.6200646053309242,-2.3020252183463397
1.8966190770480351,0.2786480914401255,-1.148560933837067,-1.2916647573392415,-2.1414092148077404
-1.4228212714462785,-0.48560011637984246,0.590320397652402,0.2696003965376792,-0.1376180358964782
-0.8724857973740882,0.1467897958273487,0.7059486330656844,0.7658958897990079,1.7957421521219754
0.01424113834740708,-0.6281564350134032,-1.1339867734712596,-1.4465035716820467,-1.4851590563946169
2.155678154342677,0.565710421118057,0.13523339909734455,0.8174300780067266,-0.4289919869535883
0.5005728283750547,0.4729693540580968,-0.29251588989025845,-0.2378227480786028,-1.24662981487581
0.5450440536617457,1.689166833285608,1.368990089390003,2.0232626569615912,2.4233838311202915
0.5337244014497342,0.5475030776400994,-1.1859548045678472,-1.44270560108346,-1.8978488559208264
0.9550794855097258,0.3114120786533437,-1.6161580341722062,-0.8197679226367125,-0.4291719467255454
-1.4956793969539124,-0.8683534193873402,0.40926598930614366,-0.5167457093261738,-0.34865336864309604
0.9193844477840052,-0.19264894807532218,0.902335577037983,0.8611848374709188,1.786752671833737
0.060240624348749945,0.21667226042194945,0.5201172591380435,-0.27529096692875576,-0.45874701440650506
0.43550720004039234,-0.8901940699931924,-0.9343867689989714,-1.2786269677705357,-1.696645368304753
-1.0549058670973155,-0.4693451090757406,0.7942019199980779,-0.047605834972321515,-0.06679673410145119
0.7073192449058644,-0.7795128846690189,-0.4825718712211624,-1.0831159768049476,-1.3800280610220184
0.24473969893105801,-1.1235866528971574,-1.0767351563870144,-1.9132971094969673,-1.938595825395129
0.1295771729480856,-0.591627293511793,1.2231751063864638,-0.3978772386379631,-0.27163046883973696
0.01660846640263634,-0.3669441772845166,-1.5862580821280852,-0.7279789276410816,-1.62103996451983
2.1838582203544648,1.0238666522943076,-1.304713621132964,0.683824903126114,0.7685048657414869
-0.4011632727396539,-0.5591865529235981,0.06841428636303717,-1.0035872667240757,-1.6061810584812266
1.2601993724566802,0.9184031190214472,0.6782391892605988,1.5967200942785835,1.9177515231299187
-0.060891030313334794,0.8215020537432465,-0.4926626520841957,0.3225689788768431,1.4676442928773143
-0.06505339603689816,0.2430391483983853,-1.417262653435652,-0.3759030494692719,-0.11004080486067391
-0.06941835476299442,0.2404692562874038,-0.39754764497710804,-0.39286014626440946,-0.5383453743238983
0.38152923000524835,0.44900233729183636,-0.12228633263571827,0.38459250961220437,1.1112312420081123
-0.7774052507390639,-0.5749854538956419,0.6028925065574395,0.4019641001614419,0.7069676067698647
-0.4855030034787783,-1.6079202648879636,0.03946754481974998,-0.9544112047854688,-1.3895607409986641
1.1875701900220417,-0.201136589633644,-0.8614932223004821,-0.7074970021067767,-1.4201340441362111
-0.04616321661331268,0.6852039610900437,0.5792278077283167,0.5685120161222614,1.1331624254351174
-0.07863975818902431,0.32531912132083923,0.01263958252664406,0.8353202899163598,0.6066069976237289
-0.5366170794308058,0.012302801939963637,0.21925753333498887,-0.15399255441792004,-0.27362918095172967
-0.04363923702298655,0.24514881291920337,1.0184083327641347,0.7078146845737368,0.6243432032539062
0.7980469215199326,-0.16495480750087066,1.5414280919937076,1.670603248440702,2.43690966396089
-0.323329654960903,-0.18581585470261505,0.432933342478784,-0.3542584748388885,-0.2555653241257052
-1.1190913446950497,0.06195974209943622,0.6918283315830531,0.4760745258073704,1.0521598476110539
-0.789258645969133,-0.9034335916084832,1.1551138885914212,0.31966142719300805,0.05071831994835668
-1.4161023846069016,-0.9792806039958128,0.6118296878107692,0.3340911699907602,-0.43887129137826325
0.8061291421446088,0.4557066897400635,-0.028633223672864028,1.7204508368672842,1.6891957213977926
-1.143286159803377,-0.03121808304018503,1.9724989869415062,1.4613392657290682,1.140277949392614
0.2105191582671545,0.7480898238379212,0.7935567795960154,1.2833223779561238,0.8587619318072162
-0.9924085878410382,0.38206877079190527,0.4708360598814403,0.7462259374891173,0.4542511887981919
-0.7151133104436419,0.5688109604692133,0.40468125883152095,0.9684080290259087,0.25780546303082974
1.0884213272005046,-0.5316192682331934,-1.0571787831061472,-2.2117653850638908,-2.904214082524947
-0.8557850204878061,0.1513155519323336,-0.03239516414466381,0.5663098094982099,0.5839232896198828
0.4691172256776071,0.3951403131197948,-0.47906904575049003,-1.613848796289592,-1.4533733359567842
0.44707588182992286,-1.0944480368148124,0.5300539896406457,0.2798821999216829,1.1393847108862465
1.1462563946349467,1.0811119227006636,-1.2085406454505385,-0.5643085025321457,-0.675363947610686
1.3168145584497186,1.4592754364913167,-0.23696510122160924,2.294313993675206,2.3721374865198253
0.5667671639062766,0.18286596827000817,0.7633570777393107,0.8534717294629264,1.0843328891778987
2.279442763476511,0.6499503363000394,0.29061443801186315,0.8129082498871816,1.1323082149538477
-1.5851988299565405,-0.5265056934243519,0.2719468175028428,-0.04825662682174427,-0.6701570070566257
0.6719486991220075,1.447786303434678,-0.6540130405267716,0.3787943578494575,1.1749235199346781
-0.24867568634478193,-1.009241616491587,0.805474476193929,0.3908038065441009,0.4835196064457895
-1.5146479539127524,-0.1067828966032498,-0.1865767136592607,-1.2099918540493668,-0.9838147237101867
1.4935924583428615,2.017525076898634,-1.0056693847556706,0.48275843594549284,-0.1732723628939583
-0.15072260634584977,0.058938891993095543,-0.19811446448425263,0.4412471222300606,0.05029157560524922
-0.46123964818002244,-0.7889932577373748,1.142768055162383,0.4905907677005019,0.6355534504754132
-0.1676875108582026,0.1521859289317748,0.8214934916271748,0.6173145249697843,-0.09577748806843234
0.3925997697122002,0.03236189379858978,-1.292259404428009,-1.213495719856541,-2.344898318526615
0.01134673855179535,-0.8245199138277002,1.2200697219625156,1.2254711463739814,1.6055996138102753
-0.7029909711312574,-1.1544620872781235,0.22402624365551563,0.07267366432789069,0.364645947573893
-0.041550540958026995,-1.7670538577152184,-0.6171362795075682,-1.8398715908516043,-2.0365140618732887
1.5113006334961625,0.4291668378568541,-1.097247334906997,-1.4174909947077519,-3.04867470542112
-0.24392609923521894,-0.4052482331084025,1.2249065365079133,0.07941868072202563,-0.9909988947690562
-1.0540579055062986,-0.0943857266522446,-0.9607108132736552,-0.61169142997969,-1.1068247223142873
-0.6962789445367532,-0.7657912658259471,0.7505157805871817,0.048571018042211325,-0.20000284328457085
-0.48617680147466147,0.7141853439756982,0.9607066492918324,2.2241440146793394,2.411077713826223
-0.10244465302488413,-0.0072385945699410675,0.07808630880398233,-0.3478662932650504,0.36172000088565803
-0.8927152678371556,-0.4273350637568078,0.8488960364081914,0.5111138253085632,0.5253886674641921
-0.1914305810084816,-0.5439832801254118,-1.1053261802408478,-0.45961307240803084,0.09595944652762822
-1.5049800600381686,0.40201077841678934,-1.5096919397791215,-1.2560624766879787,-1.5634311501735074
0.7985069143423773,-0.210461498793158,-0.4507077779883891,-0.8483881181701189,-1.7069285922860051
-0.044883782960404135,0.4336913734754294,0.7115831265231901,0.014909623962365837,0.18119292498165923
-0.27103150739115106,-1.0853176232035946,0.29778692971830206,-0.5140654455919162,0.21153335277542484
0.4157745383496375,-0.33465779487515407,-1.1695482914819135,-1.5737851906989853,-1.8406551670468878
-0.536276831496174,-1.3234299518335273,-0.1382182974433914,-0.7539742938263239,-1.1074950007762219
-0.5827168782938268,-0.26077428238255895,0.1321556223160957,0.021879074891781716,0.20031725474777728
-0.7069828127324238,-1.0746018074662789,0.6464225537110045,0.45601934946933553,0.4494655958838811
0.2665510415609983,1.0524166881364274,-2.428051451965775,-1.0708536890786537,-1.3931645027788149
0.3281217972100741,0.8770040082653418,0.6656772796335974,0.9264931939601871,0.7886062834253752
-1.8903180851437358,-0.17923147970118924,-1.3375666675603122,-0.9318576199976851,-1.034666950526848
0.7153804142211295,-0.2966786702179116,-0.9547813577255951,-1.1922452582355159,-1.9595850925404725
0.22603875991377118,1.1215629206435744,0.9885021254715153,1.5517513494448172,1.811470884951117
-0.8087814218335603,-0.22775820554602455,0.8173448650981625,0.5465821104411358,0.5806963900364338
0.41085863736212147,1.1762648047153215,0.2687545885321561,0.7375948755941653,-0.19316846383851694
-1.8468988340328303,-1.6748920001806389,1.0043504855083434,-0.6065526062600224,-0.9828819422313986
-1.7301129408705826,0.4917491875973289,-0.1597751464947248,0.7051697240175534,0.2586483013417632
0.26554088529443487,0.5998541521731781,-0.279004777014414,-0.4865216754916679,0.01845768198141784
-0.8888385470727257,0.14880614707760959,0.703051823638266,0.21047653278452316,0.41163520845933554
0.4894153539260478,-0.17858497652121605,-0.7944471408797517,-0.5438827372821818,-1.24565180636193
-1.8417751935780755,-0.997412574971326,0.45786362552706045,-0.2697294954519989,-1.1646964023803106
-0.3071659797589727,-0.86837768424512,0.8414270878542423,0.8526227560776971,0.5617923342037326
2.1373246354167823,1.1295943554363927,0.06333577357360698,1.4828912323509857,1.6087474782528521
0.4705182589343719,-0.2550386239136285,-0.8761296556174871,0.5517425257140793,0.952367270112846
-1.008100054007638,-0.9779896962098016,-0.3256150143910026,-0.9574958034348864,-1.3241036860002933
0.2876627770674999,0.5755453408413984,0.22558619211275427,1.7902284640619481,2.262417323094449
-1.1777494630907457,-0.8617637512921553,0.37491046565558217,1.2889886109659676,1.7749234964622298
0.01703265597843095,-0.3346734307371885,-0.09504473703253842,0.11574304840947985,0.7804407138617716
-0.3143419315113691,-0.39864599529264333,-0.886823832450804,-1.5884791766692627,-1.7134070855485666
0.7607100290946639,0.29927819973636727,-0.83880446004226,0.7868523333618032,1.1076698911189136
-0.7888093303136764,-0.46240774105552157,0.7219593412980013,0.39415867987880154,0.3222037391715018
-2.204901753515192,-0.8899542560349148,1.5582313268837225,1.2987334692701695,1.236431240349595
-0.2512953870049045,-1.8188100808638512,-1.1915843355353393,-2.0733379309237114,-3.037252750093579
-1.1931779723478297,-1.093820179834303,0.38333228847735046,-1.6719383268678762,-1.6141676465965338
1.677565233426163,0.6203467768903057,-0.07789507595800088,0.3806888441303121,0.13651750438474097
0.9483494466328238,0.8751757307463973,-0.03608599506817525,-0.2280845141975849,0.41586006881777177
-0.9220717801538353,-0.08810261696601657,-0.4179847054440186,-0.3186958801829628,-0.20632690570197962
0.4996642308045119,-0.41141019685839475,-1.2781242997813655,-1.6559082866770751,-2.292387764908291
0.9748962180972154,0.6232988813558776,0.565775044270375,0.8082848952806747,0.18803824609413478
0.09904593577525724,0.012579546530977335,-0.14963403674855988,0.6129940001283632,1.1784813008914035
-0.6313249746763141,-1.6740828426629168,-0.4131337187645671,-0.8802448738263651,-1.4442085840522776
0.09413805363784516,1.059842119702298,0.8378139011110712,0.194667091949827,1.1703787039147746
-0.4062922384993028,0.1707573329824215,1.153054752389544,0.6091540250870733,-0.32860748197762035
-0.4641706048331648,-0.7194911895636151,0.25479172311109455,0.2769749534562649,0.4439083817014314
0.7014379431332524,0.9771887007264686,0.5157450746541095,0.5700239706884578,1.265957291822248
2.9685181544496198,1.441821862086383,-1.980875326601926,-0.7545963421141731,-1.0404560532467475
0.242025487400935,0.959831506879903,0.6389095095128222,0.5531493950327427,-0.01908937509630948
0.23740979035698323,-0.36095166361279163,-0.6201289509575856,-0.5734721868024472,-0.23670531710510206
-1.3018023661979743,-0.32699114886665437,1.0836239365988876,-0.37672605935926207,-0.28259139572528325
1.830987516048575,2.0541750716740035,-2.3555220072405216,-0.8447162188815024,-0.758169252172238
-0.8755931653865378,-0.14310759886965002,-2.0457610640541297,-2.093653026684598,-3.3785218483264834
-0.08921588567813277,-0.45168455693560977,-0.4147052756992889,0.2632253315234572,0.2269925733489206
-0.5004960051071785,-0.41693825787906125,-0.1745168463297438,-0.7710439775476454,-0.9447227844656152
-2.252428706837067,-1.147011063565658,0.2637008548717025,-1.0473038814031161,-1.7817808539672106
0.1629461093301347,0.08476325841886802,0.13504097918761263,-0.020602582228713084,-0.5469340468896604
1.556512685286914,0.0034790732269908142,-0.5767881787588277,0.37447222620297177,0.3300718974800679
1.3153107458020545,1.7028840574627477,-1.4331971236553964,-0.03898545195585211,0.3230659222681831
-0.8871764315456615,-1.3856560821672697,0.9658641061020772,-0.08717117297977925,0.1862156694379586
-0.6283670699706377,-0.3763519220797047,-7.776888008931282e-05,0.7449236597968198,0.8813887855417241
-1.3610657303482032,-1.078512933596441,1.42404208863486,1.8835315083169315,2.6745962915733217
1.6481916190485915,1.0810684673115016,-0.03969468283916705,-0.4289720124102476,-0.5752568581373809
0.5165882525502581,-0.2313298334564871,-0.4962133356061398,0.1925587473395266,-0.3133202861826813
0.7617577858441176,-0.14417587849867464,-1.0504210302093733,-1.2657615381036607,-1.7030690886921138
-0.6059617650667514,0.6676703756790965,0.6417811855172629,0.4872955293293614,1.4821532397593082
0.7941800817839391,-0.6373405626672171,1.1397962322250188,0.09890201301150148,0.01863286628538252
-0.9950576191580676,-0.12228425777093205,0.5105278668489792,1.8041654470865973,2.0787110701566767
-1.054899803751373,-0.4145114914440493,-0.21556729065653163,0.045175179310513625,-0.03927141580648371
0.5329524305553969,0.5934666915269826,0.8269511750471663,0.9995564492512233,0.6279556319237839
0.8518297177540001,-0.8064229504658043,-1.1133539390930534,-1.691804654989542,-2.1790285842217783
-0.0919187527463764,0.14128016521776926,-0.22858295829020486,0.1525505502720938,0.02063385775658258
-0.48634086431013074,-2.3725679970422124,0.5371222206375575,0.12411924367060645,0.6418554804509591
-0.4069313145149533,-0.130186471212846,-0.05286562793933264,1.1977472976331147,1.2933936061114772
-0.9587461318117033,-0.3771168957437697,1.812750775381632,0.862095408660888,0.6301523707840725
0.4881500470749492,0.9821995051445698,0.5911966654073215,0.21080755408470886,0.5788613591819189
0.4886201973408165,-1.162740290379211,-0.36439751729470515,-1.4651139924845804,-1.6908291041210344
-0.11866833182381553,0.2919670303905104,0.49215997691812374,1.0374522008168208,0.5874341536991868
-0.11787182654782362,0.984923566158524,0.8546035924211551,0.18941614386762806,0.38068191859421463
0.2372012376672939,-0.4129826818771859,-1.1519050067703682,-0.6444196649390742,-0.6644353106785585
0.2584058717241611,0.3592601800763411,0.7507774589782572,0.927030529687646,0.4275191978702001
-0.5011893895631828,-1.0669577435570357,0.40028301534442323,-0.08595627526889599,-0.46630231170074377
-1.2421988291905923,-0.7579403258802817,0.03561069706424336,0.3701929543484412,0.2745653694204484
-2.6797654856974584,-1.4037924776706991,1.6803343874209364,0.18726386638638132,0.5895561912764395
-1.143559050376987,-0.734634990364146,0.5702177565495202,-0.37100794028696915,0.655544768401878
0.6964607210642773,1.2890878868565263,-0.3943579111284695,0.6311682034049536,0.9110538621309864
0.9368579976368119,0.07944360983917764,-0.7890798380711963,-0.41983362794618706,-0.7435820942750919
-2.369015728512284,-1.2515286976256041,2.673140098553449,1.717659426503846,2.0651082077187617
-1.0084216281747476,-0.9876817244318599,0.9337392313145138,-0.08531501357700386,-0.2306746920100824
0.6333973424813443,0.00014088267189854564,0.47462331689201154,-0.2654499084895028,0.4563353263695534
0.34890024727517477,0.47558150376933145,-0.5947762283455407,0.6323777857731283,0.15935855119407616
0.7255812973219924,0.915571960705514,-1.4526940057310278,-0.783133162676397,-1.53466935987396
-0.46582225607793537,-0.5540472741831535,-0.24798373300193338,-1.6887548318380263,-1.741741115968563
-0.3425654466643162,-1.0416307100075075,0.12680833499939748,-0.0919573677825446,-0.07918496057601969
-0.8711185394357084,-0.6307264913944733,1.0538401649103692,-0.0991091955269176,-0.9026227273260266
0.8272905553767472,-0.11995039109173183,0.6905492439305394,0.6795259839616203,-0.16279725482135277
-1.4836313751494625,-0.6570061829346762,0.9080030611396641,0.16227895498481137,-0.25711476663067706
0.27626154294190064,0.11175390319734511,-0.6525205258963246,0.32229006568343777,-0.2424022445390539
-0.07934162453428452,0.09823529789262622,-0.5684464355356676,0.09876121009035421,0.551558342417564
1.6970568616602495,0.04140103289274033,-0.9114955043741247,-0.2233215120094441,-0.916892151929118
-0.1250006145898588,0.31103824949310344,0.48371399569408335,1.383533690277424,1.5047423312741708
-0.7917544428748678,-0.31743690904456856,0.3577948205127909,0.73637302049851,0.7699153508890577
-1.8833407236065318,-0.7641481025025081,0.33490942351368763,0.4009333808959292,0.6959725588112364
2.233854450338212,2.7737630544738283,-1.1409439517783988,1.9437727388376373,2.3456933374012863
-2.2452198602486897,-1.3745073867923765,1.7876570104598724,0.9558577824133885,0.3095430730777676
-0.8910552244077531,0.08550801776222933,-1.0109051274085814,-0.03725169137818207,0.5934169838107277
0.7395697961118208,0.5537368538337021,-1.6377262038216676,0.18482544827340175,-0.3031903054270175
-0.08262023920196357,-0.16543732869019764,-0.7834875120442352,0.1454139818439274,0.4602788232512281
2.1859291271155463,1.0055769207735126,1.0619030216451355,1.2976135480184432,1.582627779658184
0.0014742994259767962,0.5386713798009237,-0.881716199821686,0.9822953906095665,1.5958351262396988
0.6597160050816604,0.036576544921910426,-0.12144933775551765,-0.00725316366481088,-0.16030747657955738
-0.6072537099559059,0.5654288841448151,-0.3385770433573345,0.3303454839879131,0.5141430610921012
0.559944981844,0.1607147016525304,-0.2737809222496253,-0.37322155008503005,-0.16339122192022076
0.5738597012635551,2.178743874662794,-0.40016167156622207,2.4518072135105387,3.0201368427907407
-1.314016701753763,-1.0653541529164994,1.7266938444381283,1.347926108568438,1.4510875682558533
0.3732968999177144,0.48639546763713076,-0.5339068742117596,-1.1132647666838598,-1.822591914975161
-1.65522184655798,-0.6037702829994983,1.7403495504515567,1.2168562153647051,1.7672618170048535
0.08535888491847725,0.2161711380429722,0.32291851936373217,0.7978164558239793,1.168525865561291
0.8648347511885551,1.5789716329480272,-0.17471387750116113,0.5944349453928454,0.5720009149649679
0.24418807102883644,-0.22058984070031257,-0.10120287592882808,-1.628709971691902,-2.446638386735729
-0.616359131705341,-0.43941205592053445,0.677713650231974,0.44448146218358775,0.42793625301075056
-0.589306205238492,-0.535006053441482,0.8487243053435383,0.6015766506825153,1.0051312628991909
-0.7862166823184253,1.3530927539418909,-0.046942011418682233,-0.45563649126948,-0.5259838018803906
0.9711593059094649,-0.24978679087010075,0.07256051035935523,-0.03839914681261319,0.42526540247661687
1.7310570783323573,-0.1427141112735586,-1.356766519244206,-1.453828454844292,-1.040868927262508
-0.08922362751327831,-0.40621020606125036,0.03084675927293696,-0.19191084168386166,0.7370622068797636
-0.08576128385861809,0.7221424368879912,-0.6954727680521443,-0.8018964719918269,-1.0612522156834978
-0.16054105289334955,-0.1569071901951275,0.8752616304542798,-0.02138576110969681,0.379405483167589
-1.0834782924067892,0.335882127135097,-0.15762091373788778,-0.3071897472319439,-0.9759133931669628
3.2141125813765066,0.5003228229949848,-0.9697608526290743,-0.7336425242313844,-0.7125742123838318
-0.30626495835867423,-0.4893750512200057,0.7360240236792988,0.14281380435597316,0.8781075498095211
-0.8533606456004659,-0.8887463901612495,1.4526097007727938,-0.03067392131009561,0.22399525566726208
0.6392378676509058,-1.0199114564115392,-1.2643773119265382,-1.7509824004550802,-1.0682353296480018
0.309866950058174,-0.6022723914549437,2.339937308725424,0.8547046374535745,0.2839519887091536
-0.07043286962716896,-1.0055720798729832,1.2430780391309513,0.07794779763530785,-0.6719081014651498
-1.7835182012003516,-0.2867949456778016,-0.22697859334113935,-0.34011947376747503,-0.26939779189202606
-0.8452478411000647,-0.6091856280173161,1.27249028406,1.4011243041830594,1.8115726050244236
-1.7426688314657888,-0.5197753857324807,1.9542770626889165,1.0125085275320478,1.4101916299626722
0.4445791978457388,0.4428540810621532,-0.2637735873418309,1.2899298972871782,1.7710189268252265
-0.3766637054584449,-0.6833278796852142,1.1395567293298676,2.441139071378336,2.902617905119527
-0.514646338029339,0.33578264992672086,0.6619803785797166,0.047460450086109995,-0.6194878114867702
0.3121395971967391,0.4650017623154333,-1.069761410477269,-1.4029113748149988,-1.5600065994866463
-0.2015977974873443,-0.6373268354988464,-0.12920725313474085,-0.7003531948358389,-0.6068502053643675
0.5025904634928905,1.2663638511931394,-0.5102894987825008,0.30673159931973015,1.1484302742452082
0.6541143826332323,0.4562753196065061,0.44959561299533934,1.7865513730274256,1.295229049525073
1.3431095712664272,1.6773286636104159,-0.4963516572708331,0.17044738720249136,-0.4371118188850649
0.6833671471344207,0.5148545179321727,-0.3593480320035658,0.4612284646968049,-0.1820996597007205
-2.583465931630028,-0.6632935113425172,1.8388375956554293,0.9719805824865131,2.08454099986599
-0.10680580538266896,-0.07853582147550908,-0.36720306424478055,-0.6490781591056243,-0.2390171021487265
1.1600941784237335,0.7670235412687199,0.9157597071956418,0.9897126187952693,0.6656710234537062
-1.4555498262639501,0.1349102885064184,-0.5767814870303396,-0.4672403385619014,0.1351907751792023
-0.5050030461256388,-0.4296183595311446,-0.06101220289918194,0.28783053435399464,0.41255558364822265
-0.18132610095290125,-0.09339930671063698,0.11777707326970355,-0.029551146943685734,-0.26973465049641776
0.07091892076715227,-0.019597254745565673,-0.9760680901345516,-0.2137341640911664,0.14455143097904544
-1.2494399658549142,-2.0465075023837067,1.4504206654092013,-1.4246677724658308,-2.5345782160576507
0.11658476035892883,0.9052477187080287,0.767422340289356,0.25072692407982033,0.41285372089889283
0.1745195176920306,-0.9246738195432462,0.6470495058729834,-0.25531730286273,0.5646439435701023
-1.4817054406270784,-1.334038503669723,-0.9559679240982097,-0.8263266230521062,-2.0482291738851406
2.0284511219067705,0.8443180191415961,-0.7171340625925343,0.052469177329820774,0.016392874056269532
0.042324782961930256,-0.14495410254122823,-0.28878714498189545,0.3405716150416652,0.04935392083575463
0.018003377865429555,0.2599448706178741,-0.570850735162682,-0.7013713970357284,-0.249826739661143
0.9619132555708162,-0.5724976609177201,-0.09845614438060205,0.7097270553953323,0.6459989244628849
-0.8329955584336244,-1.1173703557382386,-0.666217558599016,-0.8088553414383544,-1.1806745406648083
-1.2761285283485697,0.7619522879540686,1.5411988850140956,2.1629798343634556,2.554367132032604
0.8103505796986078,0.7603204883503188,-1.153472364983138,-0.6316670862066728,-1.0436899640154689
-3.922774852750306,-1.015332019082754,1.5081065150026545,0.039155207511438195,-0.9631706954350425
0.31009765750644647,1.125437426399715,0.6361841149876232,1.5262601580671706,1.913338473179424
0.030993421113496702,1.269244896976049,-0.7653656006976978,0.32527712549149346,1.1020515816858154
1.2908813763653477,1.4458103996904503,-0.23419196744067858,1.0091618598430891,0.188271957664647
-0.4444974429753622,0.3491646860384083,1.1712493715196446,0.9281388619878381,0.9522988065329008
0.6657972279957144,0.8517462744801743,-1.6069086244989292,-0.9634658738684412,-0.35149858687825875
0.16792753577775985,1.1331225204941688,-0.5794145824851376,-0.4195437610673563,-0.8155869543529075
-0.4061655714501823,-0.30608363727560156,0.18872282075573538,0.2101267726704542,0.7040983857885683
0.4313060243765146,-0.8227718271097976,-0.014578043522931738,-0.2021772857238281,0.3625363547217698
-0.5941972439112506,-0.8107800754429431,0.4703076079508586,-0.03421367393854871,0.20566646398695146
0.10511854969461303,0.32621282477253394,0.7722186396647913,0.5873049164248006,0.17934015722735508
0.09421155530498644,0.30407927718614314,1.1161646707538009,1.3742445990675338,1.7155338940817444
0.3410150291866982,-0.18564361624457446,-0.5749886534585092,-0.72749421711254,-0.7988768947070519
-0.7908197762460945,-0.9969670900289509,0.5782343949954302,-0.7613758421594187,-0.7644100053396004
-0.6485136686620445,0.5241249835573237,-0.4026913669514187,-0.30095799292382747,0.22971298939821017
1.3636998193010632,1.9304409436907632,0.13576144176865373,1.4081265673570076,2.2008538766094796
-0.5075972071218515,-0.7097345244293785,1.8972455462779432,0.7166316646176194,0.675796524196538
-0.5399291257519439,-0.7699071138746347,0.5747409430474444,-0.2958622714819398,-0.7404428678644965
0.4640898429609463,-0.8920715519190496,0.5066838280009618,-0.40145948671658666,-0.4731373526519269
0.558538751303582,0.5711992314990839,-0.5817453251340082,-0.5192322636030164,-0.9514566837501918
-1.8311880013934934,-1.2487082078919107,0.04622282475076689,-1.0348844236525594,-1.7587629216969445
0.05350900694321387,0.5937723480482526,-0.8078553792732863,0.0018096657353955936,0.1924191682981756
-1.2179783701012123,-0.7686933093393591,-0.2824911684319333,-0.7408059055494598,-1.1529240356393622
1.4466768666110548,0.9002644250942881,-0.017512194128685876,0.8391802710704105,1.7675397934972845
-0.4313753523232557,-0.9968642815467087,1.3173265533099978,1.207943117321976,1.7658065242583414
-0.7535378439513398,-1.5619787208817342,-0.026450059651482005,-0.5023680283442071,-0.9711866129529079
-0.5338409745133657,-0.21820776294686572,-0.7589096769937378,-0.16325288292049245,0.27190517680138415
-0.4175679690647418,-1.4770690040333647,-2.514983074387845,-3.2136930957611582,-4.354975142256731
0.32521537002416634,0.06620153033240704,0.6896176259953127,0.7434043160790668,1.2724372282388767
-0.16417613224430586,-1.2372014244347591,1.5455259321730945,0.7229258499366525,0.7945832976756254
-1.862936660326428,-1.2302990357983277,1.5696969618422616,0.2606780215676876,0.837852007812887
0.6227087352070376,1.177660652376775,-0.857153333922849,0.9589723883156875,0.8918098483549755
0.19956810843760295,0.3322101162783843,-0.12311628215459762,1.3293795835594246,1.1260620311636913
1.0822545976466333,0.8365882514496163,-1.0521012263698073,0.005768013945211037,-0.2299066945446016
-0.647809021778901,0.3765701466748852,0.11727874063494882,0.6016334453846597,0.3713820999038244
0.847903681857346,0.28735706336944944,-0.01044018456472276,1.2320554886661825,1.2072919896213077
0.8300706341595959,-0.033326873978203664,0.048937731630759984,0.26308032740597975,-0.427957783610548
1.5401444561162958,0.31010149112586033,0.623690007295345,0.7251283700881114,1.241536089104969
-1.3509700077091842,-0.2312146076609562,2.1023114472137707,1.441686755224604,0.8166047016026001
1.8482150514648126,0.3829927138787891,-0.029805833270092785,1.4499283939403678,1.493727470362058
0.06216820959285087,0.4387226399275057,1.1389837962506613,0.6207559344792362,0.22459415326715093
0.1043456149357084,0.12833546525423417,0.3010188888051465,0.6907518158281694,0.9624733850021133
1.2793340707764045,1.474200252193977,-2.3655994254403105,-2.0210231687153875,-2.2648467747638383
1.7724451221206912,2.0745089603274236,0.323751362706583,1.4251403214890659,1.504494658327186
0.5635879058793486,1.3939674222547782,0.48057499888838356,1.3388072028766187,1.720565564068089
-0.5751854692702462,0.16312451476342504,0.6577952974232903,0.6036463339192333,1.1760608194150755
2.4332068725512657,1.1381637414320087,-1.280065410035728,-0.49628844172841213,-0.4889526327219914
-0.6724585686624717,-0.9676039488630306,-0.9232904672183292,-1.6628616979430426,-2.873759505542288
-0.5915628152638969,-0.2917646801282743,-0.308689622058754,-0.7405312697570713,-1.7151934465110057
-0.25180818750421996,1.8441764126936038,-0.4313977353005728,0.3990713338288599,0.9199514216171776
-0.7608603085009237,-0.22908633691192817,0.08260816251957695,0.7556496041754042,0.3816503210651424
-1.9791893521151722,-1.659492759536533,-0.5402435328480946,-1.0883113178319368,-0.7658581735875145
1.9870603975986838,1.5936103133405204,-0.30146906353370145,0.5603817290290147,0.38540227412069816
0.4872336579987301,-0.9768396060337063,0.7223110678629194,0.6884895071975243,0.0016577734045409853
0.7004392470455479,0.5707151436191611,-0.8341482498555594,-0.9549571483228769,-0.3871066714284592
-0.6471419029331108,-0.6433240130787186,1.0873089998841778,0.8183584775450515,0.9132974618292262
-0.2731319085579486,-0.12752936216834565,1.1400667634100479,1.322420127705899,1.4102432922108912
-0.12391216408646485,-0.9923925762392727,0.6734706411729443,-0.17892665887052467,-0.6893929847852264
0.6300003596464128,-0.2602016412000747,0.5169742827483478,1.5722240118494448,2.6063518693417373
-0.6547062777229815,-0.6760079935631463,1.0764457337862072,1.0786104585167569,1.00210402069124
0.0736982137404665,0.583498295828418,0.5276061810953908,1.2816072706389043,1.7950603932322364
0.6829985027034418,-0.5436542174121348,-0.40320326242588633,-0.92838118258155,-1.2945480036313
0.623426922755973,1.1016294788376877,-0.8678772718431536,-0.6675553258014003,-0.9879992624628882
-0.05702127351722663,-1.176865242186375,0.24795128188741422,-0.9513413310290133,-1.003491274715388
-2.352352309232154,-2.0305825888153852,-0.4713669501962612,-1.4832798465194559,-0.8542283910199024
0.5238064794622889,-0.2833650043776597,-0.6678557930643113,-0.41980331812264865,0.5116152070348794
-0.9695472817425589,-0.28958180945799183,-0.7766958215004433,-1.7763051033939288,-2.7127683878854043
0.4420667081611508,-0.34015875246450283,-0.9633354438580284,-1.4248101518224727,-1.2234284928477055
-0.3704907620757192,0.04458984543807412,0.7997024055940076,1.9775220835445302,2.3742171720156553
-2.064846196843722,-1.5511341419166473,0.43844212597176924,-1.5508788564132567,-0.3952287104168122
0.8237772887722618,1.1035750892631653,0.13013807407805525,0.5772153442590671,1.7258990094351851
-1.460394873981978,-0.6836363939145187,0.5533428173714567,0.213080884928651,0.04190036508973363
0.12104316742195483,0.9831760200888481,-1.2810487522728748,-0.5463456327192727,-0.8254525004417984
1.4222069766373435,0.6017867728846522,0.5820445802207073,1.6488627670686695,2.0517353951632806
-0.9423527190879791,-0.8806284832864113,-0.008207881874730372,0.07139716354787362,-0.07178642091348704
0.6868019389133712,-0.7483025493488711,-0.07054529830949238,-1.0473995265680607,-1.8660803815730094
0.15737230924560433,-0.34243557750831355,0.12100982398407321,0.1626662109843217,0.3379799386823563
1.0119113325865432,0.32910402350518964,-0.5395019930505736,0.39518957748190514,0.6971482671826041
-0.6858903098829023,0.8196935732569247,-1.8292388585968808,-0.92491109038154,-0.4350763989005191
-0.9937369154555358,-0.09361108268674939,0.3722943812232321,0.6444470899009878,1.058340247507267
-1.0210802853404006,-1.090810495708052,-0.8717832193965138,-1.0494199773835793,-1.142364464661991
-0.965576340255875,-1.1276316058521014,0.6371099981145212,-0.5275064360471607,-1.5538960353685056
0.6383187455183333,0.9302147837780868,0.5013168294594544,1.833140207975145,2.4065575360127474
0.2711002311034379,0.45313474998419445,0.15429908321841923,0.23646953852037103,-0.4385527979191542
-0.2066219268122248,-0.2843720845122132,-1.1390319469796926,-1.3808528090770795,-1.5835602799216346
-2.1519324677593277,-0.9939252435750615,-0.763031212116752,-1.1646649322356437,-1.127279727366532
-0.4908832281429213,0.0882572414245002,0.3075840154128372,1.049740119694854,0.9039849941488737
-1.285224328537179,-0.1196973794811641,1.7662540818174444,1.7386917884034774,2.4930306187338256
1.09762084424837,0.4446167875305649,1.4897479936473723,1.5908207568423203,1.445926960490248
-0.2967316111064828,-0.6932728686112445,0.011141758891392198,0.28489524325440296,1.1138251604448228
1.6605536732629862,1.008589467104798,-1.0851346577443917,-0.022295815092760074,0.45267721762706337
0.19940847498845446,-0.8127846473833105,-0.006038952743878653,-0.20812356648810948,-0.34782952343848894
-1.8050254380995547,-0.2752648734621699,0.4268888802222587,-0.9038774688606375,-1.4455011116775978
-1.020824381837807,-0.8566599023759192,1.6633135846678355,0.8510654085093878,1.0008650908946455
0.1426575320638488,-0.64381042646694,0.35775619158894717,-0.5485196596888268,-0.8646712687231708
0.5794716302552306,0.17579973393645454,-0.5947584569515227,-0.39456925517206703,-0.2034614368776526
0.7515182018684445,0.23241408705712358,0.2111601932885639,0.15147998867538795,0.4363789067984033
-0.35177594652313277,1.421240720541725,0.6589695649054963,1.0932712223636654,1.5068255590830102
-2.0431123477524773,-0.1210305125600355,0.7587232175163476,1.1733506350249243,2.026885888928585
0.37626046085804854,0.5716263250539092,-0.12349203312379337,0.9627407454579385,0.7891747280835875
2.4671483169692427,1.9301402839301107,-1.3550453064865278,0.5780886782393884,0.38310027610509634
-0.20935770843797163,-0.20858892089895398,-0.5990211619966708,-0.6476051938480955,-0.7184198739706881
0.1857823588299059,0.6055497470916471,-0.33704091282609855,1.1400464476628338,1.2499566544823617
0.25488001828589957,0.0029311962618676773,0.8830455429334645,0.88269251931487,2.5935891918844747
0.3706452080071113,0.24393955816211615,0.49898795036393717,1.1295287710879034,1.3579963914406057
-0.9484931104858829,0.07972115732579432,2.255693457716004,1.8231300699584307,3.276272944483845
-0.31382503568583836,0.2481070591507696,-0.00497083994706124,0.5595099943251848,0.031364354873679945
-0.8064650221136067,0.1642163184225297,-0.9723019829953018,-0.2846497381098422,0.03168061108075837
0.6551862318515459,0.36972192235548224,-1.2239905499882247,-0.582155615917583,-0.4917028370809836
1.0387158054901302,0.7155756837270515,-0.613328571097217,-0.6454530722662959,-0.2896929853680355
0.29519092062061947,-0.03623384722950582,1.8561751222912153,1.6490421500879233,1.2542487885179088
0.2004172451006905,-0.6251667130591205,-1.271118336457982,-1.1168303071587447,-1.9981885094385445
1.244383064999183,1.1776962843997034,-1.6043481426226252,0.12449865363592172,0.47733571762830973
-1.973168516965285,-0.9889067937462369,-0.5325907453163558,-0.5215230112504319,-1.12686968682927
0.9804081946509895,2.1968423235129353,-2.1397064542680426,-0.1844765404030042,0.48724777464907143
0.06339314851642416,0.6425107173670723,-0.3012846825225349,0.8624639620845325,0.9008282860104775
0.21851695826352033,0.2780912318380888,1.370521153954816,0.9285445139462729,0.5805504016791954
-1.081962106829231,-1.4180523392631974,-1.026075024222973,-2.23963432496056,-2.1740002686983084
0.4126062068879129,1.1583538788018322,0.15403600076530327,0.848282776211707,1.2389273256210627
-1.5069387104642158,-0.3654507930164455,0.0408391770836804,0.07010970527407093,-0.08679730932922823
-1.7819393761188094,-0.7992056595943103,0.5037309085676251,0.3607213755604845,0.15625876653915444
1.0481521553344662,-0.0727855098904221,0.8310510145123786,-0.7069510046415599,-0.7193229552893805
-0.9387045982711603,1.0113920767753717,-0.17216036613131286,0.9370031559734175,0.47161083588978014
-0.26696365155537294,0.5409762825821549,-0.05161379512924351,-0.12956028863859903,-0.18181527402985337
-0.8548549270618987,-0.8779369713976788,-0.6820513624581175,-0.01378045657914262,0.43198445687401904
0.5425591537560366,-0.13970830160833259,1.0810653994416497,1.0499965954109094,0.9901419534559264
0.6544677562419706,-0.3418600923731529,-0.09585337039336811,-0.36814960806364416,-0.504235594076842
-0.14733036096527743,0.21276253928750755,-0.10911111367020299,-0.523086272678757,-1.201362852394896
2.252937455215339,0.8672637209230392,1.1795493205142777,1.7263500502249554,2.8715649824538287
1.1420930477891449,0.36313481448403706,0.9094522366585795,2.08794695987177,3.018613860637525
1.0580030032296357,0.7578108049265877,0.4660361334090232,1.8946363993930428,2.01372759252308
-1.7764154359878421,-0.37962319011544654,0.22056490546482643,0.12357970575236599,0.2891228601888035
-0.8350086705805906,-0.8831546575327334,0.3165701919190366,0.6139345136434435,-0.2616938257317465
2.2919115521960114,0.5911640291324579,-0.9717418620002312,-0.1360938013483557,0.13762598500354062
-2.5917196663283755,-1.70212639136991,1.4172235616552327,-1.0124515682642647,-1.251509647752049
1.0179881243875109,-0.8186449435592649,1.1146555724313267,0.6984742495317083,1.5547294689850575
0.6025579573124198,1.7434219926626824,-1.4215565556993137,-0.4588797170304382,-0.6596911409581006
0.34596031210022665,-0.20056131860700047,1.15217773120392,0.06780024695448028,-0.6573164080959042
1.2653093162201916,0.240024688044972,0.29768021333639405,0.19612633571290547,0.7675157818342857
-0.8335835643983601,0.04311730212013448,-1.2467227303603217,-0.8580298171733376,-1.7354257313728092
0.9598211520507576,1.719661937562819,0.22669038649552342,1.5906451206136771,1.8460172589121617
-1.3980411324063549,-0.7517557076558294,-0.17487711685405644,-0.5250210795667534,-1.4800976114273023
-1.8945970238583794,-1.8973480591540222,0.07636622354378803,-1.0528978164728926,-1.4565186634832659
1.4499740082444248,0.5686756181224518,-0.620509770516895,-0.7129338857771943,-0.7520730623163608
1.4254475371912765,0.5120175809100684,0.06744289052809221,-0.5404769870787316,-0.5806097639427421
0.5326712170772114,0.5973346034828217,-0.03226561069091788,0.1291438929509081,0.12998302825446115
-1.068386452296755,-0.9226875144407856,-0.41453904660557217,0.31190262426066306,1.604582515201064
-0.7804500186706718,0.09255934288511819,1.0590230605596729,1.4233717118480498,1.6333713793427436
0.03370715640454829,0.05677673244921333,0.46056300640770936,0.5936089640869276,0.6382359983800983
1.5892762421228135,0.31320902774706144,-0.31538019844112336,-1.3042922510071384,-1.365380724215912
1.772363473014013,1.3681505159657636,0.6212263617870504,0.8560417377412186,1.4087314912527487
0.2427755189967156,-0.7975700130468395,-0.4528227930544635,-1.216847173530045,-1.5998897771282767
-1.5703146493754427,-1.6379731824111916,0.16352425056490855,-0.5275102288009185,-1.1225113646085978
0.33106742913856624,1.4174350266242741,-2.324782762399685,-0.7711351238006767,-0.3584805260296725
0.4855778708217465,-0.6119981675367172,-1.445548209876111,-1.2155345091830159,-2.3788576519756366
-0.0329314757942564,-0.5525123200668448,0.018995656603948103,-0.04842498827674713,-0.25215447034052096
-1.1405503062290998,-1.3652809659093803,0.2866311344168471,-0.20696433774793838,-0.6681785730263967
0.45706242847506323,-0.41467156606138966,-0.4956857524048921,-0.7065454693717234,-0.5669239005769118
-0.34552926141705753,-0.8602781583853054,0.030415936778183966,-0.0419077856270596,0.6636640442443879
0.8237141231250261,1.0928117449824593,-0.21173322980779258,0.6074039953484537,2.0687190656096943
-0.40132456692393326,-0.1838625226849658,0.6596710312242842,0.46152934237242677,0.046059165546543324
-0.4231950774511898,-1.0718982735041556,1.6446980508328624,1.238155300524527,1.5419023580957536
1.2692082496486123,1.006073249538396,-0.7523385101849129,-0.259992026520767,0.6784984940916403
-0.40763803974204293,-1.7176758848428204,-0.2630926948224019,-2.162408458741915,-2.095988749388542
1.444812227700759,0.6402171044431634,-0.7488395204176985,-0.5254281918031627,-1.0989290213370109
0.9778808618735447,0.3183467825942859,-1.2140475508631376,-0.6967313031663301,-1.1611926436588045
-0.9992970229925852,-1.4072682051112837,0.4785727858078166,0.6030632564174163,0.9173893315388891
-0.11357143914605414,0.23044918583264318,-0.06794715441760782,-0.16907414044636632,0.045319992122285546
-0.7266775546603667,0.22048834230525544,0.23780952865933672,-0.04170265210723173,-0.8814316395457193
1.5982749970927654,0.12192950508090394,0.4636116978767907,-0.4979975327546731,-0.9992430106980783
-1.6369108552021672,-0.5475054428931355,0.4959819300051343,0.34533308226582915,1.6812973607655786
-0.21014083090940425,0.40938514782172314,0.11890366054901341,1.3206793816521425,1.8189797341334444
-1.254408535812923,-0.4718984103147199,0.10623765856393391,0.6478984149494667,2.1138091931352627
1.374868589925046,0.47525803952999546,-1.0636298339754073,-0.8996887341452677,-1.4858082606354677
-0.24392883524354492,1.5842383256035888,-0.1697915866329848,0.44198700862558526,-0.01638760019707486
-0.8908886479851167,-1.4969117833710672,0.530224562825147,-0.6051984868494954,-0.8146409254981865
-1.1528622227550793,0.0739506687794631,0.02124369858064684,0.08039703570650497,0.39042111271868163
-0.5433576340900729,-0.7908744736510402,-1.2567334335667824,-0.5673102032410812,-0.8204828595629441
-0.30948683376391967,-0.4178655998306954,0.37550800026177517,0.8075107566192146,0.9194699018442073
-0.04812325046380689,0.4529228988816789,1.3647403782121783,1.2832297294033799,2.2477319323813836
-0.4284901456819784,-1.1248779646893479,0.5548016343833555,1.7158624003136873,1.9395635234011173
0.5969284525357036,0.7864570309403949,0.40681188261286005,0.3620142257545818,-0.5298648499443321
0.2870293560896916,-0.403778709874476,-1.746915972366327,-1.583653792970186,-2.4692854969295395
0.17344575041251103,0.5068082197767999,-1.7063992187183934,-1.2354075492722765,-2.721158999001034
0.6036754599369583,0.08544399180823073,0.7729920955850829,-0.16377899769780324,0.1101131130869113
0.0785013720311399,-0.8058485488850551,0.3243119716492487,-0.7885532335599009,-0.4090534201963245
1.2528536868341382,1.4605297481132267,-0.41670780820496967,0.9329313858591967,1.9178967301757548
0.4759278768556106,1.3486493864651041,-1.1684197628460256,-0.8015051251784242,-1.4819148235244732
-0.39705416621829764,0.12816279798180638,-1.4200322402089303,-0.694738268832086,-1.571205611650473
-0.30783110832554195,0.2266781585267687,-0.09515110803624038,0.6810616185959975,0.5269545368347301
-0.18632085353398248,0.278615736612396,-0.6474668189719488,-0.38702359415625814,-0.32646440087360556
1.7223304786489357,0.47272837005761614,1.5006664164856343,1.5837404506609865,2.0157002584611052
-0.28022621636311756,-0.05803321622305206,0.8664570023553871,0.775002493567693,0.8684952362715306
-1.279300496892648,-0.6467895113951848,1.6800167167915574,1.2204601321381792,0.5083585748568576
0.31947027759279367,0.2794099970027952,0.08662025823350973,0.2786776694996332,0.9040614458637226
-1.4127589284785074,-0.7947029225817854,0.8512187030605987,-1.2018764790089573,-1.4410356829385842
-1.2112704654147688,-0.5093467665477961,0.6994801879964441,1.0072771496927597,1.0348717780963772
0.8935646858899193,0.7523582441621655,-1.4590018351500995,-0.5883752166573936,-0.520604242881658
-0.3340798982620361,-0.055478409665446995,0.6503130441431836,0.26765945818843884,0.7579277431907819
1.1188790162210218,0.6239141677185563,-2.2194849652254454,-1.5464007924475311,-1.3678719321077462
0.27356361482768626,-0.2803776742944887,-0.012065161256150328,-0.0022924657292014983,0.023347802747031757
0.7784072328782976,0.7244412741194828,0.10131709824475404,-0.8717451264677921,-2.06623964263291
2.10821042435428,0.6908902365244887,0.31672570182626236,-0.05596381998192734,0.021798024588507492
-1.4712224740560191,-0.17942415243851795,-0.5105078480109313,-0.6172479272012409,-0.39639339587731487
0.8529209566733796,0.9054231623575006,-0.0734124044573359,1.002571840822715,1.0851057160371367
-0.7505349914170915,0.018649987569076154,-0.8826474577733948,-1.4480255713509997,-0.6916208341840699
1.1149900885737924,1.0930060465857374,-1.9291560720296932,-1.0613544752135036,-0.8796135211157887
-2.237462981950811,-1.7273714940430147,0.30523395746259996,-1.0056975734507023,-1.4485122327839313
-0.07730542432480923,0.449491118316936,-0.04003873284191803,0.49355584157259547,0.9089260937749971
1.6562140352695893,1.0826134350261194,-0.49519789482945337,1.9441079432383317,2.3128990916162984
-0.0963785491880902,-0.3500345999791785,-1.8389128921330822,-2.2589209496047618,-3.5098643141427335
-1.4252889684507566,-0.8735403276443219,-1.6236591474366806,-2.8697990514483047,-3.320568185867245
1.5491569029555747,0.43502037605233645,0.1944100841844551,0.9604193536628984,1.4497189011271567
-0.6369042506655772,0.763352670576757,0.6277168174202994,1.2704077969601208,1.2338792908180936
-1.025713855612003,-0.09889450665071597,0.6666161189121613,-0.2055322657295433,-0.8316227516215738
1.3054813798515865,0.8812902220047002,-1.0741248236341627,-0.8468823417237789,-0.9589507602729631
2.29304411043374,-0.10444951287716386,-0.6876594955205569,0.8535995107406296,0.7927405583875204
-2.13453909329625,-1.2654083435208263,0.5829837659596976,-0.1045192289220642,-0.8843931701975304
-0.6448089372093567,-1.5001268648991914,0.35959692447195224,0.6130484914447186,0.6950932567557861
-0.26329887150689224,0.2639025560629754,-0.0865565135795401,-1.0478795456155432,-2.105549372461016
0.9327287444973877,1.379548562287459,-0.35332588871290527,1.3468579515249774,1.3899092374639412
0.8239500197446236,-0.10808918166949683,-1.5239020058914678,-0.6414025234362422,-0.28155550614347574
0.2792760316428351,1.024813909837631,-0.6141540433549919,1.0684148594503127,1.7320133906243782
0.895618064230916,2.471332622976637,-0.09939295745486393,1.3867378290983365,2.2821582220759353
-0.6067029998295541,0.07504227110019418,0.3439574939999018,0.681423547144141,0.7551648366213574
0.01458923059698604,-0.28075256861784553,-1.7491114940926875,-2.1771273422989115,-2.0094724063425207
0.5921312794590463,-0.9091345889867195,-0.5722453696281653,-1.2355761642781133,-0.9351938629596599
-0.28015745569859585,0.04042674897101417,1.2579664785657811,1.0281645612964312,0.9242503989454868
0.6283149567819051,0.8204801727052462,-0.960032990450096,0.07133897864332173,-0.6944054828842339
-1.4921836865764588,-2.0185570102483092,2.1345223039613734,0.3642798583408523,0.8938763327879652
2.5209440613304217,0.4764871665706054,-1.7177464725937983,-1.4783511300781007,-1.6527639997516954
0.4875413161478445,0.33546947096250407,-0.5701704439115232,-0.86720547283265,-0.3817134057361923
0.3657532298718535,0.7340455689466487,-1.4738490959375898,-0.9482875065338333,-0.6358252921195187
2.183397018469493,-0.330928030469791,-0.6088621463453314,-0.5790764539330937,-0.48781688825257946
0.44875669418508307,-0.16995831491438781,0.40635489051801094,0.4683650147399078,0.6964267230372254
-0.018779443224404994,0.37232870709844934,-0.9654753613718189,-0.6250644366078044,-1.5998552712402003
-0.7311847246734205,-0.5738805488392865,0.7489012885062372,-0.39199936989715684,-1.0229788008912404
0.1274662794068476,0.4128679974179245,-0.5714282195782676,1.1916004990918354,0.7167438641264072
0.6649326349617101,0.6376720879151097,-0.14431882661781578,1.9839267740555298,2.287895319562913
0.8484616530494861,0.1336881911225557,0.25154685754557393,0.06401208760848379,-0.2723459417368401
-0.7499450188753838,0.8880928984676664,-0.37929736713548245,0.059486032299098046,-0.2371268924619947
0.5915865054277979,0.3027514920161057,0.675298186165297,1.4163609582232934,2.007472596402106
-2.147636901110334,-1.012459933667406,0.3198840088900998,-0.3310669395473028,0.002271331525659004
1.2747657536992074,1.5500023764077615,0.001272101517611035,1.6731814928008202,2.161833853331991
0.4780908182900422,-0.9271357686215167,-0.803447213113388,-1.0748032194800166,-1.244162705073053
-0.11863545188329724,-0.36794060547105595,-1.4008600195387269,-1.4268306758893203,-2.8237392813122106
-0.8139752556241646,-0.7976672717531768,-0.4539499981645079,-1.3453592379917805,-1.0476534529378378
0.12261825841902758,0.06694322236910359,-1.577970275473367,-0.06446623487423397,0.31967035639298147
-0.4882877216357043,-0.8126391650301455,0.9225367615265243,-0.21173991726739166,0.8252449661839818
-1.46709344660694,-1.4066457711637268,1.3624545640649244,0.6986701994972242,1.2597103668365082
-1.9867817569105377,-1.6009172503903932,2.5728906347656983,0.5627973923333767,0.36220207913033353
0.671576780202351,1.2430821999055413,-1.5555331169022075,-0.9259517181383765,-1.0223359555251337
0.05309719999739722,-0.43634163502596834,-0.4225475150826704,-0.06526807722923766,0.1989828057483769
-1.033193290286769,-0.2767391829053979,1.8903682442131038,1.588003288222808,1.855534585005847
-0.5000275739052421,-1.185296923686884,-0.7822164963772736,-0.6800323211747454,-1.3091327651346183
-1.6206321867330766,-0.7426094882227466,0.9582743796328816,-0.25621717799189275,0.8124391145670751
-0.25920390200476845,-0.09874141173108499,0.5706735411852212,0.3200818260425813,0.5369259689821755
-0.12251837820565019,1.239050722315342,-0.25261132073206083,-0.6313129908207356,-0.5878191923329226
-0.4983640068689648,0.27562831047619585,0.9725346438770541,0.3268244728247154,-0.11677157040155467
-0.09819651368848642,1.3326610989582968,0.7168439444652596,1.4172013019149579,1.2468909099131347
0.7802153017806109,1.5101300567612828,0.014165724364316568,1.3288061756171603,0.45146094853196916
1.387467021277711,1.0143092580993833,0.8915675163585961,1.800029985600404,1.5791290258055546
-1.0791874789277434,0.19729858408891898,0.9698021794801102,1.8659663334524916,1.7032553363208782
-0.9947259492236956,-0.783638577790428,-0.557822720459689,-1.08528224832187,-2.1931995431861395
-0.4460493651185274,-0.5608034690201548,1.7099754686041762,1.4610814754751573,2.240707325172064
-0.4324100722432357,0.39778410330724684,1.3381514505007766,1.5617228731882862,1.1428746392543805
0.21022760705197804,-0.5219620107828956,-0.4472467179593718,0.17371162584061095,-0.7721755614499369
1.665451941132146,0.70532405852848,1.2885787605098709,2.054928155447879,2.827030530543091
0.703750428831712,0.2907028553085793,-0.4071518347394323,-1.6278365278341391,-2.269118831651428
-0.16757035173264034,-0.5648502584355395,0.9700177271363997,-1.0265957199523181,-2.1116307355166963
-0.030132691310881025,-0.7653318503494432,-0.9169898209662881,-0.6539921045171155,0.05163005365303597
-2.077992793475918,-1.1055156715481151,1.671042034375854,1.2227681633861778,1.4958085977061693
0.7619596423817019,0.46042542047408436,-0.5950536231839888,0.08964368376172832,-0.4254035329015725
1.094541528158892,0.6647963207261308,0.3205151260922409,0.7801328157908708,0.5982875105582083
-1.3013035564820945,-0.1617154576065573,2.0460197918730496,2.4356959572514745,3.428521621688869
-1.2014701129079843,0.5391306094063246,0.728377912884622,-0.1057209366255194,-0.248401985990008
-0.9271649086539715,-0.47274071422860225,-1.1317433177660368,-0.8794493435530046,-0.6321330056823393
-1.987045477592687,-1.5467838927283903,2.2006545401465103,0.5404235150244102,-0.28529758820438533
0.4352836275335954,0.014720861760482845,-1.2961813365818449,-0.4513031594718534,-1.4402955101921147
0.6629009899221365,-0.17458487905331355,1.0543748410267235,0.9072479444193642,0.5675047046912911
0.7480526508468114,-0.091125542639383,0.44768765661251286,0.7717047839187354,2.4206666545823903
-0.9929786971765836,-0.9243696046182069,0.17776961261850843,-0.05432943582167793,0.43453846086590436
0.504644056865797,-1.1929903428769806,0.6701592628406864,-0.23298048953810593,-1.100574301433766
0.24681051009874533,-0.4536262618179376,0.39191305389741665,0.1291255058975218,-0.6710356152046182
0.5013801112298392,0.30021768878894906,0.08256855622972101,-0.47681198478318865,0.2743019443620406
-0.2122185245584619,-0.27680264451507347,0.4863981573164571,1.7614629100413732,2.7869149323584486
0.6013265525806151,0.7679123969649388,-1.0522206301848536,-0.959382509046901,-1.4875868226444768
1.6043197786826566,1.0148724901508202,1.1319933499646764,1.7993181493524624,1.03448794458399
0.36630975059283694,0.6102461377418226,0.1557083049238442,0.9039091462267597,1.3385095918511907
0.6267499414567057,-0.06951297312914756,-1.5093167919733474,-1.1441769325616686,-0.8127111532132406
-0.5565243072563258,-0.5778836493912416,1.1237311461444275,0.15375560294985724,0.4379780669705311
-0.9616764745589048,-0.7010558780470306,-0.8460646868216544,-0.6849891957822176,-0.6569363645885843
-1.7177670315684619,-0.49475819352993605,0.9443056925065529,0.6603984561270004,1.0047598196133776
-2.9617027015082,-1.888724149586698,1.3924652391097085,0.7796858415690456,0.6387815401808692
-0.8337865726794492,0.8581447728414835,0.9456992962906463,1.7804548491702263,2.747414574373619
-0.9334891171695678,-0.6248156982630882,-0.7383374929088873,-0.8049208054981939,-0.732473641196252
2.1127509419520107,1.3992393048199372,-0.4536489470379467,0.38842793227071687,0.8261497089271665
-1.2832598659686538,0.150511047805992,-1.5814645618878664,-1.05851640988915,-0.4343142162786152
-0.5866395493197961,-0.28960474797270885,-0.42984810110791094,-0.7224776964128945,-0.33833605360525154
0.15029594749523723,0.3602956803679118,0.35087692661595254,0.4820225728557926,0.9224969623900814
-0.5405424515662531,-0.6483009923178868,1.3818784186050033,0.7437902493655941,0.9264715771790479
-0.19172281573989186,-0.7491804307201398,-0.16829536522008515,0.06353950295077715,-0.16230957929016443
0.4506170887726745,-1.1506324691424672,-0.1617286191494894,-0.4442183186227839,-0.4908306869905242
0.5920579374331376,0.4163894958739816,-0.215165965280121,0.13220230805890348,0.5522081520053573
-0.410392688070897,-1.12246839286647,-1.2686991646071992,-2.5183434502984623,-3.086686111162754
2.3207027086175533,2.888756696379728,-1.2033878846073085,0.14138294659143014,-0.7878599554021417
-0.16931928446758296,0.7748824405225488,0.4979230812490661,0.35331478108115066,0.5043151277975803
-1.3795801695221233,-0.8654679782294235,0.44805838425730704,0.3805873011718422,0.22362865706485122
-0.3752821156945175,-0.7652400327345048,0.24790323739796422,-0.33233392670676754,-0.08668592845829254
0.7801092877975041,1.3191222648443288,-0.2939983209583155,0.7487073530946204,0.4115172775211403
-1.0778039294668582,-0.02319068539675262,-0.04926649137247524,0.7656344064371914,0.12210700958269016
-0.1249350922793444,0.2735053041496635,0.3100157726406296,-0.316858371602628,-0.13268785124627602
1.16048985343698,1.044751161137973,-0.9007748201643683,-0.6311488212608141,0.12737525865320176
0.24087409119655517,-0.6482631273533851,-0.2551520780248354,-1.8883593679245951,-2.3330476780035743
1.4339306545082444,-1.5989924308695032,-1.310330117606311,-2.297133510734789,-2.522813958294881
-0.5476207264368705,0.06518466640918658,1.686156969648081,-0.4298322651874573,-0.10139549775626194
2.2648061080545054,0.7125633961590085,-2.3752040049329413,-2.030881204757441,-2.5205038302362732
-0.19182379126126597,0.2972289658089029,-0.12690061562629942,-0.24172273383077353,-0.890215186260397
-0.6552913041299353,-0.6700256274933378,1.9210074417051075,0.8115598792465701,0.5557312812986446
-0.9515003066968142,-0.25987916462337946,0.29806884934649924,0.35631396322702025,1.9434544813850336
0.7326186710673456,1.3890423223772415,0.33495291457367427,1.5003445817994754,2.2496873671844013
-0.6544732941230449,-0.9119427833682265,1.3094070121046089,-0.3203174137459438,-0.9433327852040245
-0.21084635514845385,-0.03863496234728682,-0.40180634904610213,0.5714822642019826,0.12872311374995205
-0.03662090146704339,1.2276502819623052,-0.2407632281953,0.433434387071063,0.15557050848690646
0.422002771012117,1.6753260265198535,-0.19999397952899717,-0.10304663381005286,1.0771112962310727
0.8152402143282516,-1.225614826679736,-0.9997248376673888,-1.9792750997546376,-2.034547760809456
1.9298744238794756,1.3622746097294889,2.2743217538158254,3.3194163334121147,4.220228850348477
-1.2434013399350978,-0.7403071092495791,0.5139756671184259,-0.4563073314900358,-0.9451876235633341
1.0356327917298485,0.7273958193189304,1.1011772231368409,1.9866693499280643,2.2595257984943253
0.5601920207316614,0.7765989069771368,-1.5548900028753019,-1.313787702004152,-0.9685399301992416
-0.5787425471286232,0.18266437853480516,-0.29644417736791384,0.14473414896191283,-0.021352059421406416
-0.15779163651016212,1.065615764168169,-0.1400246001592072,0.2256725448847422,-0.5532346377723567
-0.1417113986280539,0.6097431481734047,-1.3048127606359674,-0.8127690580974241,-0.5296173766429747
-0.08508111597159848,-0.49783046445743356,1.5133602261685708,-0.32904313862425827,-0.24488062499032828
1.0258856935865475,0.1385759099548221,-1.0027944529969415,-0.7568264375284445,0.37389628072621295
-1.0264697483348,-1.6294020499573627,0.5684884106507573,0.2960661729827484,0.32547097607502884
1.255893413349888,1.003440239307774,0.5134376501927727,1.1923634928392135,1.028139076334178
0.7768759102315272,0.1555692478882536,-0.6658071794296729,-0.06331415714518263,-0.5315618350005442
-0.11504570105455539,0.12586954943003031,-0.43395840022050175,0.7765671781880339,0.7899419487895021
0.5211792687598583,0.6038428375377669,-0.13169997579897547,1.1551116071576257,2.6083299825972794
-1.5813837356800027,-1.657781422087237,1.5611518823980068,-0.6458463343655889,-1.4070310015914944
0.17948124821289468,0.4620210380932582,-0.4973705440281696,-0.129327062808531,-0.6074285468037723
-0.05240344173359133,-0.8158175507689591,1.0794095184679107,-0.25394886803650885,-0.5677839128133672
-1.128576437356644,-1.0056170154974367,-0.011769660687596217,-0.5660107502602439,-1.5664012180305864
0.5891892153446078,1.4418973588143842,-1.3857771910264949,0.18532544493601805,0.04816955164760964
-1.2662508479654235,0.002125479777592143,-0.362257528402341,-0.7355828715389499,-1.5487967977752126
-0.3270130715558357,-0.4609777724113766,-0.6585298769420344,-0.53618799058252,-0.15539472337585075
-0.845658447404895,0.13210103472898765,-0.6493126995904672,-0.9385661660287214,-1.5002393789089175
-1.0924502756298553,-0.5354301172741541,0.19238431301173312,-0.24898613602133304,0.16521686840942668
0.5829259920118063,1.3056496392902859,0.4341054614229715,0.493740239454301,-0.8880613464069181
1.2733804847094978,0.4633138604769982,-1.2976301335489906,-0.5512178585907905,-1.0373404625601172
0.5309165058400471,-1.0418422868445238,-0.715614437016945,0.07751948808649622,-0.44126489823495624
-0.6954742325983992,0.7379702847609992,0.8951492709591904,1.7834146069965295,2.1064142527170904
-2.1939352014329496,-0.7285707774377396,1.3912322340245873,0.28901267400153846,0.6615185487748076
1.2575717997630664,0.17478957243363286,-0.811337688074848,0.020979918818932464,-0.5144955184173046
0.04353758239540239,0.6959495468281167,0.12306881507078869,0.1061728096809682,-0.14971038191413674
-1.202852734979123,-0.7089066900344294,1.0356716730626478,0.8948308627216928,1.805086395677372
0.4953288572144457,0.507156511733284,0.925028236475555,1.3094176234306407,0.48457382451718845
0.47897927725733325,-1.1688766496417202,0.27357171203956054,0.1734859021967068,0.43760237319517437
1.7961697610091691,1.373591013705753,0.7464142397377451,1.286889582383241,1.157400871803456
-1.0795869301845014,-0.6435538241387212,1.496113156153708,0.12259340627135551,0.13560146112404536
-0.7694605407369709,0.1856801682200993,-0.7124056977680724,-0.9685685164098463,-0.5577498131882146
2.7523464371230486,1.2293567489633288,-1.0825078508896673,-0.9506048602280875,-1.3367830885891043
-0.3921644294951405,0.6654060348831847,0.44402567608407084,1.1755451096650271,0.9778393249672004
-1.60860850106702,-2.8045988255191934,-0.26657097918486267,-1.2683932181925135,-1.2309982496736842
-0.8473238147549398,0.05000467142433729,-1.1569837888211367,0.06262890917574215,-0.013806231558597934
-0.2986492466121817,-0.47638735878119964,0.5226548200261265,0.5798083022135472,-0.10754849599441418
-1.1655598334540167,-0.14776878980359404,0.8629704479664199,0.9123299228193937,0.6009034493096017
0.2022919732022467,-0.24428605535402115,1.3104448809383378,0.6520828270522963,0.9543178827558224
-0.09710445567470616,-1.7258805467084615,1.4756749455259974,-0.156495368463982,-0.6985211066061761
-0.8803117115112314,-1.2015487420953372,-0.2679823849311027,-0.3595181483217471,0.11701493419140035
0.45249699053381437,-0.042942623143613495,-0.412095779254534,-0.6745023773018457,-0.5261874452924005
-0.6899763514435506,0.19804783705258822,-0.6832753540038131,0.0445022066842638,1.3396003111988304
-0.06567989715684708,-0.7453101737991074,-2.046980302846466,-1.2778077806619537,-1.264526602428993
-1.8197853770251622,-0.4475233081083069,0.573092624186304,-0.5551585245145014,-1.213805142150288
0.12826120628726964,-0.9790358782625677,0.5835285066966162,-0.7676716217065742,-0.2888342802535212
-0.22013244372827945,-1.576365160167664,1.0517880904668135,-0.09254456495083463,-0.33552559712012525
-0.14589888385718647,-0.6889526226102037,-1.1400040398779683,-1.6166708348860142,-1.9241033611547438
0.14393901443637294,0.8346417858788967,-0.08494963166128451,-0.775690854255064,-1.0715158082219443
0.3183129364889029,0.06261590803980013,0.5204781351631477,0.9132646043696326,0.6584093690453514
1.2414497915420473,0.7745007125206254,-0.2754158121363847,0.31248184643026977,0.18099546749327955
-1.0774728319467501,-0.6455570728955669,0.19071538376854086,-0.03360107092283582,0.179415143867671
0.547029161997315,1.4262403765629241,0.1668724233021498,1.4821788623385685,2.0672835161756886
0.055425130481963666,-0.30043036819396374,-1.1587057601541162,-0.33847883962006864,-1.1386589750357892
0.4279336086079649,1.1895700648407537,0.5228484697775431,1.0860708492685858,0.6600043973890866
0.7972327863489355,0.3707332313825254,0.24254689778238744,0.25159458100912646,-0.28983180048475754
-2.9955290793040206,-0.4626774658819537,0.512502636618368,-0.19892770111834818,-0.13332453725486632
0.6158202495362569,-0.6571095527045985,0.5024184457612262,0.2503147024820842,0.1637547136440085
-0.29425998332715914,-1.5632090278196522,-0.8951575914879955,-1.543753047170983,-1.4145682065773157
-0.24533394758319468,1.0611190689307268,-0.4684980834922814,0.11168268577035678,-0.017318611180764304
-0.6028385029007516,-1.545082836238165,0.9394130550585744,0.1219999090115953,-1.1430938312862498
-0.4562129511418284,-2.211973139581421,-0.7364255729051856,-1.3338627042125242,-1.6241485974813747
0.049246688609768115,-1.1645391989990979,0.4695560249805607,-1.3715231139747979,-0.9572009875803938
0.48169198543860403,0.4986671041633964,-0.09807875743116301,0.22919059091404306,0.15724244239031662
-1.7429124500841036,-1.128967729914454,0.27440341036120086,-1.2328188454102642,-1.1447996574044343
-0.9765600768060316,-1.6272546856818182,1.4831705137857156,-1.0273936998441109,-0.8423759144800496
0.7432273313794501,0.06665579320716736,-0.8782670074921464,0.1549831343862197,0.8169964382854522
-0.6090695620012062,-0.253910401311159,0.7028605192661622,0.006526939772163842,-1.0230967736703929
-1.2190806448840545,-0.37166492359399367,-0.1976619183616658,-0.3884593341126209,-0.3746899650225235
0.8385467704650658,0.3293495643863621,-0.7691974471856544,-0.5720645648420833,-0.12555821249860466
-1.4660468349485323,0.58628087300567,0.6564731322821409,1.613990739678132,2.5137650259579156
0.5617502710652041,0.029233946105886754,-0.070811111502253,0.161049037338244,0.3301782701809741
-0.8915331204335404,-1.1055136221043456,0.28511470476816525,-0.8614753607430375,-0.8789665886332464
-0.7668853887867311,-0.4826880043437261,1.0794951267577164,0.12658479789382843,0.5810261382566884
0.27705792582575794,-1.196567673503045,-0.5632752294060664,-0.8251452303658922,-1.3151264739923287
-0.8462554417747162,-1.8894884423392782,0.2970304608218412,-0.948538543285605,-1.2091175591696717
-1.280850435321765,-1.2755351272624016,0.6062836268598408,-0.8194183954380909,-0.9397508250755737
1.4882268475476066,0.8608973478806166,-0.42592183331711575,-0.22541954217122606,1.1134807403233555
-0.12281591927446014,-0.11251347243346119,-0.2740902442776946,0.9904736635491338,1.4881965106797947
1.3840512452423002,0.8111402184621762,-0.7207658471911109,0.3422283864336571,-0.20480634707671097
-1.3435985027070851,-0.6817579958061726,1.298644153157273,0.9425904399046472,0.8409349471684968
-1.11190544223268,-0.3466297146816315,0.06072720247531643,-1.1108550061637925,-1.7298814479902882
-0.24654402338183973,-0.19852643201194276,0.39430909619839616,0.2047085264594673,-0.05077425012562592
0.6563655487432624,0.3635847594164768,0.42573813392461907,1.1662828851148594,1.1950384876666587
0.17761421616906797,-0.6663395320463105,-0.5542342794905779,-0.8768811721755029,-0.07880005478962815
-0.445684104686638,-0.3420205023473252,-0.4122268596591591,-0.42749729317828866,-0.5298523800116591
-0.30199019990676285,-0.6226843826715607,-0.7739256965652532,-0.18430641106101442,0.2677531456886967
0.8093565402867948,1.3375084922358407,0.2912229360477059,1.1630774108432795,1.7485155993586505
1.370960385527342,0.9569523726475744,-0.36139968373868986,-0.10164120360919238,0.30041385626250905
-1.072436923482469,-0.7638604725829479,0.22066108269586288,0.4037091298856834,0.37738004214352056
0.11686018435896671,0.8252145151380055,-1.368181629030001,-0.05063305449727429,0.5202099471160591
-0.5916201204836626,-0.03858446913484742,0.024354897262570563,-0.9717655569208037,-1.386837952529586
0.48859773994621813,-0.235999884612913,-0.18108697988040426,-2.0511050661294314,-1.7580860547555668
0.43090589888478303,1.0420041001785076,0.173708450801636,0.627252752283082,1.488896575280235
0.882405044751243,-0.456588060611236,1.2482608371362565,1.2801220076768196,1.8980582759388556
-0.1525538421250886,0.7836785341292882,-0.36689663453361193,0.2974704580204846,1.3937245886703322
-0.26869872877094475,0.22614359013489085,0.4497833763306724,1.512335626723761,2.1143351208192893
-0.15291475194170293,-0.7711477099426577,0.9302545135943349,0.16587863687364462,0.24636162183571048
-1.1276027056494886,1.0763756391256079,-1.134088205512885,-0.20786274984640338,-0.36227607234388265
-0.30993237684877845,0.2184898703084661,1.043988723924511,1.6702162738813167,2.60833563016061
-0.8867548711219174,-1.113855348850123,0.7153091550309478,-0.896681531523287,-1.5061595395644696
-1.5898128710207011,-0.16978938248499753,-0.6334091180872865,0.23855954531133405,-0.16809407916029873
-0.25556112371729545,0.10389771552070415,0.2784927061515284,0.2417865054767171,0.2567386463758164
-0.6917813046480948,0.025415525819207863,-0.03800350468232283,-0.4959460417472856,-0.6509735022026555
0.43461206068899705,0.35424160821024375,0.8114096767428716,0.05823432002927342,0.09283124637005595
0.03850159771074504,0.09828420828929242,0.32054962430805356,-0.0013561267280702283,-0.19500252630821382
1.1442505414820034,1.3875962070278467,-0.8024778660833554,0.462684223759467,0.8984366215428703
-2.396576700828175,-1.8779044594008094,-0.18783269447339068,-0.7641493583538562,-1.2239926669585253
0.335844035764843,1.1647696519049733,-0.37973654365601717,-0.4290291535839243,0.09902033447886249
-0.303148946869663,0.1746648268441633,0.230093868500381,1.1194831888237164,0.5232964253218453
1.208775514108239,1.256325056914575,-0.07385091700819513,1.622411999190061,2.1459891919479257
-0.6607067784671564,-0.936085186469098,-2.0055691821136876,-2.2879673346074245,-2.913341182554241
-1.0252574738020468,-0.3576908234146605,-0.6983597779934465,-0.4985941246155165,0.3402305132091237
-1.3748861458889026,-0.5902108222864602,1.9052499778832326,1.10869921006707,2.309448163291268
-0.27175702650573086,-0.4763381585812457,-0.18407142014817418,-0.66949138862335,-1.300950386587043
-0.5312794790926401,-0.8001485390710247,1.742086023980384,0.9299559156958774,1.1180005623101903
0.6093326515782349,0.8322230845707916,-0.048054008400012754,-0.26673949497225224,-0.32887245106047136
-0.3294327259367152,0.5901283223480775,-1.7322672175822995,-1.5990561665208542,-1.303616284030063
-0.6888781332982126,-1.0429371479053047,-0.264787367596511,0.0039034535046128527,-0.8171501099909985
1.8720604953811832,1.6288624675692278,-0.7779269499108705,0.32353951870118125,-0.09307884241474712
-0.05752354354579059,-0.9268204330644503,0.5490778758456576,-0.05172260098370911,-0.8341284838119337
-2.0440212229026153,-1.0822114474365803,0.9713628524573708,-0.037842951521182805,-0.5902024321736804
1.261806389450978,1.1482101302964325,-0.666823761722277,0.11093938642845767,-0.15880722871807604
-2.040815157527703,-2.0788801994117083,0.14436839854404548,-1.1932601621890033,-1.5913658086778477
0.157797121779865,0.43569929183810685,-1.3998449914289164,-0.6822271442509023,-0.20896964839823495
2.0186189856212873,0.736352623566024,-0.826580940998579,-0.6660633764477828,-0.6400952177487824
0.1429391624621942,0.44924416775542786,0.9797819323708602,1.911184926720806,3.14767102756999
-1.304353553450543,-1.295991278328665,0.9670587140260094,-0.14144893157118307,0.26079896341090947
-0.23455568260734888,0.7919714494320163,-0.9267839845054674,-0.7144819145556884,-0.4458008685163402
-0.9572815342366772,-0.6122584834427098,0.39730185174809074,-1.1320578387841969,-2.8934066787916306
-0.40148371221553514,0.9443801393810589,-1.295802682600288,0.269246169502684,0.5729427640891938
0.8627264727097839,1.3805326694378732,-1.4336950584593877,-1.9657576024217625,-1.7003321759044843
-1.1210670621903955,-1.3036893581176168,-0.980230894809118,-1.4088077543082393,-1.5370344068194686
-0.04788294263841642,-0.20754573996881961,-0.29674032520213944,-0.07796772765380544,-0.1565813470644173
-0.7247228302788911,-0.38480464372888773,1.2540057056214011,0.6913340704513744,0.5662935756604436
2.6421567039413687,1.481132240739727,-1.5195627697831404,-0.5047628198879903,-0.25249981905226276
1.6843046379705564,2.1778452611569836,-2.079126546968124,-0.5761421183515971,-0.7607253259919877
-0.9251529298053778,0.16071520828595565,0.43273292697802357,0.6815102947658851,1.0054784656376676
0.2567892235607044,-0.6310601123618714,0.6475731323549182,-0.5228025391272103,-0.37976546042349324
1.0384689988248088,1.0265303053744634,-0.1278006090517899,-0.8716381290120132,-0.5692495287507803
0.3452289483616895,-0.4398716745868473,0.6317812038603952,0.030361647720223428,0.28920047767460216
-0.16890121623359847,0.06709315379611035,1.0650028399687692,0.8588364177028699,1.539677717964785
-0.21759671775208736,0.2507114965277494,-0.3022897738229041,0.39291374801872825,-0.10127485754286875
0.721525181983707,0.5903278340624347,-0.8450733525584573,0.21642435381157182,-0.01934117552040726
-0.4969461800083072,-0.4846801134483051,-0.5287866700030731,-0.7450584756098191,-0.3637168961146081
-0.49445684787212946,0.014463517760273187,-0.7113494255667,-1.8234726610347358,-0.986385434074631
0.3713690003466427,-1.1137446873704455,1.9969125120260105,0.8753584915138884,1.346809998161777
0.4066226164267202,0.18883121222244223,1.66863433484553,2.6968335051719743,2.399218468738429
-0.1628011096916048,-0.23761946247286397,-1.0795667790695147,-1.1514074755182062,-1.4964310610073885
-0.6159783680011959,-0.4037737240896617,-1.0542458835776491,-0.4290285578370814,-1.0985257356708198
-1.1873342890251082,-0.32488153362268646,-0.541901873698174,-1.1826749408286128,-0.6068042021890653
0.4711478641281779,-0.3004182874312079,0.5400793578769132,0.5932164971003034,-0.7768702637207892
-0.6669595005533596,0.10683381703681599,-0.6929993420957954,-1.0388205436777345,-2.197466329799057
-0.7601877370427434,0.035919716217044206,-0.12368430547404785,-0.1978032346162867,-0.3420285126500112
-1.112637504047886,-0.6252584863736984,-0.7057495985951157,-0.8203792609990201,-0.7563470383186688
0.9558977056115071,0.7620871938596379,1.5558877210708926,2.686051935902942,3.8607970540641317
0.8555270492005167,-0.19325791477111387,-0.8015666628847102,0.18977683249661215,-0.1683897375259853
-0.1899374065063797,-0.3875511456949434,-0.32355033198132954,0.10041399405181511,0.02384562224044144
1.0632159277098892,0.7125350160061982,-0.17191542775739005,0.8038330310175634,1.1327606807705588
-0.7742501840233499,-0.9784651586055082,-1.6301369957845828,-2.177721750212564,-3.008290229066332
-0.16566951392971258,0.9387512284947012,-0.5782689982420814,-1.3586171556286804,-1.598649717309091
-1.5812060668400516,-0.14253909269130327,1.9373755199429141,2.208078162940973,2.2201713060796124
-0.6686816239188985,0.17773515062077766,0.40409465509210263,-0.8365278153541595,-0.042940393508686836
0.28314792968868874,0.19998270896894838,-0.19762155312064317,-1.235526686914977,-1.6249272703159787
-0.28011318740630237,-1.0070615913765404,0.7887476736716501,0.7951018892067349,1.5247984585551
-0.8242338464822069,-1.5152844115772615,-0.5203828474174232,0.022165699418515983,-0.42135175214863274
-0.13411881950008234,0.5262453924064371,0.7931136964764693,1.3053099984091634,1.3058850018540522
-1.697436896516043,-0.8252770038561258,-0.7758677386231806,-2.3751197933923027,-2.6699533500951858
-1.3574368051005732,-1.57663469622422,0.3493893698516036,-0.5490092712708903,-0.9599619398430443
-0.01488921840577914,0.8184693596603888,-0.07588673874080695,0.28199449613943073,1.05409804864743
0.1027598170812821,0.29269158051792454,1.1787369738580864,1.5715797653393606,2.9636520909435045
-2.3324009653990254,-2.3087697957019664,0.47954210062232117,-1.0650241138975736,-2.141362949742837
0.795351099154307,0.6008785756079427,0.7407427091365836,0.6782681281170955,1.3782248169118583
-0.9748696611698037,-1.015829244127961,0.17813847842858732,0.14717374727070054,0.240768115616174
2.050092510579898,1.1932029383942813,-0.6587825318818763,0.9597433838891948,0.8669790981474117
0.8311522005948419,0.846359062340198,-0.8493703101604284,0.6807937158274054,1.3175696977677003
2.224079718882984,0.47004053513213884,-0.2865008023708238,0.13610266496462292,-0.2771977606185937
0.9052319961390775,1.1265767200519405,0.6328288977506868,1.3566387198851486,1.0540773778654793
0.0887853075339779,-0.5470242391267233,-0.7217139129103699,-1.1558144503960344,-0.492985712262513
0.5467141985480332,-1.1518505794030702,0.3355473928953404,-1.0782340737997285,-1.3437075288627685
-1.3286039832843946,-1.5871649888835235,1.5140660045249092,-0.10468882883388536,-0.23284516952704842
-0.6076583059441172,0.8747315323888355,1.6389970780534417,3.1309918739200393,3.5740891229223677
0.05278342545121716,-0.1818469760164868,-0.567209145071072,-1.5183987163099941,-1.4123211949420267
0.2254710693506746,0.16071437330835736,-0.3958486874219813,0.09440502847168619,0.0924151307803441
-0.6728824085820291,-1.1231338404121152,0.4286271138802187,0.11275954213637068,-0.027279227059570477
-0.6393503084230743,-0.11321557878325703,-2.6533506143140184,-2.1417562439361593,-2.1377218071389654
0.04128806718504445,0.5275725996367984,0.6214291403320749,1.2007250577164146,0.7723492502133541
0.10432171462863864,-0.019793406322888944,-0.37578558227034764,-0.16910350839363322,-0.6870173253400795
1.405746304422733,0.5999607825094171,0.6459927803179825,0.6793417041080898,0.9886695098276077
0.8516981487532298,0.32519889133713387,0.39659537707076165,1.5094819961875734,2.046175130301098
1.0548908787347604,0.09661818681832463,-0.9598476553072839,-1.6816924217263383,-1.2567125035720788
-1.3645199195925073,-0.7097595431533423,-0.4194812598261698,-0.8851244621019616,-0.14227571954066798
-0.09749520805742927,0.5502046609264026,0.2060654286964613,0.43961098190056824,0.002069380864163417
0.8154152127212737,0.7290193052241485,-1.0522802628503947,0.23963475710407772,0.33243414508879965
-0.8915906947923675,-1.120538135042631,1.9221644528973292,1.7101296468190617,1.944246729295678
-0.8939336563689977,-0.5383877511415919,0.6639781560803981,1.4570528709105224,1.2233675150038161
-0.7847973804748125,-1.6029174522825924,1.9322155820310152,0.6949102967079186,0.22062374748797142
-1.1622513539360166,-0.8232838273680209,1.7079555627390994,0.7102324869328113,1.0297999249238086
1.6043436279590417,0.8085197760591885,-1.1132473592224494,-0.7649039041863145,-1.3280069690443241
0.7909379827226861,1.0572162437324812,-2.9226927661297335,-2.675900340071748,-3.5466939226063263
0.9404759779534589,0.760072655217251,0.24563443369492344,0.9797771978593629,0.7748991575433909
0.69703994705132,-0.1965947665987925,-1.0883792010260922,-1.482457100311701,-2.4870308933190985
1.6417587115596382,1.2430374648642264,-1.0669084637720267,-1.4119935128869827,-0.9714256996991116
-0.8711406975433851,-0.00033462357549834953,-0.15293821105193633,-0.4741049082898422,-0.2646507224767837
-0.21906856468619448,0.48843331662610723,-0.41623214218617244,-0.09752349287988837,0.8375542980028734
1.5872770946544967,1.399459806682826,-0.3962486112674351,0.17177948923213238,-0.12765081783673457
2.487048666030085,1.1424688038589128,-0.34499165357876443,0.7239404330853776,1.7580972992445942
1.4384738749055952,0.6693897910961981,0.5330660743499837,0.7522038826011906,0.6353593657264885
2.54324489892022,1.643836487409605,-2.076097480031532,-0.6330780718165462,-0.786945280369924
-0.7273165253856616,-0.15184955320019755,0.3252648476926019,0.13273047877886465,0.761784564610042
-2.729909245084174,-1.3200667205995444,2.1214749514068285,1.1050702782300164,1.8704417174044246
1.0365773139075263,-0.2366083536873811,-1.9744122502661172,-0.9535484208498697,-1.6483437030790178
-0.9494128933960975,-0.47637621864617785,-0.1667711136846845,0.0627493900503932,-0.5511945094100638
1.583787880612223,1.157178668782158,-1.918559469576333,-0.8817966149093703,-0.7800842049514729
2.0676948894523153,1.35628132194141,-0.398412717295649,0.08220538156791113,0.24506488088745532
1.572941008540755,1.0356941839434688,0.16095559048018832,0.5120968754188371,0.7675900967622366
0.09327250839365255,0.6354721142159604,-0.3078417417959065,0.02577655952296866,0.4318508636398723
0.8892215162920714,1.043567127625073,-0.3674033402994177,0.6410283097210644,0.7786866190049412
-0.26607427803785294,0.10081786249979041,0.3868218511284775,1.924869848890054,2.530402112378648
-1.0135516141629821,0.8881484491382207,0.5159120129628975,1.451108271629563,1.5442641386756069
-1.3007372416776883,-1.179118580013503,0.4017900512306798,0.23345689898363559,0.09311008544598717
0.6568781628747259,0.8715623485211099,0.011004379038663858,0.5918506877301475,1.1804737490657775
-2.3478550103358975,-0.1699337428633967,0.06999801134022332,-0.6638093324410755,-1.1704014905716598
-1.085785866541111,-0.8724153259775664,0.5168512993867348,0.4306747696575062,1.2110457285423
1.7707014551350249,0.48457075879869344,0.1834696870081265,0.13438666975009733,-0.3422853380611875
-0.6270823537288416,0.44063984499561176,0.6964132719399665,-0.21697413779441233,0.32733962184308085
-0.8318319075652044,-0.7455246245404242,1.3301991257830692,0.1631610794811938,0.2775805782209716
-0.19428852765711632,1.1532818818163464,0.1604605221913781,2.240595581376601,2.2605511459542114
-1.545198290069548,-1.1421444770682967,0.7032534484600227,0.4448670664708466,0.33211322050363723
0.26113096125930807,-0.035987141221457186,0.20448605833703637,0.07421698176455058,0.877515822487441
2.1072486928615377,1.8778385550934709,-0.6839061032784514,0.3081626619387623,0.12462020141555077
-0.418550824672422,0.9327945945042617,0.2731616756236778,-0.27571135201641694,-0.192278622559263
-0.28640361546869103,-0.7718806847839568,0.2523835815916297,0.16267720162211774,-0.18337441898831067
0.8212307605291739,0.15885360071922894,-0.8991240307588637,-0.6665563169172274,-0.7600590752003586
-0.23271010228661324,-0.25913513082127737,-0.15501739670089845,-1.038675234393591,-0.4718029834736477
-0.8500983401310654,-0.1022794810342631,0.24911391214025466,-0.11441457251391729,0.8154600233924062
-1.7560829668124625,-1.104824794231093,0.6292587079066758,-0.8723505464964673,-1.7821837243679923
0.7765719532934557,0.06100849111497991,-0.5395481292226588,-1.830524318846559,-2.162990293451337
-0.20404440197983834,0.4423541768388886,1.3901622239150964,1.4693046245232673,1.9091868942848553
1.289356410018075,1.601369622816168,-1.9726789911577294,0.7116104644727727,0.383117721240909
-0.4379286923273442,0.3148023227842577,0.44791133443459236,0.8070474692837706,1.0206880762758825
1.4213559618699416,0.5350930601936665,-1.307591838162812,-0.5624027982677717,-0.8405322798209782
0.579913841444657,-0.6132436440955737,-0.10517165053992915,-1.482027879634991,-2.19899123433195
0.08690236049881611,-1.4238594052951574,0.8888710190754533,0.1368245807736747,-0.014155232150397629
-0.10334170807496595,-0.8566837426886272,-0.03534560608176093,-0.9879360693149326,-2.3366321111784156
-0.17848166393169326,-0.29052971087527873,0.47417354152153013,1.4543307824433984,0.34299997109354097
-0.005844769340448415,1.6682971958486013,-0.1915775776939727,1.3024243110848972,0.2297434451259297
0.25309639223775376,0.34852103716134053,-0.9649304030324192,-1.2547832884936674,-2.2059451984497302
0.07852793103143378,0.034891797376873514,-1.8640738122729454,-1.6925162975366153,-2.3974149499845825
-1.2657351301522672,0.8408929412820895,1.3006698464226294,1.913185013777661,3.115657889982879
1.8439761716769805,0.10154252729717139,0.30958957495807815,0.7711205855305286,1.1204107074267626
0.7432547376924545,0.6582692083091666,-0.918494379963455,0.14207466077217218,-0.4073339712410263
0.2719438440594788,0.6459933666560641,-0.04363425612910175,-0.10179549275875799,0.08802959264801961
0.30552676759364494,0.41188564582592546,0.28185882819374086,-1.510430339540782,-1.9242050696245263
0.7674522654217523,1.3819911953717543,-1.1499141410851865,0.16327422225387955,-0.04299415035584625
-1.5098331380087426,-1.2923616221907799,1.608622776780685,1.0176333231594774,1.141336909485819
1.4988331556338044,2.0125021925757753,-0.6329321234833662,0.8470896012747949,1.8813114736829557
0.4811168863685955,-0.4251356249483207,0.1650747892433863,-0.4819813604630684,0.07324042445240408
1.0510496737088628,-0.16769286811470252,-1.1247605018994589,-1.439762072900086,-1.8367469762000632
0.4650492121967294,0.9109762214309669,0.6167839668585892,1.2033785646230895,1.5083030416178747
-1.5652218441394774,-1.280317811914744,0.019662062279623194,-2.0081976264904253,-2.2818563734730755
0.108390207948876,-0.9567193051309102,-0.03730663785946905,-0.5500214129477656,-1.09301371113505
0.09960408454359733,-0.5276673008516343,0.2232135853244761,0.14947588964026015,0.009370208057958185
-0.6742098094620158,-0.33823012391333185,1.762384880063591,1.6697009470411117,2.2986316751770897
0.928554469240029,-0.0531621285280825,0.1068360216026526,0.40277058625007617,0.6270043289132958
1.5022453476819242,0.9124638530759406,-0.8048567914923992,0.6705050014109282,0.8929560566899643
0.09262823153850294,0.11639331691892038,-0.5766731563206701,-0.3510050251577467,-0.5428792651065558
0.7884953700469134,0.19698987801834114,-0.0011186694619242377,-1.1184047073131218,-0.5976020738710567
1.3127902769464541,0.3531369235552781,-0.7640327083561327,0.017290357968432035,1.310835828954702
-0.15099901802204818,-0.25593002490333594,0.6110813794797557,0.5220742079187272,-0.5011013837497539
-0.03657254820058754,0.12228414844722388,-0.7209771329417434,-0.537360263926003,-0.5915781481785768
0.24637906481192734,-1.6625852752263017,-0.17455275634092537,-1.5920460155203409,-1.1866338188500345
0.11957827613979224,-0.6831972088176482,-0.30689823183225684,-1.2515339066449853,-1.1053609081700637
0.2880094573289625,-0.5259092076180918,0.11151991041449358,-0.7870782694135574,-1.1823297408300728
-0.6449653194094845,-1.1303022296346252,-0.8547137018006223,-2.031861844951786,-2.202813356255318
0.24568376607832548,-1.1543443394992428,0.4776638840532609,-0.272081893208666,-0.14255535039857212
1.735351122310604,0.18662110992648484,-2.64668548106998,-2.1069859541371945,-3.130863142244336
0.3997978226234169,0.013971655815408435,-0.8744649650691343,-0.6445258062646511,0.1679423895503972
0.4472648242578033,-0.759847025548063,0.763225079678668,0.8704926001932352,0.7550353139786024
-0.3336327234415009,-1.1244921592111594,-1.2859903845794813,-1.8549622125453187,-2.565912649510889
1.2056484453556542,1.4283047838035836,-2.372815944739153,-1.1225038444326492,-0.7047830711118361
-0.07479838732636243,-0.06779123786213317,0.4380586226875958,0.06006779748086283,-0.46044981708721083
0.724168739390237,0.14278218286876174,0.22323179154220954,0.8713074470751714,1.587021973182749
0.7209209012733366,0.8802077799645095,-0.711242071893692,0.8558229222946849,1.4884237561072013
1.2497166930193366,1.0351404227222487,1.142477666775834,0.8692098877009291,1.3430329196595394
0.20660202886754067,0.7715211623565588,-1.3561984769823145,-1.214614904029562,-1.5790033782102875
0.4109888591086507,-0.11040583403498455,-0.42483012917369295,-0.24061977361482065,0.03573343423996844
-0.16454219041233392,-0.27746104793913073,-0.6113715837911998,-0.24804216459935574,-0.5496192963862079
-1.4775741238542244,-1.2968726356707387,0.8986922847344524,0.032190564597027155,-0.3727129964016512
0.8406085215221936,1.3833633624256634,-0.7505682023030836,0.42371809705780333,1.4381524509648325
0.35989154391071515,0.6087344867278441,-1.4416906949473833,-0.246672350806446,-0.008388917840125742
-0.1956142750292477,0.27611708128029805,1.0257148477114408,-0.12109497228923127,-0.23183671556394636
1.3989943718360274,1.9934488275296476,-1.4116464211717168,0.8283702220387407,1.4398872212283682
-2.004434795638132,-1.2287283638584348,1.6644177417415649,0.8780689558213264,1.3117283395521682
0.5715481673735071,0.0691927401801899,-1.9784186237529977,-1.334274645150278,-1.2139693906009745
-0.06212372764429058,0.2074420232137516,-0.3316887025834219,-1.1441000032971342,-1.1984936884961206
1.2319791766230999,0.3422363357189972,-0.6832636738182107,0.32941906857854975,0.4431030096114082
-0.9684922512503656,0.11223535160957071,0.5926649570142455,-0.8050545033703159,-1.3292690244914294
1.6896954848411547,0.8077375899910482,0.20389798593529074,1.5130755607639306,1.4794885666227466
0.6722106459517528,-0.16317126195077908,0.010436515449496808,-0.22312687565784617,-0.2601240147046605
-0.3056560417099343,0.4753395370316018,0.41267426017787734,0.33309127535863237,0.40829673062397726
-0.24783037244182696,-0.20819092534141387,0.00829850333779647,-0.5582406205730521,-1.0315299087751115
0.4355803956012131,-0.7957797708108112,-1.5764316974150627,-1.9585924212274979,-2.8339928187874226
-0.4141125465903136,0.4218586852646052,1.2512961056182357,1.459834012408896,1.5551486230756115
-0.4259479337725857,-0.64237919524487,-0.3019151012304546,-0.09172642588821212,-0.38915705152624425
1.0797255339972103,1.2692619765676398,-0.37860269139610886,0.25636481062870875,-0.02203307128123322
-0.6583802950490406,-1.0059651650027959,1.980508250545696,1.5408978121011958,2.2783328587198812
0.08002318075211268,-0.5172087009394375,0.8739369384939174,0.2320223593098544,0.07121001758048112
-0.2016913758986448,0.7788837346627264,-0.09791863957377432,0.3439877829265008,0.09039424865487888
0.34867536779003167,-0.2959990682119831,0.8298664542775778,0.6315282391026712,0.7582913289221025
0.824536897736762,0.7611283767843815,-0.08467808261388798,0.9017596190785904,1.7866462920953476
1.5444476232806,1.4331342313150313,-1.12246524241219,0.26178800243167794,0.8305623730749104
0.7686407750833621,0.12968431674465986,0.7073317496438022,0.6500743560626056,0.586345748654236
-1.2215989640985372,-0.7938057535892862,-0.7796909926287563,-0.706458962186902,-1.44556106467989
-0.22370254358231387,0.938774289116942,0.4613923253540941,1.1931158738381675,1.9691379440067232
-0.30419856330295975,-0.07894703457241078,1.0947122350079892,1.2253775059793555,1.4624156947323843
0.2970545075818062,0.24460753842677987,0.375074433338259,0.9760400535203282,0.878655581496832
0.08371466546164175,0.3100775135916915,-0.9413033021077989,-2.034086526193419,-1.8651628214533535
0.08642421122661434,-1.0567226003104597,-1.667164497408196,-2.1113742950378525,-1.2967025896496458
0.41282503967876705,0.7717090901226498,1.2034728420738272,1.7815865959213804,2.2940611505314905
-1.0440494005734726,-1.4530065531672849,0.6243644983542436,-0.3849731475050975,-1.4093411479810498
-0.11105680206997325,-0.5186530912023216,0.8701399315680283,0.3529293160857252,0.9286336709266372
0.10853913358780327,0.5533317774691988,0.029215642862741732,0.1604843226461144,0.19959148741462993
1.2225009222521395,0.8568329159173526,-0.16395323414787039,0.08334709602016221,0.5476883588677403
-1.0810974404391431,-1.2110418048546165,0.8892875510043317,-0.13677923784770346,-0.42004703917799907
0.6136331975734874,0.7657820891709821,-0.09747967294736481,0.23363415943858137,0.5316538355976017
-1.4224754691436536,-1.2733972126411075,1.038695720291761,-0.18169602874793606,-0.4333706464198513
-0.417863566115013,-0.4655872280700226,-0.4859245683191387,-0.050554386006350205,1.0715870284335516
-0.10636050592389654,0.4960093077516903,0.2522979106806829,-0.37045939539693673,-0.6183951424310015
-0.6044698899148193,-2.392683335310652,-0.3650866235278142,-1.2241183325134144,-0.5445645139186229
-0.37003745314877956,-0.6190308329582288,-1.5389715463939493,-0.7342139776996787,-1.423367886496285
-0.06428599461159328,0.7954030753310949,-0.9094195045786032,0.17206354744813213,-0.05884924329650973
-1.4318438502066742,-1.4193874834149722,1.0308529622782463,-0.9728622891727101,-1.3824975654078382
-1.3118894023001688,-2.0030079949730637,0.6861597533280617,-0.06533468078117033,0.22004256213585205
1.9117014182902585,0.03609013533557959,0.15319664793435894,1.6641378085240224,1.878242438070283
-0.3341947416437722,-1.9723771490722402,1.0306703276777007,1.0322518425524616,1.3175733235051623
0.08578345256227848,0.16152568748183466,-0.22805553281070093,-0.04467023259396145,-0.21734045623599327
-1.5445036044919032,-0.10506921616998777,-0.2409698054856379,-0.31460940366737494,-1.171880866348039
-1.0238057888686019,-0.46369111913138195,0.41196646465301545,-0.9870372439840756,-1.4394631008356567
1.3278231939445755,0.37721484908181574,0.474298376277675,0.9514681154171232,0.3299063789146889
1.734817158109914,0.5644045964147548,-0.07831985776885014,-0.27313631573569364,-0.6339227010040962
0.7344847139782336,1.6976788679189094,-1.081041966184082,0.34434236623260484,0.10382222374330224
-0.6489498894178107,0.04214481685176963,0.6092470754394985,1.3530527110724617,1.7580911133556802
-0.18291345589209104,-0.9655383899216198,0.12408272795711277,-0.20800492913524576,-0.5861044769925421
-0.9718220635190653,-0.18266440220119134,-0.7645324845499428,-1.3283356228918266,-2.0149630414617703
-1.868032606611041,-1.407947848456914,-0.20942669040523787,-0.4667832070601554,-0.0914597429029273
0.3538726831149792,0.009312180608669285,0.3459632191844424,0.6502798148774074,1.3427880969589214
-1.9976473293081831,-0.124995153450011,1.2640896479412285,2.058544933226829,2.2938811760769773
0.7351646596509257,-0.1691252522870092,1.8727195221430093,1.262186489214383,2.41087325401361
-0.5906404523968397,-0.656629885043539,-0.5291369988060804,0.35876057748083745,0.4340452196655297
0.8524280154829806,0.7538880557639549,-0.7662730926003296,0.264565618486399,1.1782694810331096
0.17755653457069426,1.5830815136060872,-0.3465130151705905,0.5192649720255165,0.15034490129909517
-0.7531306202575908,-1.1084550390372587,0.9908189589750845,-0.09905320990426697,-0.13883250449317322
-1.7684379211636967,-0.9574980936060156,1.226312089913142,1.3734455295956516,2.162584601675048
0.9366144273320604,0.5576171770143329,1.241241902964633,2.022575640401895,2.5990220394463566
-1.354542249007837,0.09380496386414539,-1.268297817533751,-1.620022247129214,-2.1068508015734757
-0.6851831627251261,0.07577723796926084,-0.49830133462494003,-0.44299143586322465,-1.2590380278330602
0.46184038065691085,1.8805356954030663,-0.03305701713168108,1.5113165337255052,2.274875527834955
-0.13200357014226932,0.6260652602598624,0.6088485164680217,0.2968553338904678,-0.14059705669570477
-0.9534490556039353,-0.26646766637444597,-0.2052011626382687,-1.1100794244016154,-0.7859420889252037
-0.7290764991834412,-0.4322113285253112,-0.5167146303243215,-0.5123974085485672,-1.3848420054151396
0.691630893165985,2.114567308751559,0.3013910967407267,2.5664956971022486,3.66817289809839
-0.2540594818864834,0.5485321384813543,-0.503895306645849,-0.06902938922497547,-0.22101308099527023
0.06152742954228083,0.3661060730124847,0.09442695993769792,-0.13144013576924218,0.17080302933304664
-0.7334968444083881,-0.23892023738502488,0.7835140956798902,0.8015358547488535,1.9049673470206225
0.2949898329642684,0.8600042794809881,-0.2551673081484698,0.6562447364120392,1.2455920513867897
1.2616016033776807,1.0205144067440575,1.2764270275659677,2.1267729001776408,3.354592132128113
0.019669780406626567,0.16804329832528606,0.3286352709930956,0.10173067597167701,-0.2394958404584185
-0.04823193211626599,-0.479525578720573,1.4606218118361236,0.30041805157593515,0.8088604518105429
-0.7214591575695164,-1.0399595514920643,0.31449680757573073,-0.7944153633882745,-1.4303816917493493
-0.2412244675432769,-1.2730851873476525,0.19209863849510977,-0.5777526953465797,0.630522360276836
-0.19841816374561302,-1.3362856544233868,-1.0404868616895557,-2.254010031779362,-2.9990819642015327
-0.8652596891884887,-0.4031291431923995,-0.48499387540895916,-1.2261404988569113,-1.6623495069365741
-0.3876020742180725,0.1786306361085427,-0.2083477381485479,1.011869462661622,0.6165335164002202
-0.3115655738460879,-1.4074011628857006,1.2350467240691256,-0.09699263904437022,0.2521463009213728
0.9116692613128894,1.8825717625343426,0.024543272490159918,0.5730928792332822,0.6749114136596666
-1.2376274392324276,-0.07579139829801163,-0.6737053670259342,-0.5746713464137045,-0.32366636903658363
-1.075757269145054,-0.8564883150221024,0.6532617480095426,0.04680577380164713,0.541867761121583
-0.10208913516211066,-0.908431468818472,0.2546648295043379,-0.7811927657041061,-1.4633945916508684
0.535803473336356,1.3649051229001115,0.010400303903355751,1.4261721966316245,2.2586353894977775
0.09166158699466025,-0.7422128988776552,-0.7658413021993481,-0.47054161091990243,0.543150629994419
-1.2474586888466943,-1.511911411982549,0.22398427483281905,-0.5927222612281224,-1.5579229119746678
1.4245591584948254,1.04458794508523,-0.2420250050540284,0.1864016846350792,-0.5837975906889922
1.5345309339392956,1.3543156228010607,-0.4685028406081804,0.5580458543682739,0.5381969553392982
-2.0199172698286603,-1.6969876871524212,0.30026646665056,-1.191423986844005,-1.6242523660452566
0.9506776437485882,1.3221525848528302,0.016813531276698768,0.5946067930733794,0.42149942704899024
0.2655337119919995,-1.3424920336570336,-0.30922533067038904,-0.7269285397818496,-0.6177887597365815
1.8395317833589582,0.8837016110109893,1.6511783939107656,0.9051752207755366,0.0824599335301921
-2.7018760113790807,-1.6002173953168926,1.2903843040839906,1.013930664384787,1.391471759033802
0.6760222094821886,-0.24204808063683592,0.13252097711719948,0.8063652213739513,1.0762592206120882
0.9714806832004348,-0.3058611031382801,-0.5195597595158816,-0.698923356023571,-1.430907469906238
0.5263650471989709,0.8095207358137598,-0.301781292217504,0.8824025837749057,1.444691316330383
0.30183015869120117,-0.39268360675362424,2.6670361052176337,2.472791507519462,2.001541026796874
1.6753039342830103,1.3428966375057563,-1.0613814588677957,1.1290299910556463,1.3276785871240484
-1.5883748364630712,-1.7824117969150213,0.5672825154844698,-0.765614462799755,-0.2735813007337792
2.5399567167735646,0.18631869403449985,-0.8307389830496967,-1.5665715101650481,-1.8572968482063306
-1.1944017548960912,-0.8417285889246253,1.3849644398562535,-0.46667240000289245,-0.7389984379572488
0.17123041391856064,1.0847094404224409,-0.12436529030661891,1.1581238451309877,1.776729385871879
0.3840925692038153,-0.0779917940325296,0.46828904180934855,-0.41053867710390124,-0.1701789173772822
-2.6962685936798136,-1.7321259481808755,0.10823376581227317,-0.2140258112141672,-0.9976568970112998
-1.5929006585271483,-1.1684057838368163,0.8374488699588107,-0.580338907212446,-0.8248369034726433
-1.6303576486315816,-0.44858122767923525,0.8996825400941789,0.6924440386847383,1.137824186177933
0.4384322764055322,1.1566110987668745,1.1763693285921148,2.069084309888738,2.6856248856309346
-1.1867023341805325,-2.1449529356280275,-1.3328870069763337,-3.0391006091085924,-5.269581797254303
-0.20425924586320152,0.8010594825435041,1.4128046550560474,2.7981779953055947,2.385509828767152
1.1814640814127555,1.2814004321331909,-0.05578155297592918,0.6070689844865564,0.5860830894352295
-1.4501314864701886,-0.0017801976093463345,1.4219445307958944,1.846724118411393,1.71736553090301
1.332754512588677,-0.611178008704555,-0.2323410021485455,-1.3907024182245875,-2.0805313704800956
-1.186809949341789,-1.0622497415596734,-0.4440840118328651,-1.4148543976753807,-0.8386824161551821
0.5081031887633443,-0.6239956710116108,0.02687424158962909,-0.6061528286951816,-1.1362274517982975
-1.681197025910799,-0.4987024429586271,1.1309956778939374,0.40779608246338905,-0.1737988845465785
-0.695289427585443,1.4139021556817968,1.57951523394497,1.406163812912367,1.8586402392015868
0.3636267853941281,1.1666834872843057,-0.2761879659012815,0.6218197596724169,1.6592725606516168
0.7375020884265271,1.814555487399491,0.3555711220657275,1.9398597127523165,2.200930407135834
-0.31760167487064606,-0.06854650207430855,-0.1272979010275106,0.0010101924495506953,-0.08640269486208983
-0.15141857846568302,-0.7177338792162605,1.4396856630229042,-0.27998930537400457,-0.1056555432319935
1.5917055992472569,0.6035073589681904,0.02824072341709999,0.7061538897650183,-0.25966767113792244
-1.5351209862548318,-1.1023199741263292,0.7404914106272973,0.45252926148552897,-0.36367331040422024
-0.5255771498625931,0.27497460360344655,0.014155176840770056,0.10948242964502104,0.1897079221148761
0.14746293704981875,0.8102522334650419,-1.9911511674102258,-0.10275099652834063,0.13174648836077127
1.2263073157926296,0.45965063507939724,-0.8226692321764271,-0.004268064213498846,-0.53182841382582
0.45246444726711715,0.299861279346301,0.8068504592665281,1.6514705358122805,1.5829637316259773
-0.41566210523146724,0.6067240062864153,0.166731184182548,0.48183373730377754,0.67635924739567
-0.6350424781532625,-0.7428963930558485,0.7559486959271408,-0.4996387317440446,0.13197503071921568
-1.2463433014880043,-0.7987545385001349,1.2034350416222672,0.43228551209770555,0.9904328703067315
-0.20203572393411978,0.15875366706026126,-1.4298838873512605,-1.4354741615708169,-1.3218237919231053
-0.3344608572091283,-0.4224725356536558,0.6213521464351581,-0.5162068805866148,-1.4185467519290271
-0.4192230565066627,0.7728905850952996,0.7391848239389931,0.5024734858575876,0.786177393549811
-0.08398225730640199,0.6228698188253342,-0.8602508388961715,-0.597994220117181,-0.42373780866135313
-0.6842108197396302,0.5105114012242038,1.4265865290676876,0.7593385457740397,0.6120574618610638
1.7065531872621604,0.2800076137707155,-0.3764172177231973,-0.06525730062091256,0.6051725789235554
-0.38091279496423114,0.6114234929478783,-0.06379335153234489,-0.1265383247935724,-0.3676160772361718
-0.5450072630230526,0.20658972961720007,-0.23894727561553958,-0.10506794534570219,0.19674591247879666
1.8000267079148384,0.8349158544794875,0.34070734931798385,0.13044745175405537,0.013208846525961576
0.8235195981168094,-0.7354655328428228,-1.6122803480906964,-1.6518588350165746,-1.2339969228353918
1.258925672329641,1.1881056013369893,-1.1867031936972472,0.2796885178660621,0.020249667358775758
-0.8960033126230252,0.030257930487275153,0.14153040096661193,1.0381367953531258,1.4074019940822513
0.3555523941614671,2.014122442300968,-0.6427220565663736,0.9792056020054934,1.9469237211463652
-0.7700065088825203,0.19757105666827346,-1.036440775291581,-1.0511291253680137,-1.0907628859989646
0.31536149994601936,-0.9633342789603916,-0.31442665918199386,-0.5200403075161166,-0.6319824098097856
0.12381864541248079,0.15618684027806654,0.07464975362657122,0.7118969066001446,-0.1291612249527565
-0.7810422089429044,-0.6572377804796932,-0.17992030525090846,1.2155789202470482,0.6474351437419332
0.45007622492706195,0.6905634344537784,-0.6209903871794521,0.5165159768835377,0.9953939597367398
-0.4635693910831776,-1.1414883214758733,0.48486680130647364,0.891684788762727,1.1294137564451903
0.920909675254332,1.7245017585215545,-0.9089047604202696,-0.26639293691740173,-0.5647747651435799
-0.0918304831432043,-0.2499559717265411,-0.4894365715408064,-2.3198330678735157,-4.0532174455172525
-0.5738824774496458,-0.5150396448165449,0.4055420290353417,-0.8973155936473602,-0.7876713666819533
-1.8355414376333872,-1.1874291636114445,-0.8725597560254368,-1.4128528968342786,-1.9398256222660437
0.31746686057899914,-0.33713314276351614,0.806261045192861,0.7341916156727161,0.5453749196437706
1.3201653571060616,0.758333540116279,-0.10830885901141274,1.0205722832664712,0.8528488855388818
0.46695253601518116,-1.2343135000937886,0.08305461904373357,-1.0689461187960736,-1.7732908088021944
-0.8167177952968996,-0.31224256584754106,0.8331537929974082,0.13722101587910496,0.7444497612584184
0.9445394693005522,0.6901729185078308,-0.5515246496188468,0.834921228144503,1.1268463354297076
-0.3556677577438013,-0.33009204850413915,0.8073637080305649,0.9787559782695242,0.08182629730948432
0.8908080028108427,0.8469000812995897,-1.6434731080548535,-0.5325544074511099,-0.4920290621946539
-0.13611129157894802,-0.7322365777124208,1.2236421001436995,0.44859285188465103,0.5221120755996997
0.7984604839915829,-0.3403309730338679,0.4366909107859739,1.339718330491158,2.2412172674725963
-2.2786842851632283,-1.9968327172640685,1.8184874361984662,-0.8728846858137522,-0.9779321379102925
-0.7142384899983523,0.7026538464283273,0.9187863981181676,1.2750113597861947,2.5512638861627224
-0.6948398871312874,-0.10210674936436284,-0.4420041409249823,-1.34833124996217,-1.943366664124463
-0.8905857575955177,0.38160388840188725,0.14161178841096347,0.7383614594167209,0.07510270573725375
0.03779181069868648,-0.049162805164606985,-1.4711749699239922,-0.7054115089430152,-0.09397054431304719
0.16181064953027988,0.42265840109308933,-1.2358888146421085,-0.5427736093506886,-0.589733200370371
-1.1575752257042116,-1.9526451421170146,1.5083638815569071,-0.2591456955023121,0.15492550449481413
1.9412063141634683,2.0280244188546765,-1.0980597729812513,0.48685802457919297,0.5814281300224131
-0.32671496111999115,0.24262913332969263,-0.37080017177329233,-0.3782306109496285,-0.6953762948323245
-0.8070344297387075,-1.4233049701108604,0.3898570746955604,-1.176152265486818,-1.4745704862688054
-0.15448690631199502,0.040782304520756624,0.1330946167330986,-0.21452816251832246,-0.14236237170269167
0.7683700617948804,0.5872956587750876,0.15401583352935322,-0.03204950576714116,-0.6507663620807667
1.2656619962336928,-0.49553752841431986,-0.38401583207430195,-0.9378782595968775,-1.608600145109462
-0.9688253105856862,0.041885057443816265,1.2981136096007586,0.9257392587126039,-0.2535877483432085
0.7393930961597697,1.0148797871126247,0.29792191624203795,0.3482585689780588,1.3268974718510231
0.007509940392731232,0.03502194494209711,0.7638936630914297,1.445249865121668,0.9291451706121467
-0.7059232653277279,-0.8296230497386712,0.14855291920384334,-0.7601151700425335,-0.38840913179304226
0.01898910939916535,-0.012133085533003282,-0.36430733706248236,-0.5978248295217665,-0.3220431810739343
0.9351837031993153,0.9679968148577216,0.43990757022717153,-0.06555578168508225,0.3274573339508327
-0.018526111505297385,-0.896530256496879,-0.2746800552681257,-0.5322969601315102,-0.22791662905342125
1.9795632965079177,0.18205627980197348,0.2178330291990508,0.060301774358665516,-0.6692967106496968
0.8966432386374676,0.46774861012694086,-0.6697622579320066,-0.3847537297096443,-0.2765083953128722
-1.7632084393976297,-1.0697497445123698,1.2971750646015083,-0.05375796267395527,0.5192665688192156
-0.518924444777606,-0.4378129960839978,0.026201133668247528,0.3010283500387255,0.9504004653676112
0.21683330145661606,0.9156749251820253,0.5719844642824407,1.0070911033829155,1.3465440072008084
-1.0021173594143151,-1.5163594977510613,0.7529859544793227,-0.6482892951522212,-1.33932367274938
2.0937875190849566,-1.3769012096825286,-1.6913195073447636,-2.4644910535978206,-3.64124628025475
-0.2499254734561035,0.3287923615204062,-0.24800687920737685,0.567160146340003,1.1765264901758303
-0.8537122520228847,-0.1503314722389144,-0.5289995023664859,-0.03225357256037342,0.21251403399948898
0.4196332341553954,1.1377157083632332,-0.9074061376805614,0.2655241107814461,-0.42860631106968017
0.29008720310832403,0.19173761773671139,-1.4060654589529067,-1.180567587974009,-1.7747313249848806
2.1691135283108642,0.6553539118830414,-1.226269419866021,-0.05866515247835713,-0.37178193363398676
0.27170497832060575,0.34174442339391453,0.23955640187385338,1.1251920936638933,1.8308705246240273
1.24661994847473,-0.6404166187978221,-1.1590292351856992,-1.9149304530856903,-2.008387304100031
0.4773617787841639,0.6352338468339884,-1.2318479521354309,0.2151952963061311,-0.40229738000826754
-0.34163699500803263,-0.901875143164184,0.7109036889344507,-0.6031029397779766,-0.4649638778159379
-0.863104610841144,-1.0576171992120127,-1.1685921683344676,-0.9659444104834383,-1.0095210751360324
1.8098025073379218,0.8875967786033289,0.3809240570018042,0.8304526414755145,1.3188998794813678
-0.05688129030796858,-0.8778423403311028,-0.07079478649617624,-0.9709108911669315,-1.9890362335900127
-2.424289380372695,-0.6293131487179177,-0.5071961426048606,-0.6621320795901902,-0.21231372280934913
0.47989749788771807,-0.3826383021864566,-0.5455127714019821,-0.9825126586995687,-1.2427345954372566
0.3911861357251763,-0.13463055648184277,-0.9140296164710646,-1.2916649327928822,-1.8101761247938613
-0.4498382468892031,-0.7427396542521858,-0.3622096804460371,-0.9149528616068221,-1.1141505123802546
0.8530317853264959,0.6827558934114768,1.7129724198651892,0.7654707192265897,0.7331046334386941
-0.13451989974642675,-1.2721460151568167,-1.5988020456037364,-1.5332138548302559,-1.5791146355531966
3.4395609601039334,1.62377659255699,-2.5931255497828003,-0.5864325790852085,-1.1341067759495045
0.8707368199866363,2.257151413504448,0.066124361142885,2.0301228736580397,3.379971435810658
-0.7404110894862681,0.4686399381783448,0.7336468391385759,0.6203453609622169,1.134346762420634
0.14312021890375481,-1.0537285030938774,-0.687343706976108,-1.6968611238891427,-1.2427354746461812
0.2561977187430315,-0.5542104541606205,-0.18816733525638385,-1.0945517834752654,-1.385618876538948
0.23465953691493477,-1.439327120189932,0.25707052474644276,-0.31864145266488497,-1.412863291684873
-0.6120437700411016,-1.929619014393184,0.8886363947719049,-0.16208598976878968,0.397943757822777
0.6005615871396162,1.0354798685822657,-1.182207723173702,0.10222335778613395,0.8572362262380058
-1.3356121950991622,-0.5455417977889612,-0.6075938865601473,-2.048203232001294,-1.4120597626421678
0.8306105720030639,0.6414051631267311,-0.7118119456843592,0.4374211242877254,0.779438582480475
-1.6172500007153736,-0.14035902093757524,2.059392512567663,1.4433061731151855,2.560278987754957
-0.22171428544280858,-0.2268023301935439,1.1956526566289096,1.200961504875833,2.6125135670454327
-0.4978351563872231,-0.30769986033208324,-1.1035142367294826,-1.844524178289157,-2.0206035713542887
-1.6231015139541558,-0.804757283438778,1.3910730323780487,-0.2542125478977202,0.3653030086370011
-2.0547814310179797,-1.0656445014911127,0.8078267027321149,-0.6656829227902441,-1.8653186961153403
0.613524852839824,0.6374634762729945,-0.46160935702558514,0.4183286375727061,-0.07165668322837515
0.28836571926631,0.23011278449062658,-1.742401290291589,-0.7304502958653271,-1.2739047814539908
0.22599531047902077,-0.11668456086913201,1.145314411352789,0.957902453379977,0.8033968239782152
0.034402593480624515,-0.019360436396032406,0.28176647666836824,0.9040477141487708,0.8980053614877004
1.0965267735683764,-0.8000489118858738,-1.0830833771641537,-2.04682477706782,-2.939479088446699
-0.29970412238819694,-1.11356965369935,0.2894795819960212,-0.7078835386904736,-1.1320805690495688
-0.38099663173577913,-0.8030620910821874,1.8304647332592212,-0.2199265170309057,-0.23432830318596803
0.5576737945088179,-0.01951200630410338,0.3351234013187453,0.3417128072585976,0.3437334530253049
-0.38780841494030005,0.293834877857325,0.5720920248569757,0.6790776803412201,0.5743861734631958
-0.5454978696663063,0.5767765550622963,0.7951257829488293,0.5226195660291548,1.0411766921866135
-0.5400219110091432,-0.3736594356344892,-0.35248909112739923,-0.5055475845693199,-0.33968038479907736
0.4928935961608307,0.8331588225583952,-0.43017633392615817,-0.2763822412536489,1.1602547212492138
-1.0921710121715187,-0.019501307371069143,1.130137661000906,0.8235262778239552,0.7552429731134236
-1.2506132232397775,-1.177403100176815,0.26041404757358466,-0.1137985661717576,-0.5788994433626072
-0.585213534395516,-0.1343285449252868,0.6962776728932548,-0.8507013347510463,-1.2315477438098787
-0.7595412948647324,0.5328378623741229,-0.7823244573713448,0.07887165938190116,0.9943919791833211
-0.15619305979389453,2.291786650911242,1.1474542545218938,2.0355015045149596,3.0984946562272353
0.8178372870693414,0.65873815517113,-1.3063560148020044,-0.10271937262010167,-0.5474950231053601
0.021415541505444242,-0.23210385493734992,0.09241113214117294,-0.6449445201418863,-0.5793636733777441
0.14914683528198588,1.765979760929944,-1.2172063353754623,-0.2544825992836271,-0.3154759836488908
-1.3343389173345965,0.17031466866232114,0.32393637985759993,1.110110635652445,1.2199322366874767
-0.19885743948662377,0.3214045830527651,-0.4186858637375834,0.9758889056815868,2.0250899043557236
-1.203854458295293,-1.1607261835724771,1.0796007709305617,-0.131043019600041,-0.2519096279487212
-1.6517415374710585,-0.9123564742686547,1.1671734596017591,1.0457235165030268,0.49397965187849024
0.8433593614822,1.7677982340400915,0.17071301499582736,0.2240130815744953,0.13930726199475116
-0.877514681758415,0.46237172267083815,0.18350468914073761,0.4716190632407342,0.12659181483539078
-0.44918085367115906,0.21018487933071375,0.5768936409775309,0.9113916438575144,1.2526560615086437
1.4704594372899205,1.0681851156339457,0.1991516263336114,1.3328245920582709,1.052320693667567
-0.32400948627073084,0.0051895441963934474,1.0938288760245096,0.6696535276236748,1.1559159627697064
-1.6844248003853828,0.3468909820117969,0.6055738222809259,1.2609239356293025,1.2750654902619296
-1.2743903484675598,0.37409520085939685,1.3349678682542492,2.373661902513808,2.5176816494890133
-0.10454114131954816,-1.779306837256751,0.781641604319687,-0.30352190296329784,-0.6505278305895819
0.9893911179001438,0.0824153462277053,1.0192864966829767,1.2780841615286365,2.0159259072486653
0.005801675277078411,0.07918059787159998,-1.2143207958012836,-0.4087262324240518,-0.227217504095296
-1.7503375723386219,-0.6389385688603458,0.29317172219980764,0.4906920042318781,-0.06053595163755121
0.5121833046382392,0.19576411850598588,-0.42788103216046286,-0.1861372759276368,-0.25551591157116604
-0.16354396735986498,0.7580868720938885,-0.3807993747427776,-0.11003249990254993,-1.3457762253068075
1.2310029559306712,0.8050287454481446,-0.38078750902616204,-0.40704438290232553,0.5411743540901164
0.9587977455765813,0.01281501401124674,-0.27950912970990227,0.4021774944404687,1.1024526888467578
1.1490983785727424,-0.21458098583701213,0.30864950788167306,0.37572930039825475,1.0096722022883489
1.702652390675732,0.8796279651568669,-0.6053986606022733,8.891063385643716e-05,-0.28168855512819496
0.5457336887296238,1.5545683971446498,-1.5718115336183993,-0.1704012908699947,-0.47273613337169856
-0.7765286946662776,0.236946627780877,-1.0903996271758631,-0.6095783645159952,-0.42152410089639986
-0.3907995885437842,-0.7890502489163127,-0.10235054742442115,0.010948255807817442,-0.38063011599935553
-0.7881179817274194,-1.8894126052766387,0.44463237543511336,-1.0502582509831684,-1.2716291108626734
-0.5046641610909708,0.6809007642041875,0.8056093018718132,0.5623477062023623,1.3826797113737617
-0.1414535189248742,-0.2463181439714931,0.2734497539502536,-0.6705111928330414,-0.46676610442708905
2.208669503682279,1.5754601628767446,0.4183206848397498,1.288483816197802,1.5613230069987802
-0.09202514941521138,-0.1597185088049592,-0.8056166124248343,-0.023588102534620625,-1.2093081195846485
-0.8011817724762825,0.09477079025810786,0.7593332379233608,0.5006069387146661,-0.11550242092299934
-1.9152125375733713,-0.38671061813067154,1.8216034583169225,0.3539880473043774,0.34091807640551547
-2.01529805926361,0.45136136748058875,0.05234773493519351,0.9439594606722986,0.712543410798901
0.2900625761088013,-0.5222146819073636,-0.31128653344647084,-0.7244739835497815,-0.4020134016373709
1.7175552290662763,1.3981493205929127,-1.7142972814741042,-0.064314674648486,0.28153881818652166
-0.9677648861188667,-0.04201471903270926,0.9038472542066206,0.7797781874578801,1.7884758873160815
-1.471833086674841,-0.7225748595287514,-0.9721040520816968,-0.8849796124664209,-0.92847729526961
1.364231088892961,0.28588669231215613,0.1112394331710046,0.07826997960223661,0.13221400185508797
-0.23432681922500354,1.0668460260168995,-0.02944044962081764,1.4472394183546977,1.2704339194415453
0.8513721410464651,0.19413296714113104,0.36040451303174503,0.418919363537758,0.5852964329134441
-0.4313421231414319,-0.044602871677799805,1.5311406239246868,1.8615577351715535,2.095682893571824
-1.645800307140773,-0.5404283506327361,0.6665323152162117,0.6922359768812436,0.4753872669061896
-1.1633142079208794,-0.819511055107088,-0.1949663731516738,-0.458576193811117,-0.6911477248087912
-1.0315033776459166,0.041233881705576625,-0.2811453453627896,-0.6132996717628683,-0.8959658602488157
1.0992116755245807,1.4410032437839728,0.8481527213344535,1.1038555748611667,0.9421382871493648
-0.21854503571494985,-0.3873320059063462,-0.7483789042166784,0.034308114795268185,-0.5506791209180487
0.38385277021415104,0.30244968692932594,-0.5106275179806095,-0.7328401047618933,-1.004481062374701
-1.3051277860059154,-0.542183662709888,1.9752367488485048,1.007442288846301,0.7513809704942407
1.3012697792879002,0.40043548314180355,0.09249632709792044,-0.4719355075387907,-0.8164655856854517
-0.0501812311042575,0.33805524202310816,0.5618738268626791,1.0915332381894016,1.161705934260925
-0.7114775641019151,-0.40999116668479163,0.09905684344306562,0.23223135925704363,0.030073330742572263
1.3237088057075452,0.4547139685146357,-1.1868535597057535,-0.8507140889991557,0.9099257044355489
0.011592340405826488,0.14253226718838416,0.13945774696570787,0.13278190142411855,-0.44294278090965766
1.4465505138867596,-0.13637198851796906,0.7933647355989986,1.2921121726419402,0.2714202633685543
-0.6954881360182344,-0.8759609429530701,0.8961796606787413,1.4706946026124705,1.2186778530271851
0.7940143365051949,0.2106046270665789,-0.06278965977397424,0.09379868539954211,-0.8802297492797835
0.4664199778800902,1.8232366642204225,-0.4085581574368629,1.0688014916551394,0.609949360626953
0.22599136840592113,0.2509232173586746,0.8273351344102381,0.5632135669643897,0.5340432974647078
-0.29918755563466104,-0.3935423409583585,-0.1307951574389583,-0.3995961354549844,-0.37824809586667296
1.4626375538041405,0.7452806146067886,-0.20960350341904385,0.06725784043479638,0.16349554193545573
1.5559034471200268,0.5432529948447988,-1.1514171685408465,-0.7992694622532238,-0.7111456442908803
-1.7466094012697375,-1.022633607441864,0.3995768154721515,-0.08174419855449411,-0.3161634550188629
0.8813060048459679,0.10985654260274191,0.19786659824533204,-0.9828021233754987,-1.3597040214408445
0.8806332305111019,-0.2884876453778836,0.35316822398097564,1.2446242621528416,0.40412509492316917
-0.21201261330166418,-0.32762293226633926,0.29331846035374026,0.4048420515289924,1.5249047163849108
-0.22758129612999417,-0.3479976846562326,-0.2780970920786394,-0.3483313094480772,-0.01456947264501568
0.32825697940016746,-0.32981364356120046,0.45605735448968443,-0.1630932967765767,0.3169368172797559
0.21803717211627385,-1.4316318932120666,0.21235596462286516,0.5960549985156096,0.7803941039037761
1.5550905197751543,0.744644691812982,-0.5466293841303527,-0.3478190743575856,0.11387537686856969
-1.3243927763751266,-0.4686108993679582,0.16960662695295017,0.7998179689186107,1.2270876397583024
0.020745835696697933,-0.08287621366380872,-0.3262754974657932,-0.3957689522666008,-1.1436698283318882
0.18610382343888984,0.6818271408653827,-0.44600228906509803,0.3009855942475497,0.2814818185823011
0.408713247848268,-0.13775557032108948,-1.4104274783137174,-1.061909930039404,0.4023847139102372
1.0951588360775524,1.3703006964745081,-0.40593788183442114,0.15252933649899447,0.3832900249929442
0.23060522770141118,-0.16091799642339674,0.9334736146884333,1.444166312924275,0.9584860132925653
-0.7064715792452405,-2.1654641462694215,0.08617605431431566,-1.8113889409659545,-2.562455417599047
0.4617642675286439,-0.027416883155985533,-0.5593856509900077,-1.2374409314082384,-1.9188456388940511
-0.7520124409361134,-0.05155617661497491,-0.1613590036707067,-0.2670497548660688,-0.7736149608161373
0.5515017298601194,1.2090824386245338,-1.3214247558410666,-0.24998223038995987,-0.355051570256118
-1.167959608462276,-1.2658795676738857,0.10810616715928958,-1.2742418863508571,-0.2992592893431685
-0.49955185097272214,0.2366525472974343,-0.08021753480348776,-0.8672872879110596,-0.9577960021767997
1.0556209779958785,0.4681691998307916,-1.0635114729792434,-0.17531941564421838,0.5103605905354539
0.5077310983761204,-0.5744464430544789,0.1314920330231919,-0.496884707755217,-0.36727198667304195
-0.5151005406409499,-2.413138129426215,-0.17764474600868238,-0.6013632466384223,-1.4352968085094249
-0.10438318938240532,0.747143895477518,-0.46037233694163693,1.0857709451657187,0.6953232347329732
0.7479209403007193,0.16045014560831575,1.1651284645805557,1.17615243875776,1.6547409108274747
1.1790073272442627,0.6327690440330058,0.401014637031976,0.731525776377782,2.0627598884073715
-0.14887609258469475,-0.7332071231531876,0.6350366050425736,0.42246654274268236,0.43788938118353793
1.2207020818269718,-0.03171309922278576,0.4988360175564483,0.5192431207395679,0.2454099792139824
0.023590611726977292,-0.24847206294696073,1.334501523236759,1.8567953808876925,2.9194600648266342
-0.798181099990461,-0.6635388538911468,-0.13413368002383788,-0.6733020011755928,-0.35132596877617883
0.7455152526055607,0.10598888675654367,-0.3605830414170452,-0.3488769186521302,-0.4622951913166444
-0.16407219584220167,-0.4829136858111407,-0.5450333350532633,-0.9699299288813894,-1.8258824157953208
-0.04750698668647763,0.558694196543394,-0.4784102412405975,-0.08998176944391817,0.9888676683746013
-0.3671871931010436,-0.8175013227638813,1.731592972875035,0.21228842138388615,0.35797490534112864
1.8655902653853695,0.5593203198838268,-0.8223454306895482,0.1391741468150337,-0.21264143441395306
-1.0220988133744917,-1.776299771397805,-0.474630262209048,-2.015504058388666,-2.2088013738150845
1.6022407691542837,-0.03296915880260576,0.5357997316716853,-0.11854225140190056,-0.06572256102893297
0.15724059735082566,-0.05020571028743091,-1.3483915985078125,-1.6443390640087077,-1.4533370865887087
-1.042727480550728,-0.6724174268614487,0.019569507017849874,0.2314232835369479,1.4873002774040964
0.7997975377958554,0.8565813002592626,-0.16665212988801445,0.7087668634456022,1.3899386980207518
0.4998929219420537,1.003928361976565,-1.0588022032691515,-0.3845489426529144,-0.8679038095782967
1.6037345493157464,1.4131770196202602,-2.305932239587024,-1.6207537846421105,-2.312203025774557
0.7876265837529329,0.44272632700755593,-1.879993296148143,-1.3177761759478204,-2.156368273167434
-0.6791311578149757,-0.39424097073624653,-0.7056254945771336,-0.4896734642833321,-1.1790509506607705
0.32182129033594176,0.6571358630536794,0.12581080018303675,2.4388597330337025,2.7692900361009625
-1.1508392552298838,-0.3582302464854419,0.5037541004369551,0.1640204109116331,0.9668534535064588
-1.6323464429717598,-0.4622000873721875,0.5662900270505276,-0.6365529144868938,-0.34783298123140766
0.20025126461613343,-1.6675724175679625,1.129193688911146,2.1150815785787347,0.8607889441225895
-0.7369853099309788,0.6868860815728515,0.3973375464622193,1.7976971978859884,1.9979203596382415
-1.2518069014385882,-2.1367524192224456,1.8118036186918598,-0.7787037567714095,-1.6705366244571596
-1.1917585473707162,-0.025418472000009018,0.7235919973773363,0.19298511814855096,0.650607493314122
-1.610097419136174,-2.065688578858183,2.1873255228778365,1.5443803912067469,1.739145352577272
1.0170977186230394,0.0957315997235424,-0.8599142621985546,-0.3067034942807311,-0.08683553566442498
1.0835406908052378,1.28540400290686,-0.049302692149982785,1.9136702420791853,2.3205679902040353
-0.42391603970560326,-0.5126460947082437,-0.2017580320770924,1.3956038711693353,1.1439147475602152
0.2797996284627566,0.10934838823196372,0.8265018968878107,1.6890040750600477,1.9780574242068063
-1.9684058207803423,-1.2340168729291785,1.290788216869444,0.5732170504507215,1.4059151567560546
-0.7838366569545493,-0.37619192070148455,1.4941433957987231,1.9686736974687729,3.0270130857564577
0.5766316409909437,0.4958350395396943,-0.6336848832099362,-0.09518602388622012,-0.08768364486607025
-1.159585519871345,-1.1747222311546504,-0.11830951401562922,-0.6579823000593593,-0.9703443037366148
-1.2145071338975941,-1.8550767021270564,-0.9212601961512439,-1.9653317914487798,-2.398009404548669
0.8606645257114782,-0.6828320636565421,-0.38896424460109486,-0.7840376875201418,-1.1223433031178096
0.49208053375485084,0.8957643236708625,1.1592747573002502,1.2481952905902685,1.5641773650281583
-0.6579786767471942,-0.23513316485776214,-0.11716974860622892,-1.0821016096439733,-1.5402285758687193
-0.08882403940129133,-0.09741023758296838,-1.1902890355064188,-1.3113970097939263,-2.0520635757781167
1.6340052314102573,1.228312525429025,-0.8858110445830158,0.16632838425660101,0.5072990540444824
0.8155762886771927,-0.6060173932649596,-2.029865697689374,-2.2449931725343086,-1.5686789063944868
0.5166658504532847,0.8840761193818263,0.1421717593065293,0.620189703041027,1.4615780431120309
-0.3258351794543134,-1.1818169360961204,0.40813810302344095,-0.23093701417127002,-1.0671296038788443
-0.1356159242487039,-0.6789095589217818,-0.40583153730301064,-0.034934180873981924,0.5394438487834597
1.2160517430467892,0.2207960792357504,-0.7775365532640592,-2.047229115438993,-2.2826795095883585
-0.9216954013189756,-0.3943938812042771,-1.5109663555286716,-0.9616604786341765,-0.9821079423640277
-0.38867549502366644,0.46166817992726816,-0.510594298394696,-0.36685170706848047,-0.53527738143352
-0.724820655426101,0.1818348530682531,-0.5951183435700462,0.8384704866752624,1.2310301536358579
0.2713010865245706,-0.3288482015234917,-0.46386653758791513,-1.3966440172377446,-1.2162011947651745
0.0223108137274674,0.15111991817440393,0.24050663815303078,0.21047323754266206,0.29007858726230895
-1.3051965354956028,-0.46969694989117794,-0.6915987588595924,-1.3299414995995977,-1.8965038187688195
0.19155007052928053,0.43244483735302003,-0.9228151793005239,-0.8279465360008825,-0.7287553681596088
0.16482073316918872,-0.15067860172690317,-0.6395825401729567,-0.6675911310422926,-1.946044205005049
-0.9263644762462514,-0.20958110520822038,-0.5844105082798392,0.027289321312827686,0.740749627465301
0.8276252490595009,1.4069634905979485,0.30716084970902346,1.0843844758437726,1.3342748613598072
-0.9117229617972334,-1.2515118902996585,-0.2543276719512496,-0.2703973323339378,-0.42128580535673865
0.7552156012947603,0.6775740210373393,-0.9186844135436005,-1.6763679555284,-1.7486146818723833
-0.0010852785640340925,0.16736948266642063,-1.641357171530123,-1.2859668044146149,-2.1584205267478884
-0.717046042554323,0.29795412752557304,0.4000351164862803,0.3160027349348063,0.5425848131041229
-0.4999749587612456,0.741336315000945,0.990588071527524,0.7437488294968737,0.7401316501591187
-0.3680177060193193,0.3288812547372356,-0.2941501076259838,-0.4324946560144015,0.49360520512393513
-0.8321315812920699,-0.40891292015030845,0.8512562578488625,0.2767706737692972,-0.6148966778313404
-0.6989079702362752,0.18083867854176167,0.6071233341700034,2.563539232648212,3.2628167418653136
-0.5104629938886313,-0.6603675863438392,-0.5879433166203085,-1.8830863434298697,-2.2938030176031905
-0.858039902255912,-0.15037305466460188,0.7586511190086971,0.6022779012223246,1.158803874802164
-0.5542980556590079,-1.306493169757453,-1.0997162277705024,-1.4201591542015188,-2.723860454097439
0.2647670392808008,0.12726918379735797,0.5365242802365655,0.21631677302556335,0.7726485158541649
1.9362851045334952,-0.39459272280130075,-0.4383931409334141,-0.41944211648633606,-0.3356844367484045
-0.6726012443028602,-1.2325546750199714,-0.2168480439453345,-0.9452005604180783,-0.7840110030600016
-0.5409855412711824,-0.5159237711990321,-0.4789716346443561,-1.0665346051058533,-1.6904965422915312
0.5349046942882274,0.22247428751105475,-2.0461315783779406,-1.46944798037402,-0.9129021169196386
0.7847428313523693,1.0719775477483984,0.25365929848756896,1.9047396326341905,2.2531243813963138
-1.2076067538155282,-0.6317401284510001,0.36492725123081815,0.3531927592284914,0.8230102525495918
-0.8030686920690072,-0.30011099022682614,1.1464815666219716,0.5586385057096557,0.5770009770399649
0.0942745591210324,-0.03718270082600159,0.7413410577870978,-0.2425765358763935,0.31183111426534577
0.5337470947438704,0.7654935416220994,-1.6257384683067204,-1.3528436042086038,-1.801005795732889
1.2944856551109014,-0.05389298026129441,-0.3197627474665481,0.1607825045268097,0.1446795569489457
1.121748445894806,0.5726126580821179,-0.2888313676839375,-0.7195173064283886,0.18350925559238818
0.8531650371110077,-0.37997457540792084,-1.956598823260872,-2.435947652258059,-2.917288130103789
0.25205228087517106,0.8086071785113962,-0.48771827330060713,0.3159233677981275,0.2366735941257808
1.3969975799809569,1.7764617534036355,-0.9514014572396078,-0.4050695926976099,-1.2763032993528443
-1.1814230012075213,-1.5308737571595785,-0.18511002917770064,-2.224281067956375,-2.532433878613113
-1.0052492216752356,-1.4864069513684672,0.7693203441906722,0.4121130855148184,0.39967134384099046
-0.8892580631580739,0.040440379433275164,1.299446587208548,0.9372000538001852,0.7845838990150444
0.20450634679267632,-0.3027251219912434,-0.8099006145552132,-0.7671618655041882,-1.1803596467921356
0.057026393020530614,0.6873457447339762,-0.25292098883802144,-0.02144877554823993,0.42058091532264674
-0.3661923791507646,-0.4649579753444629,0.10551806285171636,-0.8649106116307376,-1.0110401419596422
1.1966717298924545,-0.6475131236679813,0.8380045384586382,0.5042232233877352,1.2479494918323684
-0.8048715880525109,-0.38945706628304233,-0.40040823369689055,-0.2776692527578694,-0.6299181000732674
-0.520044585500266,-0.4927859501817612,-0.26030363490450825,-0.06000764341115522,-0.2606267273454859
0.3998151020402743,1.836448805407712,-0.12954567542202025,1.579836996829905,2.351121892294095
1.1438663610936193,-0.20949830826874294,-0.670250764288647,-1.3717348277519084,-0.7267249804938967
-0.665751521419719,-0.08198130968442474,0.6056673369359709,0.4316287281134311,1.1468459322067388
-0.2816023308872255,0.5063952764405838,-0.5799782115429573,-0.7779617042195506,-0.6465891385526281
-0.19630389602399825,-1.4116468502228539,0.13726936037160822,-0.5399809729200267,0.533445171064149
0.20207685938804934,0.6604798039273992,-0.5036739851692108,-0.2705136832965031,-1.0136348522330803
-1.2894830785128555,-0.43103332620096757,-0.5673398832561956,-0.44376848309714084,-0.01619073934561166
-0.7086366253161406,0.0069965012986554775,0.3637903310644828,1.6580832886615862,1.7335296172900303
0.3495936073592931,-0.39380456882000914,-0.837368715751489,-1.0988963641546252,-0.7433840068376284
0.24528931189175718,0.8769966033857151,0.6610147556246138,0.7251670266010064,1.0475160268926578
1.14552423700382,0.08932345450846091,-0.3334150994801576,-0.0728896299684064,0.436505270455097
-0.7406832152953755,-0.753985424301506,-0.1651160402761179,-0.6727192034531655,-0.3445779510688567
1.1830446271864248,0.5658851876156471,-1.1038700769062992,0.8510925387147876,0.17716861369776848
0.6636057472236652,0.4493641230480245,-0.6364216466575741,-0.5084420928329818,-0.9867676947907775
0.19031036119738856,0.9963092565525179,-0.6012352565234654,0.3169785458421801,0.5826078795217693
1.1026510297676284,0.9199101846966222,-0.818890190140526,0.07905936264841606,-0.43347321463758426
-1.1973572438416809,0.13027641261027856,-0.6542845110360802,-2.3689712202664954,-2.942706863979511
1.0238148692315103,-0.09599159118798384,-0.7262358295108087,-1.205775559319242,-1.511627872512238
1.2439185197696188,-0.17553418522545217,-0.42626088599857925,-0.9045667291314808,-0.840549826936847
-0.07385982157822492,0.9446346179886499,-0.5755336553786125,0.19983363631926526,0.5760124573682142
-0.6548775094892353,-0.8300363574231426,-0.2341589995074969,-0.4757689198134666,-0.8518706455984518
-0.337457659160486,0.7128029635957629,0.2398986331089491,0.7943013013067033,0.8872397615140183
-0.6654986635358224,-0.36436651483139815,-0.29158689067689225,0.3106462208475729,0.31586746351693085
1.4048817137167373,0.5079581763360979,0.5126505809573122,-0.3174833206545882,0.002804349366906711
-0.8919583609251647,-0.003918575666973567,0.4433962664171774,0.8719163294700425,1.1421357888110901
0.1371418119412511,-0.5969041341620416,-0.733325242364728,-1.0710624573971663,-1.1652391572890701
-0.14400383408624143,-1.047126115467928,0.5705067121319648,-0.3065567932040786,-0.764943972057916
1.4631410338195123,2.0264843166182605,-0.03264984618452221,1.9055322635372747,2.198693385572472
-0.6666569170568922,-0.07138699171554869,-1.2842795517810932,-0.10304221904243194,-1.5079043436393749
-0.6714479502649978,-0.4382517452953343,0.28279640636652176,0.5624577722753826,0.6302612953207856
0.9456563644095516,-0.33801133355863805,1.8618126205562575,1.1879690547825408,1.422975014315039
-1.9097657867117892,-0.9057996926749071,-0.10368295398107563,-1.111886246898837,-0.6885803678218366
0.8424353721660309,-0.42284208364931575,-0.28533008173082286,0.37323765236195616,-0.4543490517237108
1.246324043340312,0.9102302151845119,-1.0864419637433063,-0.35465938875949526,-0.5837312554528395
0.22802327076643306,0.5863271705441098,0.5363381120329883,0.7444398880549387,1.6955235092056844
0.42328116799955245,-0.5377369092977624,-0.13044946938094626,-0.26519854780263646,-1.8221030893208396
-1.2551678797294519,-0.5147289266424879,-1.511706019528296,-1.6125016730313113,-1.5903551704860677
-1.5338345662752033,-0.057331855928976605,0.34457880249532086,0.6757730964714588,1.5100578492392485
-1.3412051894925725,-0.7340393051598614,0.9768108790235027,0.5375921100208927,0.5619012130680067
0.38415855984253816,0.22701194159125193,0.36121015601755,1.4055016645892655,2.0337705710801717
-0.8293648905690978,-1.1056598961404365,-0.2570781382263197,-1.1735604986777646,-2.0268338310027145
-1.124574862903969,-0.7740785481531863,1.0050278969646373,1.4548190403825467,1.0707765505560278
-0.030564811129363118,-0.32145665300898096,1.2382968137519375,0.5737396249444012,1.1409699785838177
0.41232043362944437,0.5860086484911895,1.0570596428868464,1.7288754743965977,1.3477158864819376
0.6597742532893328,0.3489189933408292,0.93076092694188,0.7996428721089444,1.0756939723241365
-1.423672870208612,-0.9313916232630673,0.9905141902134108,0.4505529838760998,0.4449788865019746
1.160854218509578,1.3120434306845048,0.5049593098611007,1.4804002749355658,1.9185654470678677
0.9855218428124424,0.4417833899232244,-0.5827786794417286,0.015763580566831137,-0.11100720415532259
0.07335364823580148,-0.3024150770790975,-1.4141166986505849,-0.7948825883939169,-1.9884438542379306
-0.1449367232747815,0.2796379256167363,0.018370024342876566,1.2935619273454106,2.1221864982337646
0.8046596224574074,-1.04544975410578,0.5231362321741276,-0.00023510887018571291,-0.4717244479850915
-0.18440990805965954,0.46260412541487617,-1.5659387783521341,-0.6044904059578319,-0.4770077738104608
-0.13611407025219138,0.30695485687103785,1.4307899663512276,1.1805394861606375,0.8473432467882734
0.38783879910945196,-0.7775468889189687,-0.12627360241034868,-0.5324735387888442,-0.4509407820864442
2.2834315501934452,0.9765687694187062,-0.4836983191547436,-0.02848675311453447,-0.5385769925777228
-0.4391822557301627,0.122584895983188,0.5811621233715599,-0.017953149047149397,-0.3367599094172278
-0.37927719198647747,-0.44944770956607283,0.8099160256711752,0.1672513407658666,0.8826703072282099
-0.5282711448716738,-0.8497605111489044,1.213952605402311,0.519233739968851,0.1203015592258051
0.7185501860606919,0.9143046067045983,-0.9429717748507465,-0.32442339278842364,-1.320652927420035
-0.4645204218006081,-0.5541415834553565,-0.1187318570948439,-0.4797412444682711,0.47959095126111706
0.103892315456095,-0.841047079785182,-0.3827896742471344,-1.4375131419406912,-2.310515257055456
-0.2584755846878887,0.541356438549428,1.1941077726863867,1.3579005044903563,2.418747638180432
-0.3830598363527636,-1.1264364077978393,0.7589458347959166,-0.3569847858387719,-0.20166907765041353
0.258744802771031,-0.1658754388346809,0.9653635537879405,-0.20593628755341065,-0.5606128541574167
1.0775778492430679,0.9307915497987449,-1.4869539226281765,0.24077556903150155,1.0165554115115851
-1.5978508138867176,-0.9683921032365072,0.5499590612545623,0.4250084133720275,1.0657345686292115
-0.6461768988427022,0.7914651914675912,-0.6959196293557612,-0.6102805934750807,-0.4673945225563553
-0.5611762344727186,0.6971096515127542,0.46715444879168094,0.215207992425262,0.2665163274374737
-1.20752848810341,-0.6046203834128352,0.3300057184870328,-0.28843575661445814,-1.4291821307057486
1.3174212427412757,0.9071586097135922,0.10598299434422553,0.8776794201739178,1.9301596366205893
0.5398265924188402,-0.4905613897687288,-0.29900853731460203,-0.6431000623873345,-1.3158205996297467
-1.7242380886517485,-0.5666171368666518,0.10736632052459111,-0.060390601168315766,-0.6456008924433047
1.4364195409486147,1.7272006195040595,-0.8442298569078956,0.5358146671953354,-0.22107986299102877
1.217286876347508,1.178651838333676,-0.196452116679683,0.8691775910730577,0.3412694090791555
0.5501460251625933,0.13880170204701595,-1.3449418868882528,-1.4475939629716448,-1.7217641642569317
-0.45608477964532373,0.8440874484748947,0.7171009142249565,1.013385139782221,0.5127485209189526
0.45964210817149304,-0.36091859047960917,-0.5742214202927526,-1.2348632191631257,-1.1012742307884928
-0.7766473385485327,0.050286027116048515,1.1429907926099159,1.2853475776991377,2.4819030816362737
-1.3176707130677094,-1.595340792474901,-1.2664182290166681,-2.282708714964724,-3.1084493461226868
1.1967564930725416,1.7868785734920374,-1.6339353236523886,0.1400291073252256,-0.2327032412943926
0.7263105539891772,0.26044645517291687,-0.896745779912585,-0.4214956252533921,-0.25372470191827967
-0.8491245732740874,-0.7014329879549985,0.40158741855677016,-0.3575741100274954,-0.10132120590788807
-2.6496720529872073,-0.8218034091316337,0.8080278977725763,1.134814178788007,0.6897493289964737
-2.145463320901334,-1.2105184293516018,1.0111405716317694,-0.5579171760222187,-0.706435658967272
0.2298266429923297,0.5184750913895689,-2.4547956952772134,-1.2260113499955725,-0.9983482987044969
-0.3916510925765125,-0.22719584647115357,0.2966993647298831,1.2380825913855946,1.4385594923606502
-0.4166794713660701,-0.9659635028025704,-0.5680888160618772,-0.43250604786692803,-0.7836892641403451
1.0278566639958207,0.22436809601327068,-0.4887253922134044,0.045781514032720405,-0.40825688248698994
0.8835278510960014,0.3361076977155127,-0.3476161524991574,-0.7788829550306259,-1.396118262964722
1.276650354714625,1.57489900607225,-0.36421862446506326,0.6780418578448585,1.3785876098583554
-0.06769255436200598,-1.056954443209122,2.087605520154023,1.9913110883394416,3.2026504618048217
-0.07648530570640277,-0.06800648323174273,0.37826130616084186,0.8020101949674755,0.45865060235992317
0.8045843291524686,-0.25934255932905437,-1.9863522756224805,-1.4365886726953403,-0.9887449655681393
0.21721634414020946,1.3655717200204223,-0.4478402606382812,0.058002439203484746,-0.4948284617170974
1.096256260909335,0.9547322208509476,-1.2708816225167698,-0.6323141503533906,-0.6628701257012101
-1.3533080406594715,-1.1175184081879106,0.3924915988814588,0.061341227779109664,0.03715726054373466
-0.6357635023623198,0.6901967677094613,-1.67232436752158,-0.8237290272065542,-0.5575510067786165
-0.47139006002265277,-0.46212059570235736,-0.6688457338059363,-0.3493148817724305,-0.3378142576851003
-1.4122553209848299,0.2710161845633251,-0.1818210952932826,-0.45647617270852076,-0.3469402061120128
-0.04847867679151104,-1.0912914740763262,0.6766291654907479,0.15893071540120302,-0.17837127702364355
1.1358430214732111,0.37788581117056796,-0.8091344378651778,-0.7356420269021164,0.12048633943028142
0.6935314462723913,1.1071523464748216,0.6506021883088959,1.7701150697109842,1.500202926337293
-0.7136968347025572,-0.9434389940730566,-0.9056440808190295,-0.8114852983681489,-1.9706917690732657
1.1164571191703005,0.48006202434962614,-0.13658652087026163,1.0109342313255327,0.9131037175141078
-1.4034552044589257,-0.6298878004738864,0.9553339737653399,0.617476647163682,0.37034157779758314
-0.33331664462061666,-0.5625020229986814,-0.8623832926344477,-0.6422774880207524,-1.1097880067649886
0.3517818411732243,-0.3548488601590004,-0.6328597451113901,-1.4418187585192137,-2.2868569528290124
-1.8305452440785366,-1.5215632855605572,-0.8719462184443281,-1.6538144792693878,-3.4020191404671745
-0.7956554486030178,-0.8825126832108967,1.5446386497676483,1.054449121986732,1.2564404255165174
-0.17361229726677002,0.21147293683889737,0.5857789820063845,0.6100328522743618,1.9790675781656013
0.5169786425797355,-0.09342776649939288,-0.6193392350018202,-0.5174965055436653,-1.1185300652607637
0.7774564823501803,0.5712532875079755,0.26675000474076216,0.8571557216284844,1.7139566309199123
-0.4037690572419615,-2.281032929034988,0.5078514405067494,-0.6825935388944013,-0.8691096058076919
2.329645158881703,1.479755968806185,-1.4396448275126796,0.4250012538664816,1.00464483620651
-2.503068542309003,-0.7452399893981266,-0.38987628441866684,-1.9224272119708443,-2.473159160944466
0.7457522991735295,-0.6276169589636613,-0.5122557536356677,-1.8246277163790794,-2.0207401315772344
0.8724665719570119,1.0251965218129082,1.515537818703812,2.308972550016297,2.8493895477270135
-0.8099973685325148,0.47189425122224626,-0.27192983283132727,1.464246423937095,2.6778202483652147
1.3023470114178428,0.5968083987328361,-0.5226780813899701,0.6491040268771138,0.5953106512730295
0.33523754716661325,0.07947904870812454,-0.49325223946957075,-0.28173646796705065,-0.47019822710736847
0.26386983234447065,0.028930086333224622,-1.3731769232833126,-1.6380241247690166,-1.8143967785094377
0.24629873884698608,-0.5768217298508639,0.12826963573248742,0.0531838375164298,0.39156288270432715
-0.9091963081427558,0.28840119080266885,0.18940787248785507,-0.4215445760164095,-1.1032786703930533
-0.02276075362196419,-0.09000648632743463,1.2716699328629846,0.5585245875747096,1.4755610783114759
0.826660711905212,0.07029554068677685,0.3130068405647136,-1.2499611633722862,-1.4098508475928924
0.6143457097208571,0.11981440078088498,-0.437083904997839,-0.7538688734802009,-1.1490089671159072
0.6920964906472428,0.10006077170944985,0.23184499156808616,0.6168306572698505,0.15317313896758789
-0.3744272608870759,-0.5833183551248688,0.4071561885526882,0.07405776573074929,0.00625099969927001
0.7974973629528355,1.2179786373162425,0.2997371421245225,0.6855114593537318,1.271127942985595
-0.1101589947973359,0.8230674354167395,-1.1184132593731657,0.05773330417501954,-0.30843977352006435
0.39879101603185335,-0.3210142629023085,0.45242087724368174,0.9978651802028488,1.2394443181426051
-0.5111035783693287,-0.4817300456277239,0.5606346010389995,-0.22064317640185482,0.7415654121333124
-1.3123950335291856,0.3628712277061166,0.08516801948003883,0.2668799289281786,1.0740286493802966
0.536274366372725,0.3166789491474086,1.6167636491107569,0.8150903785332503,0.964371613734509
-1.0598734246096624,-1.1197667338802912,0.11891570945033661,0.23679004221344513,-0.2731232541986536
0.4662669968562113,-0.6589046347941645,0.26303281601023654,-0.60204328075894,-1.4287232336136908
0.3529159440389306,0.6618845479913046,0.3952923129040329,0.30754164832660363,-0.21370815061684373
-0.4823142940745961,1.0229903287241227,-1.0056835058523064,-0.6583211664021621,-0.5036376424539055
0.190309795110251,0.9934768451059152,-0.6558613181669193,1.2068328290222639,1.319307123826492
1.393566478559644,0.4645489484833878,-0.30725939394293694,0.2010771473829182,0.3668772860430089
0.17697709006585452,2.0219330878719806,0.07026765563496098,0.02908065995850362,-0.196925554488504
0.49600706342745127,-1.2781606842367037,2.007959324589402,0.7415602040334591,0.3642027636320373
1.3137322972308119,1.1206408593613308,0.06432483362505992,1.0809744980028937,0.8273709996446605
0.28632244996129114,-0.1748969186303487,-1.006495289364024,0.2598687239751666,-0.4552633588250778
0.5281073674039027,1.3834429946049212,-0.10225299878482302,1.0059739007925823,0.032475903625067026
0.742947396738598,-0.06816272094994691,-0.9334391611333717,-0.20124520226101894,-0.17863780199132445
-1.1480154724329985,-1.0206564240707463,0.1698737155960096,0.4291760222270439,0.0914963784690705
-1.4909909983162057,-0.2935290686469555,-0.5590896174211746,-0.20949609309881856,-0.48339095743662364
-1.3256941206327486,-0.6310664093110052,-0.3690275816749345,-1.4181010355927066,-2.2370973511101457
0.7342407148837291,0.08032207366337096,-0.864706860733102,-0.6123093538316361,-0.20526829376086586
-0.09914312150472877,0.15157830949770787,0.1449338481462667,-1.020385906786087,-0.8895629324931122
-2.343870686791617,-0.6131086442265796,1.8227472354884289,0.44472128805316424,-0.06015740097322997
0.6055215790180822,0.5093179479444137,-1.2687869413049861,-0.27028388790408553,-0.7198760295945466
-0.266503176760873,-1.0865364422259662,1.0638289338290687,1.4384765845120926,3.545055665996383
0.3550442708564639,0.7999853381458872,-0.6055630873705987,0.38572700189820047,0.21051916239997098
-0.08582649687809263,0.4483370777928825,-0.6636160617037181,0.1286044208197331,0.8536629305986402
0.6708193063847508,2.6158671407885277,-0.8209631184479219,1.6404379367992297,1.7510492863121998
0.989068751149027,-0.13620193308410367,-1.0419405642736574,-0.7247027498451417,-1.3329204002002455
-0.5539913844930168,0.10152237505297423,0.5670019271524718,1.3998750990171702,1.4633111060899404
-0.22901255155344352,0.3774452280877826,0.10888758450260155,-0.3257581367104556,-0.5602953270866122
-0.8974630609387964,-0.23775181785640997,1.5371642215979027,0.9507037264029987,1.0906880281494518
-1.6322797802642122,-1.485124841238715,-0.31624231843416767,-0.83514358814778,-1.273242462186582
-1.2361087182488149,-0.8028086665938872,1.1276568017049182,0.808047286757056,0.767228885942484
-0.1081449240784793,0.9458626221935958,0.9272926656200475,0.194892865724136,-0.027858637190149443
0.8126427678317591,0.07405160530910854,-0.23848750518479514,-0.1826728280803515,-0.4027071431968222
-0.019870885218462597,-0.2208735569378325,-0.8397271164512458,-0.5550981843727723,0.5901611099072954
0.10554443495648189,-0.9938051545228647,-0.8865599713663026,-1.0229616380630369,-1.5346174703263409
-1.180572412812739,1.1769107695777903,0.6401639050673551,1.6455831474058247,1.3380376442718958
1.249356478642148,0.6540553002505132,-0.18243716200598561,-0.4084589520601777,-0.7486769540786975
-0.5240134262791988,-0.23927379981986854,-0.5569347492692507,-0.9198777317350144,-1.2940608695192592
0.6081640226316424,0.13062943802454344,-0.5086740974910292,-0.46304366112559703,-0.8586529932457279
0.3911548077980829,0.5569630739735948,0.3450997453086761,0.8526379570397982,0.9365243712407472
-0.7328296959302277,-1.1050170957254453,-0.11009643049116363,-1.2867719410260898,-2.3200620464985247
-0.01694816940183473,0.8698469112620077,-0.8541327836875641,0.7842176988963463,0.7850101459301321
0.11607665083944899,0.7755705735983747,0.0922334317462174,-1.2787357703035749,-1.5035608598551382
-0.2722706392156548,-1.654175412572743,-0.6925928395803603,-0.9711252332214227,-1.6810430956361158
-1.4174618836062447,-1.3553869212958243,0.36032602667880065,-0.1254537115165773,-0.8985954054494849
-1.5238966840327872,-1.4815727320668794,0.9277276141543517,-0.13882661743498625,0.045826706087286756
0.7780049872579229,0.3330353321452663,-0.18389545320257,-0.518717430862417,-1.191386473602153
1.862915585861974,1.509947363871238,0.34573505791761705,0.9917029428781974,0.9262934715886908
0.2057841575922805,-0.1333003158970248,0.08440391797050634,0.8327830425499284,0.9496196832842579
-0.008670125374723184,0.7005123068208639,-1.7683996004515627,-1.116843582642191,-1.0697517437784667
0.7579017220473757,0.02847000080872042,-0.8496097041304375,-0.11071805650272637,-0.7107178718301248
-0.49375625074125656,-0.015242026384538226,-1.3967808926027943,-1.585750487454372,-0.6137705834726912
-0.07811153149793203,-0.23975089988076148,0.30551256706584007,-0.375486862253997,-0.6053661257545526
-0.36952323861969794,0.33042815076343895,0.09985138433268326,0.6870995734806089,0.5519610176818641
0.1632469757682174,-1.1012193175734952,-0.23323585308115727,-1.015611618742673,-1.0946061858250085
-2.0981701231977694,-2.122936755383173,0.06384819382456841,-1.0644007905252242,-1.7925642190177498
0.48754727639169415,0.031767733078689825,-0.6751631463206915,-1.465100468897639,-1.441869285971196
0.20835947142160263,-0.37373834576730647,-0.9941995434436526,-0.8266073962594934,-0.23255424574800032
0.10710689865866692,-1.3191971851140998,0.9178386053853362,-0.9106495810538315,-1.8852222704196173
-1.2134986969914914,0.6598644045224306,-0.9273861978589284,0.36160185356070607,0.17776265731656898
-1.41728497883462,0.28258295954937773,-0.5506640555191851,0.386805383350605,0.5028877487586806
-0.25689525785143164,1.0152280425264064,-0.431220722071018,-0.6606770069467803,-0.49166575892368747
-0.8310909677096369,-1.1723733342646745,-0.6427592090958335,-1.1761756886531685,-1.3593273064898654
-0.48374740194050636,0.9355308842190646,0.6482877352938283,0.18308241773296074,0.04833924513337656
0.9370167794660602,0.6934411426277252,-0.8675656965552607,-0.1334473789678127,0.04631114278341267
-1.1683451164631247,-1.0592043703827176,-0.509102350062844,0.1387825437293475,0.38784389868107405
1.4368741635883697,1.2466470934197025,-0.1224912232152382,1.4617922322459889,1.5206361969054119
0.9477641033326728,0.5012884631356128,0.9196417560541026,1.3890823075160978,1.3665332177753564
-1.1363644941275688,-0.6180083335367027,1.5710346310580001,1.6962068513850754,2.3552894192457607
0.7215650642366812,1.1510282253774111,0.0674162497307785,0.08331116750143208,-0.3180124084204363
1.0773885563580474,0.6864401616498492,-1.6624999249499586,-1.1565835069716748,-0.6840382040296104
-0.7218221214817825,-0.17480121290880946,-0.23061782984782206,-0.3509280446397831,-0.3678981672423829
1.7797078165898572,1.4600206090859176,0.4014979157029649,1.0279769327342392,0.33847274773993763
-0.4322902892527512,-0.43965061069309197,-0.8520802894466386,-1.2983589327657115,-1.687754963341927
-0.8585266957711515,0.48835316336828805,-1.6109743318202467,-0.6444972526039539,-0.5771459169178441
0.14713915921275386,1.139182526809155,-0.13891127955496696,0.5697517311091169,0.2221722844650625
-1.0886808341281717,-1.5145437973456604,-0.2541764290412126,-0.6605434429355427,0.20777361892047364
-2.726525937267112,-1.1297923465222677,2.105790701225016,1.9916097914293278,2.590238152101356
-0.24628081412267613,0.7050057626757132,-0.3247034981567987,0.29368404449892116,1.0159381244982495
1.208938480550689,0.5740811892656423,0.06768924673502202,1.2163914117371601,2.092610064932883
1.811316429130576,0.10162051438663433,-0.8856250403237721,-0.4026918147711812,-0.7664133521934566
0.4494221748586019,-0.5379935661818485,0.18025785540694195,-0.7829222755411824,-2.1373058568318735
-2.0016777107997146,-0.9924912185220259,0.479658278862547,-0.2104788518798565,0.6950702855867594
0.9560729699043864,0.89413837785817,-0.10801466664267984,0.5274238193386753,-0.21936026252118157
-0.1889972829213593,0.5259408528025242,-1.0720596345119149,-0.5771605916876086,-0.863601506571175
-0.24518368746364785,0.34721549446130046,0.4106611887692521,0.8329735164062475,1.2219950751156123
-0.9146147187456846,-1.7081230681665023,1.2292701315141459,-0.8680554903052088,-0.3695255265751055
0.24500665027637886,-0.9660738565207326,-0.7004957615968921,-0.24010310763286424,0.33819134028642617
-0.618536507026934,0.5770260955912713,-0.8984380603434267,0.2337637852577888,-0.2386967699645265
-1.8194771704257546,-1.6379403564998885,-0.23158536691635845,-1.5846113841317648,-2.4201240852375228
0.9585840542622586,-0.16957759873184253,-1.3852204866479576,-1.3177564617519402,-2.1450273232402144
-0.16772342926779837,0.4283395618117803,0.5080400384534011,0.09120856305002079,0.27253815209273813
0.24610714347959398,-0.6416088399597984,-0.47307211029585666,-1.3046489354167319,-1.452275277314787
-0.46812070812842055,-1.0680832471045043,0.8385651952466373,-0.7463020859743286,-1.395508527621701
-0.44109408981143283,0.05471449038517823,0.5517500432499574,0.9317750713343558,1.2519386125642311
-0.17566267646784714,0.13866777098143707,0.31665325632902214,-0.17024017729834384,-0.23832382235998728
0.15820325489575257,0.39890101586100496,0.9989763338348259,1.4634188418639185,3.011607632038018
0.1408536705487616,-0.2517932891652967,0.4357842047711634,1.2501638449132058,1.5267881386595785
0.5502120239576828,0.08766392765842099,-0.205702013210145,-0.3320160836413011,0.45676358361621616
-0.03762998930810943,-0.03499812306706028,0.7201139915443678,0.15967089077560426,-0.6785222709940373
0.5706555799277501,-1.0713917853982036,-1.4722085857245348,-1.3130013571660508,-0.8584451990244225
-0.5276256639969582,-1.6177733233679754,0.4482399424997341,-1.2207473549481684,-0.7718853282859199
-0.028645398035104217,-0.40394077071955226,-1.5954662684013226,-2.4326784255901797,-2.956813931814602
0.24814544214319073,-0.12801321819064518,-0.4223784489444779,-0.14497199600576394,-1.6585896987419035
-0.10426378100383035,-0.28106010655504926,-1.0209136628645885,-1.369327456714501,-1.4349453153773775
-0.6967617226963272,-0.4519266248247342,-0.9981176141670458,-0.33978339842592264,-1.0558763255013273
0.8629213226068226,1.5690377613063105,0.5737601707210889,1.6459697643998763,1.8065387345389958
-1.111928186994075,-0.6714233694801713,-0.10889480473083812,-0.4066018900925097,0.23821733324880034
-0.44685704123721026,-0.8010055997636114,0.30645210607074036,-0.1955639963125146,-0.5586050937621974
0.8668943652867708,0.745816731500788,0.04979092762037407,1.2267782569663546,1.9386623900179616
0.949975172802268,0.2787918748666007,-0.24192234616879535,0.14969269017735257,0.9246721840783001
-1.5532895157727713,-0.443702779458186,0.22796468113275073,-0.04578511390431286,0.4016899511256623
-0.8665181665095576,-0.5906710703599425,0.5173504445315014,-0.3028597193287134,-0.020751650677399647
0.26781401428597174,0.4726092809775769,-0.5115621663546234,0.22617359722979458,0.3743286239339281
-1.4514329117836846,-0.6988808826775273,0.27931082041074096,-0.8937758769661339,-0.5058570129298815
-1.3924680526590871,-0.12394905781561849,0.28557585493554183,0.9007460207084941,1.516668908901237
0.8601073055216891,0.8869037851976511,-0.8013985737424519,0.5924049955681057,0.7894057303505216
1.069742137032817,1.7474986042998752,-0.592244683149898,0.8516842046579955,1.4718789643886208
-0.2056524914418945,1.1759769836711325,-0.14154415953114324,-0.7562247334965803,0.4973408209263296
0.7300274647657979,0.5787543994444312,-1.25914311942916,-1.244659512139433,-2.6028609450898808
-0.6440653902725496,-0.2916026607769727,-0.33048211208404193,0.39057984945046886,-0.010926656789597866
2.0481399255644046,1.4529409011560808,0.2746081893286463,1.4036639547879766,1.0287893764731755
1.4391560826412215,1.0017709832685437,-0.7588746307664103,-1.0893254860196897,-1.2330759741290764
-0.7295259990814216,-0.5754650988899778,0.06477869927380697,-1.5518092639716865,-1.3930245744424212
1.0398148215524197,1.336280792871177,0.9719175430430145,0.9462568832969274,1.387016019051847
-0.9904240891743792,-0.32550247375944175,1.3725727540084178,0.9796020268794934,1.6301597304542743
1.1499883286180315,0.49176586867231825,-0.18562222512677934,0.3582291862121676,0.6443163776779247
-0.7536212304426539,1.1445874996192296,-0.435090886474858,0.37172324347559416,1.125029249794696
-0.25548230825581264,1.0423648798124665,-1.071569462005106,0.15980763167070067,0.8860986270410187
2.125157606222609,0.19878069327269166,-0.7758876483763681,-0.09131745228351079,-0.8410187743869795
1.4986555295715187,0.6603407426751478,-0.5295422017524689,-0.6527960533120931,-0.4519590028016307
-0.15346168471899194,1.491341270145389,1.5685911719413261,1.875398725860288,1.9592220953837005
-0.45370422379243325,-0.4857219066025543,-1.32361263410764,-0.4636593850774492,-0.8347976703903371
-0.8784763110512154,0.08317068411016143,-0.2146470624530935,-0.011815114039676736,0.26817566050824654
1.020598066265329,-0.20415874462115202,-0.33378267404948964,0.49059427544938705,1.2228801346561373
0.1584867836774952,0.5392751391268972,-0.3849575115362244,0.3475620248013457,-0.8655300634545752
1.4102792467743603,0.38707071296954376,-0.42356532588657664,-0.18679491787358204,0.1171750473268115
0.23003107679746548,0.21494744430605306,-0.5198368733667318,-1.4986762263536553,-1.5854256431438196
0.13726187665365294,-0.19319474771053013,0.28521041693362187,0.11183514457597021,0.3930208086938328
-2.2305127968165133,-2.350218005688009,1.0869478097494296,-0.8588644835577615,-0.42527414806106345
0.8758926657464065,-0.5627139405638362,0.3546539228130392,0.5473899574474548,0.7841826405965412
-1.9459389643456966,-1.3172153170539347,1.7333447132553865,0.37866787804562485,0.6442765236227709
1.4817907648281734,0.5031000087832639,-0.7480718781520046,-0.9763827343625315,-1.470490125160072
0.9577316372869655,1.4935658225894648,-1.976561005153012,-0.5038331219053382,-0.4985891138610604
1.6781669302451243,1.2341902704279362,-0.9050944369972612,-0.2729234212233737,-0.2346371826966797
0.2857487278033336,-0.1793059049500818,0.26305314957085624,0.3929452581927353,1.0064336612642413
-0.9633065089071129,-0.6799597689628532,0.36101745796969203,0.28932778870681913,0.5583356309875381
-0.7935344658511159,0.4300376841274738,1.4952940742561318,1.2511633353885696,1.4252589663683684
2.106923139941119,1.4466340097537773,0.022001554031560566,1.5274126207493488,1.8520728710310292
1.1907535825424207,0.7445918029009776,-1.5554432218485081,-0.6780316954059606,-1.08275930186347
-0.9013038336752596,-0.5262063192747196,1.010331394845707,0.05369378217569071,0.01596808234442007
0.663008297528708,1.264407880011998,1.0706031319500788,1.9607268837206562,2.189021510409733
-0.18439576641221073,-0.4611555091174343,0.11319644325353906,0.31037635083606674,1.158699393318878
0.8954279590207596,0.7801204825847836,1.0374925198702365,1.8694412682842576,3.312933386768002
1.417649592146566,-0.6519474725664711,0.6260502906493925,-0.3172387200079384,0.10777685577499407
-1.6763180970601732,-1.02866644052283,-1.7763132469178782,-1.4480956136309673,-1.7142412614834934
0.7282390870970733,0.5679451053190557,-0.9774974883538251,-0.8543389268821646,-0.4826305748722537
-0.45776783669312393,0.05090034968784529,-0.08085628308905016,0.399732351868055,0.156270541614783
0.23045517922531453,0.19215969999437885,1.752901241804499,1.229106130372325,0.6547197819987625
-0.5894523598177901,0.21933805569361642,1.3262116972263582,1.2831287835482699,2.1385811397952414
-1.146029794380151,-1.2867697629716173,1.6447360244632618,0.6255325204977505,0.09875229888409998
1.0062596356560716,0.6062109517442005,-1.0544723549115096,-1.6558137121687095,-1.3065765022460507
0.8086962938385568,0.42236954172583363,-0.3875523826856372,1.1824141512767326,2.1369519988488634
0.263156881671768,-0.0342395641883084,-1.6888467432958119,-1.2104764128014747,-0.565393454555899
0.31443014621062554,-1.04686060969375,-0.3404128049921472,-0.9691285475196957,0.07514273159179718
-0.664661953032214,0.6078621087767077,0.7752807049111288,0.7462280616310899,1.344764545577091
0.6770161109055914,0.1966393246060166,-0.8057858719671639,0.3963341518117689,0.46718598637065517
0.419070982586726,-1.2122554532573915,-1.9034058209941096,-1.699747223342283,-2.2843950297987323
1.4340726505535388,0.35212260732467204,-0.044465335229592784,-1.3489711781083566,-0.5584904914908246
-0.12920283576798433,0.17932759632773337,1.0121581442899543,0.9983342971367256,2.378573734444421
1.237738063762865,1.1626541323795747,-1.1173741535415884,-0.7613404753425371,-0.5674066259514083
-0.8168389893301682,0.04553250514220092,0.7223906556883781,0.7431397486165106,1.278739384073796
0.7223945014508535,0.40241709466896974,0.4623568909574537,0.36818296107508963,1.3373255907074049
-0.39783971841021304,0.33958360665315707,0.6432047741261133,0.7800644969365063,1.5721898231338152
-0.04166044059695034,-0.8599364609550668,0.0020371098323446624,-0.9405252875807959,-0.41587204659214605
0.10908978111107112,0.29925798368648693,-0.8547932405368819,0.7286195792853105,1.0980749974427357
0.5160921075144395,-0.5740717564615638,0.08662248790188232,-0.1883004445258497,0.0526300295846891
-0.5671961209929087,-0.2750341419922047,-0.25003033157538745,0.21786545150739178,-0.3212212613972469
0.26446248164958025,0.4133178594092981,-0.17903884569712591,1.090336147884039,1.0273871760289437
-0.02990647580790946,-0.6170460866843166,1.8503478943184217,0.9754258390762074,1.3819934197836647
0.23608512515661448,1.7767522356121204,1.4022521595418016,2.09488904842513,2.888920419573865
-1.1459476098159664,-1.1938528860585187,0.623530452331583,-0.5130990120060717,-0.026034623088852182
-0.0230068217087284,0.6716594571659871,-0.3073180141711179,0.9458716643497389,0.6570826672549058
1.0187548959787698,0.8489237640450267,0.13484814351636976,0.48833851490782654,0.9016256345707481
1.4725174960145453,-0.6117355333279761,0.450558871230731,0.31877769899895847,0.47073912747743396
0.2887353570784396,-0.2006645724273269,-1.2833019473185054,-0.9471632557796632,-1.9165875809640731
-0.6547624032854918,-0.8988427616707255,0.15427587790239275,-0.08732978812694553,0.23338546383590164
-1.226347051525541,0.49322345325109496,0.6060735146783869,0.664477195915803,0.6547038411699886
-1.574590065924101,-0.5536354064427949,1.279787093119708,1.3760046924093476,0.7239054307973479
-0.0582700756571277,-0.2332061572461618,-0.18381366766169968,-0.23729664230243683,0.24402538140931712
-1.7455199374536257,-0.04837437915623455,1.4946843991811338,1.7597218327169402,2.303276562367395
-1.650025309894637,-0.6072250968723528,1.8774189957655738,1.1058241482835132,2.4465132694913834
0.2405598206420921,-0.09584583381887547,0.4937982544308677,0.16986172978704883,0.6093580057852482
0.23584484550781334,-0.7659225747072971,0.5655058157418904,-3.953270014410339e-05,0.3480699103686386
0.3469836239087039,0.8107631505180486,0.5495848767864863,0.26895942467533374,-0.21759188793048628
-1.1648588778876188,-0.560697020116804,1.0527144675974964,0.10996812146379453,-0.005369537715065986
-1.3759688821339149,-2.275929840475649,0.08974536526391624,-1.1582646354972308,-1.6519756770727696
1.9847410911185523,1.6095807582137225,-1.4005880008875429,-0.022313244908015006,0.09193800080371287
0.3353997902227057,1.7702369998050502,0.47961053951000265,1.4305036027103528,1.5303135002268382
0.8122049739131472,0.5644814453611313,-0.6430948236800481,-0.7547712406770243,-1.0898955912822343
-2.046988850727939,-1.3127124540730697,0.8236435329020535,-1.4330253832098854,-1.4747223553001423
-0.1722041318480279,0.8059158830215736,-0.9983628973408277,-0.5841574574859298,-0.889446884036199
1.627545503688916,0.9243859796620965,-0.9862947642623501,-0.5478704770168744,-0.3555926936864254
-0.3933413248963218,-0.2534276706361477,1.5663738163040217,0.3015557812728341,0.5750866053042987
1.8331260817155257,1.9585843569371728,-1.4126200223801593,0.48422388951044626,1.3023800926858387
1.2944404696596712,0.8832028795094833,-0.673393685131841,-0.3925283875072676,-0.7053091487226075
-0.31944117957775703,-0.4618660889751225,0.1772334497613453,-0.6247430760575963,0.04930333954429589
1.1945687049304858,0.8769837832205166,-1.2285151898078515,-0.7307620888337332,-1.157647213071457
1.5678293401592915,1.5910897981897918,-0.7478970504917473,1.1519077861870664,1.883307592067065
2.4141440863714845,0.6862901087144231,-1.2316534328292694,-0.5195697160026852,-0.49384032580582515
-0.39444930464277406,0.20569854501009943,0.020808991371939797,-0.29370231200606844,-0.177637529883955
0.42601498835184887,-0.14780941253637622,0.07214414544997877,0.10542622827772545,0.028427771827863685
-0.9156250912423446,-0.07591076986920409,0.5008644363378791,1.1904650735517168,1.5857734123542375
2.0270711262535177,-1.3530796863611914,-0.818700823274793,-0.7551731529396609,-1.0624954167676517
-1.0571445284989438,-0.8476845018417967,-0.6709634386604046,-1.9543727249815463,-2.1949342596770993
-0.4739096869489755,-1.349907233250165,-0.7003393735654415,-2.6222714156228375,-3.941290797297029
-1.3559016293720314,-0.08822469810082978,0.2377017485920757,-0.31665092100351433,-0.7906118856243578
1.6734239490188911,0.9332912721409498,-0.0810921094638431,1.2506792553713308,2.34283029019561
1.7873098094945796,1.0870634948463613,0.0457431557614999,0.06983159392448868,0.07913599087873534
1.039557224232069,1.0206925134474851,-0.6928752115219496,0.011264072967137502,-0.5435000349342113
-2.078998300273971,-1.1816987244701973,0.9100095509761961,1.2383081625738754,1.2481976322411878
0.6730802620164071,1.5005595997102472,0.7309481588381807,2.066831805743636,2.5176260481741997
-0.030495561472341667,0.6071089898931088,1.0879269718168523,1.3623310600304273,1.3877002861098378
0.18106253046772366,0.4155573990788687,0.011210577501541155,0.05399152116960074,0.854314076919483
0.3676932468290304,-0.12284887622627455,1.4957288410410676,2.1758676944273505,3.026859180426484
1.0758256200507244,-0.3162198422658209,0.7488845399598877,-1.0467544367567483,-1.4507449148852378
0.388895897442332,0.7132779106310442,0.1049133260386145,0.8767383361192407,1.5755421148651725
-0.5181987743106385,-0.2925274076628301,0.6798487978727299,0.8611094142353956,1.763832213377471
0.2568982207368083,0.8439592101500425,-0.6806351754375561,-0.5389495430452865,-1.2425985683360206
0.10573467801663995,-0.36772807481125364,-1.3608940881508726,-1.9625135984961894,-1.8457022045844198
0.2533406430973505,0.3332573761480293,1.1083397856344321,1.31822493000629,1.8873481849004483
-0.1723486841610857,-0.48952094368696764,0.954395173031952,0.5640666521375735,0.9531076903517284
2.021718929447897,0.6591878135342618,-0.6435065160417698,0.2388950147879922,1.0418184592628914
0.3663868307377138,0.49313426916756087,0.05698369076211175,0.913131296232008,0.32675182164746086
0.40505350653575267,1.5540595282348812,-0.6571056296382481,0.19093949515805816,-0.046717552716299765
-0.8635333241459595,-0.1181247689569892,1.2558501092750436,0.6795223326140072,1.226509809306338
-1.9332520074381827,-0.11616755737978124,0.327361808639743,0.010813237995709102,-0.11674994728096012
0.07978600684126688,0.1757954342380425,0.2789686394027982,0.2366558932873073,0.4170891343066204
-1.4404989329095714,-0.8350160007938492,1.3362152789225736,0.2281650150483026,-0.016994708827405003
0.5643639316214892,1.109771726515386,-1.1081305323939505,0.9811700176245125,0.232785188812915
-0.34753294306765564,-1.8302132062836247,1.1268331357295749,-0.18296257384961476,0.366294500994692
0.47327764986651244,-0.008797295821126011,-1.2052927899475605,-1.8672705914379162,-2.2868285567452515
2.2418473088560247,2.063563761885141,-0.4367531645598968,0.8153735722520018,1.6249319489333593
-0.17707980757518454,-0.2551802618063388,-0.8504624829358419,-1.8988090083914222,-2.950053308713603
-1.3985523759483693,0.18691105371440853,0.6037600223879409,0.26305724598260993,0.8178360383579979
-1.151817275524162,1.1016138567085425,0.3242977953250618,0.7826546442731923,0.455733172111209
-0.17573100168261738,0.6117154218618459,-0.38446417695044066,0.8059053449579585,1.3777096140396101
0.48384449793710765,-0.11899574512034253,-0.26279918569730076,-0.30673235764323487,-0.6696725204145724
-0.013532097575909317,0.8267529241246786,-0.09607535599552532,0.4469017433475617,0.6176355770103716
0.5771934558269805,0.28507665453863806,-0.33918968878276806,-0.18248859395349393,0.36402524359666943
-1.1704968173552681,1.1999470099249003,0.42371609901997065,1.6333054514769922,2.820291339349412
-0.4024859795815383,-0.5226584400278771,0.19532656351122407,-0.6498580323688906,-0.9879372753349595
-1.8980376715360423,-0.8862721374137436,1.3068458007842372,1.5643828002919913,1.2143979299568595
0.39896044054889446,-0.001374524546869621,-0.3805809174189722,-0.6696078268246217,-0.8429569696886734
-0.32452292466384236,-1.2139683169977722,-0.1965897695177879,-1.726018025223431,-2.5919719355532855
-0.4955008427445623,0.9713141818822248,-0.9574021237452108,-0.6730028069751597,-0.9274890503106265
0.2499510514715646,0.6583485131847062,-0.20323800236152378,-0.54819855742159,-0.2706471200591004
-0.053405125629122766,0.49513469775568864,-0.6720321101277994,0.12627769048743392,-0.13190439780245924
-0.8633151332473391,1.1632969934918556,1.057387298350296,2.926513158218911,2.8604855511634195
0.21840169983362095,0.869142334074821,0.2793803409336332,0.029676599336716847,0.4450091190878088
0.20447969262114893,-0.4810128881354089,-0.5489952749278899,-1.9493999563273436,-2.381979721353016
0.9186537947834965,0.3588844898136775,-1.0004879830335378,-0.25822660572011435,0.0915300737731008
-0.8512174106859335,-2.165751598468038,-0.21982248892107314,-1.1460970293482302,-0.7692731203091202
-1.5621326891811298,-1.6460049683965987,1.1993636409165953,0.843247634466338,1.4727962671896324
0.2001149554751864,-0.2239400891881846,0.3885332071432237,0.39348747265571776,1.0988636340371012
0.17038146442447902,0.5864511112379069,-1.1728593416085384,-0.5340147354863287,-1.0026383067725697
1.4022652433639056,0.38022156579565564,-0.3833129881920124,-1.2846663548113137,-2.532521347657455
-0.1077158305055643,0.0957014284483688,0.37483173066968906,0.2695041564252596,-0.36751688496655904
-0.0662000077562532,-0.1158269716823517,0.31951825320096444,-0.6177795800214705,-1.2299982350688916
-1.1291893734946643,-0.8636525652108393,0.7640253911411448,0.19855553793809264,-0.3201168156458308
1.1389638749735325,-0.11262233593508886,-0.4021618747499768,-1.5388329681152395,-2.195068250619304
-1.8990344364272727,-0.38312851428389605,1.0329551931325218,0.5522737994424427,1.1338360064366464
0.8713628844474819,0.6783519999142544,-0.23310083891856428,0.5407288498642863,0.9660570054698046
0.33387897335637007,1.5061246296469268,-0.2214275237128931,-0.08152167157695245,-0.18200087344008736
0.9114092377817707,1.5343961770754353,-0.5145451368109462,-0.327233786222731,-0.7495964354415949
0.7990275950310002,1.1393128820256164,-0.08689699995190914,1.2177350011041026,1.810564950299155
1.6324973317708729,1.208912086194672,-1.1166335488672479,0.8251550240908186,1.6615118976107732
-1.117193035347957,-0.582744383786063,0.5610498816450685,0.660028467954733,0.38322336328219797
1.2463726389531347,0.8713209166708953,-0.1606516040836423,0.4957633493102833,0.24452412373391164
0.09934337664496742,1.3540984008657575,-0.48372046132485935,0.7644210139578984,0.9521656291922069
-1.2711946133797156,-0.8366134383428563,0.2660572076905625,0.3824087165927008,-0.5071321472322037
0.49005674026441376,-0.4542503156248686,-0.2491118754563748,-1.240190254450925,-1.4237885227215297
-2.019775673774247,-0.01968687037651562,1.0695758971108038,1.432879501632995,1.1403385545047997
-0.8753415229512548,-0.6640463798527699,0.48668482404433167,1.1118038665231451,0.34802483091420233
1.1115700881821748,-0.5670177302376331,0.30614479304774134,-0.15923303359808894,-0.2101140306956539
0.07277587464701218,0.8423837595589763,0.3219103627979371,0.4174701899526205,1.237401915786859
-0.7731932438919911,-1.2225301967141338,1.6841569952006694,1.5426433625822964,2.0484737194577853
1.6685870205951006,0.38900805352080003,-1.6376803326322584,-0.6279577047954241,-1.0282020798839153
-1.6037540601988713,-1.3289581853141867,1.0927804533458274,-0.03505504011116643,0.1117161304965847
-2.7314296438702885,-1.2254756357082373,0.49709980689795197,-0.8847435868735327,-1.5759259881273053
-0.3141070882968716,-0.15898782322521307,-1.331952415787094,-1.0425749896085337,-1.3801606429499778
-0.5363527212952457,0.743557266643952,-0.09209548998076983,0.19392305514993075,0.33083566186681657
-1.5664743791000695,-0.3149857349668862,0.5736942267291854,0.6702606932167684,0.2704850177439385
-1.458022325798329,-1.1940281401670068,0.20274217533493713,-0.8733687565326694,-0.5810217942860374
1.5966459652836444,-0.17363489508484076,-0.13619510165042942,-0.420912519400605,-0.14100437413386346
-0.9064810270510637,-0.19308177409658944,-0.2803316358093466,-0.9345202425423076,0.2325655136674274
-0.5910000765738415,0.2005011549027022,-0.004749136441916463,0.6113191076472574,0.12388117007890131
-0.7143534404311283,-0.9913139160045287,-0.05597180006725794,-0.7320688961654251,-0.8246633282768503
0.7424231861885261,0.6047375269478664,-0.0117339130201351,0.0034312991512663316,0.5661690366349039
0.5709393498849124,0.3869580223910247,0.11778009989378244,1.2446153344059945,1.7268844902234357
0.34951392500715694,-0.6734384042068551,0.20543844948176093,-0.12044880754852087,-0.04139497029962695
-0.1111760478717575,-0.22652809525371442,-1.7956260128691266,-1.878127207876465,-1.589581614497696
1.114888133209151,0.571584331816984,-0.8249670379628178,-0.12558415655656868,-0.124176565829172
-1.1172249880576959,0.14649331733007154,-0.8882559442476656,-0.195528951949684,0.6315057661865845
-0.838224173903245,-0.6769814752244201,2.6749749436224928,1.3697117071698266,1.2244714801738288
-0.8291719480090736,0.7314038955824458,-0.9259233572272306,-1.1967526893214875,-1.0713653503181404
0.4385619531974521,-0.7698077224960267,-1.9497532514660483,-2.649633435308501,-2.6997657834230413
-0.31232482901053543,0.16119642305167767,-0.0906324506680479,0.1436828442819739,-0.13241360460233487
-0.1414348637370872,0.499528427385424,0.9780450218956062,2.3925099417289455,2.9400069320969577
0.22858435044288716,0.8638350499573979,-0.7200777302252834,-0.7277939413970514,-1.189711478437126
1.012971195290183,1.6199689000784414,-0.6490393802534677,1.309975401373901,2.254823892047986
0.5767469004083847,-0.416344049243321,0.36207783974730734,-0.06332190747241905,-0.2730718691597338
0.5174512876015004,0.9635836025010649,-1.0576504850440989,-0.7040240734089283,-0.653976621649886
2.122720025157042,-0.43134154735035457,-1.2271483561044998,-1.380769983649664,-2.0828221133884073
0.5375455400533108,0.5889041765591598,-0.07573026633908295,-0.0965518464151196,1.0874615235003953
-0.02856402149694573,0.10222516238659397,-0.05845953010223635,0.08416612998628827,0.4943987070352771
0.561842913427307,-2.0418685071553377,-1.044069353375773,-1.6086881968527749,-2.0562090155341157
0.32010080640754557,0.5629868929253297,-1.6608564610841983,-1.5361176153210447,-0.9299932168480743
-1.0365829772569988,-0.09137745572650363,-0.11164227953925754,0.13960247503960158,-0.667657242963385
-1.9978130488412031,-0.9821639139965231,0.26704580998592403,-0.7780118630745441,0.059674028792549905
1.3229686238277594,1.5968104127421874,-0.9929749101322702,-0.5414233666595994,-0.14785831784706727
0.2839727422954112,-0.9521325239668654,-0.19716822890396368,-0.681079290956632,-0.15717188063573673
0.04272975719023842,-0.32779665967820204,0.05193186235717592,-0.9595826328990064,-2.0263624941162073
-0.3180513269090791,1.2563892468304945,0.33057661865726395,1.3157151119529948,1.376921585739269
-1.4853775929669222,-1.661963088376456,0.6561205576254056,-0.25812145664242164,-0.7885538313205287
0.7653229183075108,-0.998330137700528,-1.508329004856921,-1.943818806510824,-1.8025579413244812
1.0296452286479882,-0.5549935039158534,0.4605422730279097,-0.5370204666579128,-1.4524449030534734
0.5039690031031778,0.6788224584888356,-0.7122738590526275,-0.8508581526654253,-0.751465474344637
1.9821967521842543,1.1566559676960744,-0.5874434557669479,0.7977351760112548,0.09023729641000333
-1.8553939548275964,-0.28967372590975193,-0.43039956132154444,0.07094651631854876,0.16992985095191204
-0.1981251515901401,-0.5410362909160118,1.5941262747653222,2.0455463581653097,2.9416446317395533
0.3206556076081365,0.3060195927338767,-0.41974049103028815,-0.9993772422169662,-1.6484397265748676
-0.2535965054858246,0.3458628084708629,-0.907846743691871,-1.3273898617755302,-1.2994779599372015
-0.4353352036180219,0.9767989779969695,-0.02097219829419225,1.1255349421755552,1.700878689524154
-0.5094678314728445,-0.32142231080908357,0.4194500414156376,0.63727950395415,0.17832254500764044
-0.20081705059706753,-1.3871710172258618,-1.3783921466852933,-1.6166604691380855,-1.6202918931378676
1.4423658794609582,0.24854075669787812,0.36433635778302736,0.8196023219439947,1.4584638229462432
-0.49317473865426786,0.4957509571280185,0.0499647152838618,1.1799410656181666,1.013274637086849
0.2086609542149209,-0.0790544487820594,-0.15898266819121276,-0.7669159265345301,-1.5643032786904638
-1.8181204171909677,-1.761977309955116,0.10110346132529152,-1.4142323582257306,-1.240259023758862
-0.008810290499632605,0.09439915497154443,-1.1635824224478366,-0.6533664159095689,-1.4070940719486742
-0.972366370448477,-1.2112369606637583,-0.42163029971894955,-0.15065403690485213,-0.006608131070783285
0.6502026076195682,-0.17243568193784975,0.9587337165109532,0.5848967025933726,1.8544053848410402
-1.629401829026497,-0.6461178148200565,1.6563947984536995,1.0092053664597187,1.5953068470123537
0.0019413952028527045,-1.073159249785791,0.14721837408199168,-0.3351303339831313,-1.0682200013344274
-0.3348200302204219,-0.2336103392636474,0.27241842803828314,0.023654030734395544,-0.048315976853749276
-0.5055529842980244,0.24469470737069998,0.05116984559973592,-0.1742332775367367,0.9245109292858416
-1.075299048535133,-0.8183980421622774,-0.16587219337431836,-0.9812805194327056,-1.8746095146318598
-0.41177262386923635,-0.32170697277060745,1.1822877001621592,0.6681577916438299,1.1158483483214192
-0.8834824306223039,-1.088770190533405,0.8850899868691446,-0.03609303408505851,0.20609976146821257
-0.7361454196424004,-0.7848700902920569,1.7135562624652683,1.419628989250136,2.9102387365753177
0.11571149904532133,0.16788376979362238,0.21944306787916001,0.7341286743236258,0.9298067343884092
-0.44745701025203594,-0.19894838113829763,-0.4554256690596262,-0.7219007440820249,-1.5701540735204884
-1.080467212005165,-0.9629679656781798,0.2555033932809664,0.47314397627819793,1.2315020721042709
0.05970247703460882,-0.9174348629770289,0.23597886247851152,-0.2995763075278741,0.12863004512337034
-0.7657225763194166,-1.1991221841289188,0.4247977282692489,-0.5653740597600685,-0.47221741917468457
-0.9036542326857175,-0.588830757572823,-0.44010825619737565,-1.4376123372809813,-0.8543240474041276
0.7552639457338648,1.0493354852065975,-1.0427451960338272,-0.5526595718141195,-0.9209044811600416
-2.527581394628167,-0.87272165621022,1.913486043427814,1.0955088103893997,0.9556162254089269
1.4755574073591704,0.598602653572545,-1.4706599423833597,-0.7703202036540178,-1.0806851157944086
0.24581506628126762,0.14721234741961767,-0.5226747515097673,-0.25788324141288277,-1.2237839865153841
-0.4408746787067471,-1.0306707586809125,-0.6373633367164161,-0.36496879699806906,-1.068887195688947
0.022566501153936668,0.9144740307275365,0.6667099782287396,1.0829427969060328,1.0049194443322016
0.8689025333521216,-1.0254833304971411,-0.9566269603741164,-0.423110732738901,0.16289456003965486
0.8714712233075192,-0.13704417233053945,0.33435876917986757,-0.46538560066536266,-0.3736250932650987
0.2159619554285742,-0.28810193864717415,-0.6813206782630137,-1.020222717113365,0.18821935471219886
1.7324639978424043,0.40243150798155947,-1.3503592426606117,-0.7095151660379986,-0.6005742184472198
-0.3185991794173791,-0.7715945933502766,0.5004429379038138,0.06059129444653276,-0.1592857007718865
-1.641079335041183,-3.342108684711362,0.4748304092092635,-2.1061180145995437,-1.8472260118307835
-0.595156255929666,-0.3539185481537505,0.3277121800150209,-0.12268891075146535,-0.13001487371977397
-1.5291675068843356,-0.49486252262948194,0.4537917832548247,0.5703623128296336,0.24575436515103866
0.6217427095954339,0.8104170103203038,0.02672011090101914,-0.2881500989433232,-0.5819991656794543
-0.9849250825132962,-0.025375275665088626,1.1111426299940865,0.7639820202602087,0.761100057052928
-1.2908393762097847,0.41364167015036335,0.7263806447235457,2.5140741267713462,2.7223432568554555
-0.12224780188433106,-0.2822160753569006,0.7760456101636374,-0.5067024516032674,-0.809799764459132
-0.09151739375313221,-0.6010529116779376,0.15588767819310612,-0.8158208579867653,-1.3009902751025553
0.7361664165190146,0.4039732946270021,-1.615620939225774,-1.4831253400463096,-2.377969042720232
0.07882699384033473,-0.3598014312493791,-0.21341009569630587,-0.3314112854930515,0.05740635396236754
0.9444405413278028,-0.1258967975026004,0.9976295728335002,0.4076053038494797,0.25018764980544916
1.475515001204532,-1.4354772754823832,0.34307995698535587,-1.325148403460692,-2.726379361300773
0.18916777407879415,-0.595096821683377,0.7053487472003561,0.772627360905584,0.23507099595555236
-0.15921579732827035,-1.255581885585091,-0.05402432877918616,-1.7858648399338566,-2.5069809152463267
0.2141825149582489,0.03945330021828647,0.752236292255241,-1.2433349452445335,-2.2411583822401093
-1.0614475001192596,-1.8655244257680936,0.7326844635354597,0.16656446971948646,0.04630158600139048
1.0190505120720703,-0.2646407440311189,-0.6427682598145574,-0.3184542310488379,-1.5883078856592832
0.2679126315812934,-0.026036603965951033,0.5423220327038477,0.29577851393973037,0.22360777413389424
-0.4780366838646233,-0.29194011398596614,-0.05716544852665231,-0.34803967758084087,-0.5748328637231769
1.9951230858780766,-0.20876980940365608,1.0860807867359181,1.6542617035186842,3.158491952699446
0.18998296173721063,0.1801409037604232,-0.3389876698239525,-0.018505857254068225,0.25545645164285463
0.18519433730200338,-0.23187096623043219,0.5634586251723458,-0.5701189071511026,-1.755036113969235
1.1287519463119864,1.346572454030852,0.5927762829935805,0.36104040183008546,1.1035091181146592
0.02975275338911332,-0.1139433516627392,0.5270945736578478,1.4218052171085012,1.5389931329271953
-0.7201061584616762,0.47080310406065756,-0.983182877855742,-0.8902352156032873,-1.2902325271772033
0.27248492524253765,0.2685559535292152,1.3033861307775565,0.946648413262538,1.149920180488227
1.2510953948890189,0.19239072938490204,0.2888535341316815,1.0789870591113513,1.8604854340221462
-0.25237432185227143,-1.1908186536284044,0.6384817362203886,-0.4451699064565112,-0.3275409853999389
0.09540443914789569,-1.270155967044366,-0.0470098221989222,-0.09947086938471539,0.0827662735328044
-1.8033123297793272,-1.2695704676439723,0.7211750945941415,-1.0641666509976335,-0.2285672587349712
-0.8844973428304981,-0.8710372199709584,1.8183107213145107,0.5883923085193874,0.8648759220186655
-0.61034898764527,0.8358025775420144,0.4437903305373916,0.5244175153990693,0.5067010746434895
-0.8666866346930973,-0.7271938626248254,1.1876145462760803,0.02389441337433007,-0.2517178820275304
-0.5436913828052995,-0.6362400295544263,0.5143618678035491,-0.5587823418636158,-0.2535683431252634
0.9975032502429682,0.42047755354810584,0.06889126341091167,0.6191554716983508,0.3741939883915956
0.6888609880746681,-0.5432804430695204,-0.3019431525333787,-0.6248973182010127,-1.180660515026778
1.9659990375130902,0.7075488971416622,-0.3275832719033111,-0.5366719619297826,-0.45557925937480537
0.06040229001600871,0.46610630873720454,0.6601084109012626,0.5749266916378146,1.082947413493538
1.9405212768093845,0.6807187840408075,-0.8984735568038733,0.18197032484874182,-0.3510212307957077
-2.363566034004588,-1.445806597302667,1.2364898693631086,-0.22571099724084048,-1.1306175643864675
0.5552855923066817,-0.7488845615539227,-1.714890237323114,-1.335593080591647,-1.8033293669817487
-0.3146376571448571,0.31951451802366837,0.2643515402954516,1.1360336732513243,0.7548254010211185
-1.22831208390341,-0.3302103858300216,0.9757080509250068,1.739804274985287,1.7687735881906792
0.7488582133896611,1.4431059707082183,1.3283714470867725,1.9419772063700982,3.089793278729811
-0.7644607152710036,-0.9333570821280546,1.7255305523509732,1.2130206714491687,1.295167173321896
0.661708708771123,2.3183156022678504,1.5691605149852241,1.7527293451934807,2.4919880222559936
0.4180857185200481,0.8228773998341179,0.702770670312097,1.35759037873244,0.45313224985237666
-1.2992717608881912,-1.552874068804344,-0.28218263403928007,-1.4501974659448535,-0.99025542353389
0.47881189070599656,-0.5610693702876182,-1.7332767920310264,-2.511274342504425,-2.1100864617830593
0.4214554569307073,0.27619451613311496,0.26798423098204405,-0.5026603149083815,-1.2545558735432323
-0.41940929156478457,-0.5037986659639854,0.3873130422783822,0.059192826418183304,0.050718029837501524
0.5095054596413341,0.4854765393083732,1.3604074093235747,1.3159533111855062,1.4314280432229378
-0.5871546086649095,1.80739565213984,-0.8030452400539325,-0.3162282201093001,-0.9359911195707367
0.17904834918589638,-0.9578522614653772,-0.4824626236924169,-1.7898548376355703,-1.3675389343280338
-1.3494461581248012,-1.1117344082893468,0.5741453280508126,-0.9243908774505137,-1.3356940874261742
-0.8416543302042121,0.3728507010925117,0.6205625527202208,0.666882949012328,1.5826182416441013
-1.0125296384931963,-0.06731764545878294,1.061786767463037,0.5126638195728233,0.6294859517142785
-1.2860229207958496,-0.36319745884068005,0.3757295322698486,0.6667413776793644,0.9513066440480639
0.6879698524559924,-0.014554137845806947,1.6956696898272652,1.2790307277653952,1.550360780225177
0.02304709022887507,0.6182305434732368,-1.4590328734056457,-0.60093270576943,-0.9362192670620102
0.10051972065471336,0.46192316658362814,1.0038304532903162,0.39140288186718564,0.706817711299113
1.5941397324977549,1.6974812222167803,-1.5579151022966655,-0.4040385765875324,-0.8907088125763836
0.4139082999658145,-0.3904543518122774,-0.4801039469151171,-1.410520397420999,-1.423081458523064
-0.5154979015193887,-0.3905517358070357,-0.26698364440889444,-0.3549354130441729,-0.8490027873813488
0.9042714634203034,0.3725023558760556,0.29127589051417047,-0.0931840897910381,-0.13047129014811037
-0.8013975840176578,-0.618043824765413,0.5476644940830888,0.277397993034125,0.4612453034095421
-0.4305179957640442,-1.1341277312475706,-0.19573023902554268,-1.0352034872241747,0.054518448534806696
-0.9959574893208021,-2.0076530855774823,0.5708453071333037,-0.6230505176239576,-0.7013131348683783
-1.1000986653993603,-1.7116804878250722,0.40026868816288386,-1.805881349871847,-2.2562962961672253
-0.42623513533514257,0.4130657356506765,0.19511158123145872,0.4010610220824139,-0.2409377918021573
-0.5663124143979451,-0.2981545556562001,0.5416920173675984,0.4985689789577247,1.1171865148622064
-0.3438912446294676,-0.24274064366988196,0.23395817357401363,0.2401879267319719,0.8246174430810433
-2.028478087904697,-0.8698001738559757,0.42230302662129976,0.08730715295925096,0.5079997596044489
-1.0904765632081213,-0.4985057005206316,1.192148394851006,1.161791020134317,1.1209635491980174
1.112863532715311,0.8238939743833648,-0.6910822970369155,0.3003568626764348,-0.05610816103746513
-0.2808486666106612,-0.3515813603247576,-0.5759072999187882,-1.204089015028328,-1.253173081481199
1.3290437431811144,-0.19269520917806182,0.30943426670418744,0.6119769494375982,1.125637854846984
0.17613510836308213,0.17075469160910733,-0.1082174077905502,-0.05289560647491792,-0.30308759417268444
0.11039856358037348,0.025104455308472516,0.811719796639785,-0.333808633395146,-1.0294694622334046
0.9672321950245375,1.0086271855156228,0.3693987874116433,1.690468913860904,1.691534734956634
-0.36679845947756834,1.0947440555770689,0.2039841689046697,0.40748700988879505,-0.44194095537935063
-1.0506015721516193,-0.026241601121381852,1.4664495745503972,1.6650984012052539,1.331987914446405
-0.8509242189291525,0.4522335682010555,0.12447529572905613,0.27697571458995307,-1.5082192024341847
-0.6957789385562325,-0.299161487104786,-1.4044776223978992,-0.45498545973566873,-1.0618934545169512
1.1827102930987279,0.9305704095832008,0.563590507299913,1.3881651518003686,1.759001527609899
1.3098194651102109,0.5341504789040704,-0.5370225363547747,-0.8269712096353599,-2.174833669067575
0.5300983309480571,-0.4141178045837962,-1.0500404949671325,-1.1751289153510482,-2.4864860668302864
-1.81073956418541,-1.0790712750112617,1.4472464798931173,0.9745386010842104,1.4805138335955474
0.2503762341375942,-0.6548238280297651,-0.17923638172625767,-0.8465085145676712,-1.4131808791003686
-0.29225386224871114,0.26017838248775527,1.0774299138737995,0.7073332708776934,0.3111256490706098
0.16644273530659742,-0.271124821422534,-0.41728699258629026,-0.27458723028508714,0.07280913340136091
0.3736664211427586,0.6335665845738586,-0.5236179600856595,-1.5242916502886175,-2.0271444710635222
1.044877422114278,0.8350238250458708,-0.41638358069769676,-0.2989743199780957,0.0467747068728705
-1.2306731778474387,-1.3628729121378331,-0.03768644656557091,-0.9767885348834603,-0.8375839277836573
-0.7603382721674227,-0.3838820598318766,1.0810031085572096,-0.06681326265740728,1.0495014816880646
-1.4032296247119709,-2.6196871247330042,1.0528142886855851,-2.1512227942570226,-2.189338070162971
-1.2458923977323542,-1.1089252117627963,0.3454828405938996,0.0012989560287681168,-0.3055553527360819
-3.4964305209233846,-2.3070810202695866,1.5535826612345511,0.4947333982846184,1.1590564764847424
-0.7227269134454961,-1.322270188098707,0.12801218856510252,-1.1799543435209598,-0.93979642180464
0.9108850230337749,0.23172827452995798,1.0027397427298974,0.7937492236411953,0.7619713709178685
0.6238490203806505,-0.18474699798451139,-0.0915890720708921,0.8699960023992732,1.136246301759153
-0.7491885162873045,-0.7364567195340086,-0.004103626023770374,-1.420492231152927,-2.492984137157366
-1.2938584440286802,-0.9993239611066229,-0.002516768716708251,-0.5822488589356214,-0.49598951147729586
0.10901753325374755,-0.7406073308671736,-0.4070309766708413,-0.3931029613223342,0.4769555246604183
0.46612703579373993,-0.17884588132133794,0.4437601608870641,1.7577283746061623,2.8207866371755888
-0.0629848355214818,-0.19613279812423084,1.0073044945147225,1.3926975431033974,1.4631867337098563
0.29035770591971344,-0.5623407588916971,0.38852623111745793,-0.6649621641815262,-0.23112552526873098
0.5264581335469687,0.8145039362985312,0.907112141649793,0.9836420581755705,-0.1967197115111381
-0.3734156746465008,0.6565076902963813,0.34169993489734685,-0.8194592785766659,-1.2040666275690413
-0.6368557693237432,-0.5657681572418161,-0.47449733201282096,-0.7839547765684076,-1.421793689980802
0.5534844545963661,-0.5690989070350478,0.7244767638263021,1.1632101703942572,1.558187990284877
0.5744067242873625,0.6052088092085923,0.5069872094605059,-0.8085441933653391,-0.7846242047580803
0.5879755115559305,1.21324241187799,-0.4721923603949495,-0.11327910141199732,0.032996058284425256
1.7297023596277452,1.5661661145992791,0.34154319255867593,1.3893509727842037,1.5473960727489888
-0.8581716795806185,-1.8317920218939072,-0.6325166228825647,-1.2486383936130045,-1.0235773195477298
-1.0964764558523874,0.14114347530246008,0.4560812150322765,0.027324491783122518,-1.976102080595787
-0.23226110483421994,-0.9066487467780875,-0.0716519515275108,0.413190481898178,0.20897827714521633
0.9750859073616288,1.0080693714819469,-0.3985286642396938,1.118924039605017,0.8930939036365064
0.9813723116162544,0.35189159681099935,0.18884071412780523,0.8688047362212141,0.7106127998711234
-0.8659098043928305,-1.6922085454765508,-0.046658431303398695,-0.6485379070318378,-0.6801718347397979
0.08095176131317845,1.0987283971066828,-0.495428520002105,0.5074668690578497,0.4255738268509218
-2.4043522801690975,-1.7990581017391696,2.6562241866988496,0.41119174980652284,0.04039996469612883
0.33856912414415247,-0.16751040412023468,1.778188176705107,2.2512630164003884,2.706388196234716
-0.018837366653657418,-0.41157894820564644,0.7660069398245646,0.6919847084813482,0.6119467427591414
-2.315628273427191,-1.1963779256830418,1.942975032110902,2.11116352943624,2.8461828867678225
-0.8831350651404671,-0.5114162894125341,-0.20055174989029873,-0.2474326629773906,-0.5925655550536988
0.5116009127381419,-0.41734047853951944,-0.5331771556691851,-2.03993635728998,-2.338517695954681
-0.655711914335444,0.06550073484856467,0.8341873033905607,1.522694125758466,2.40742494798243
0.8646401665097787,0.574020021376059,-0.9219433623396074,0.3170094337870508,0.6864503639875286
-1.245091559460095,-0.9017741184074552,0.4787257672212625,0.2545348982903766,0.6051162608417981
1.7744420140931971,1.6714960462815736,0.918816756002984,2.30467280578842,2.8812194191589833
0.796211886819508,-0.04687758117755075,-1.2846264505319762,-0.030341883354422006,-0.6410169137016672
0.10048349314726211,-0.5501906744686765,1.3337785355738636,0.9597773580448243,0.6342720281108937
-0.6822301450170876,0.6401518029301295,0.7177639278499148,0.4317288974866986,0.6500315810880393
1.2987977789709502,1.2649390148254405,0.32354176548681196,1.1334074348660428,1.380744280008414
0.02151220321773516,0.5985059254999366,-0.5308835960693773,0.588603104514797,0.6247160178555669
-0.7119610335479465,-0.05392024292503256,-0.42684740135137866,-1.1613393138628756,-1.5876684204157079
0.4933287658085375,0.6658315055350118,-2.2254014913947127,-1.47304702230674,-1.233547361261258
1.178010605188961,-0.26847756865545247,2.1240499659981635,1.5061989944355378,1.1033213885680329
-0.6454467523619919,-0.3887399966699503,-0.6134987513629163,-2.016734926641173,-3.7146001817210728
0.4719165514857051,0.10466520747966615,-1.2325141512358084,-1.0224337850648204,-1.4439422355933755
-0.5076686417784537,0.672358281054761,-0.1760949161168615,0.15178502825247675,0.22624247565820663
1.8768936652957062,2.23879742390502,-1.049437636476918,0.8449382957553909,1.2220892527656382
-0.5512914930346928,0.28866120870894707,0.9555975839769603,1.3590152068231698,1.6455814589334286
-0.2772226877584027,1.443776229534355,0.610557084162881,0.667314457302898,0.3016023759459328
0.3473351221760918,0.2379709557646441,0.1364530276914221,-0.5155528162282665,-0.8206732907047916
-0.6177764822239357,1.028823117724803,-1.233885547863983,0.38323917038331634,1.1017958672309232
-0.08770665385797703,-0.47767388664291693,0.2321152042939125,-0.2522510841622301,-1.1582981409550865
-1.4734458005506228,0.22731775182524705,0.13458604965211046,-0.5302494862690148,-0.9311084056373111
-0.3129093221082537,-1.4247176765454683,0.24955582472027937,-0.6672887178133355,-0.8011997749136183
0.6803065850664378,0.8277868605732699,0.40409020694746267,0.9235988773124629,1.630709864256111
1.2330064877139155,0.3034680008855859,-0.26446586492318036,-0.5676533649737937,0.024105519071765946
0.5196097724383142,-0.11844217645677335,0.10286449113096324,1.5667816022816754,2.219309389461165
-0.44389274988440997,0.0834186931945472,-0.32997674485097067,-0.8495043152044565,-1.080512116072418
0.7207139404612757,0.005215100099331904,-0.2242503490535466,-0.6181042328253578,-0.6239968853914055
-2.473590815311281,-1.5669314156375358,0.5396650486814896,-1.1467341533244315,-1.3121078628362066
-0.6976352534914733,-0.7733342930773528,0.4746330339985757,-0.11818200207994389,0.03271154987484101
-1.275527835325486,-1.4934606612507504,0.4074910180291975,-1.6075806542160969,-1.4009756787097714
-0.1321101910190732,0.9303426772045478,-1.7890619373185286,-0.3988021412402142,-0.1163949003615174
-0.3179746015591035,0.026344256447403902,-0.4296792657226254,-1.1773650445405854,-2.0652274839098137
1.3189779209509693,1.0069885274124641,0.5057253846079324,0.1895277770759315,0.027678721062028427
-1.324884111560649,-0.674399249040305,-0.5320274310406716,-0.45073422745648173,0.1287351524313265
-0.9409461152135643,-0.5292322984162193,-1.2408871298914894,-0.7074166527638212,-1.111120096648267
-1.1003920290641067,0.5931794092513375,0.1451408638181796,0.5677507130923609,0.8602097631948911
1.999644236539928,1.7261038099779187,-0.3861495727337012,1.196254634632437,1.3334324650814766
1.1671984292016944,-0.22436925410534247,0.6630993115267749,-0.24721970138030458,0.3485341796833399
0.26857694125694603,0.26450787613525895,1.0546200433281878,0.10569963455176645,0.5910134141626379
-0.6632773029474699,-0.21759695588139988,0.3831307383029743,0.6038244923728917,0.4522426905767789
1.074088503761025,0.40969156445358723,0.48700070370539045,0.5362680053013,0.3612313335977568
0.007354302626957566,0.013304188546959249,-0.427108961269877,-0.7698821254215331,-0.3504448791939292
-0.3638828804825677,-0.5102615891625147,2.409821818984342,1.404674993024167,3.1856151553267003
-1.4610387489813372,-0.9246922846647037,1.3390143141978146,0.517570487401188,-0.3500834616724472
1.2613084185028138,1.0651150626471941,0.3260893707679323,0.8768444289778952,0.6286698139803557
1.9091042224494483,1.206484915696954,0.14825540627944866,1.0751069356995002,1.3291555611977781
2.030983759683135,0.9968709354977359,-1.6391632668823863,-0.3311022330521797,-0.7445772047796122
0.6965445198069549,-0.11522432315953535,-0.039594126155487325,1.0431734277630609,1.8135447320735527
0.7996662312683498,-0.8294127479958339,-0.8077866010722045,0.15294723226802276,0.35414123184432655
-0.7770378738787299,0.5113353869406958,0.41134146381717906,0.26900690645472997,0.7813910046793651
-2.34919453419533,-1.1428914858968475,0.025514769424440975,0.017451544457971813,-0.06689740144827332
1.1648051652068854,1.1009588845374934,-0.4168920882974828,0.4615976380771927,0.2366741146847448
0.3113768093834213,0.22896832005596854,-0.6666548337163637,-0.04141035989956021,-0.24046330615603048
0.28400332981069637,0.003951128280527377,-0.21836585757673949,0.4391729017166107,0.7162307008996425
0.4343085419776963,-1.3528215222176672,0.2435270293321021,-0.5424274425937362,-1.0676764226935396
0.8166455850327037,0.5268399290206695,-0.15866567274060853,0.15577045891348862,0.001721100946768167
0.58601769940909,0.6115787212037853,0.9603461106369056,1.4683028354714884,1.7299378602420474
-0.4121643604124857,-1.00858587146645,0.1898457284514839,-1.3283208491546534,-1.6577634059006503
-0.36366761015444166,-1.0045740519589546,-0.4462049537205844,-0.7737247753478873,-0.20817962737997942
-1.2344948237743514,-0.1360798225019153,1.7274803404513217,0.9640858511815434,0.729104719978686
-1.0363172755238979,-0.1251891116155161,0.6596110767520573,0.9348389049244308,1.4742550875353515
0.8543758053518561,1.9879036428643717,-0.09650849241631682,0.2624784134451972,0.33331359104498476
-0.8686322008623651,-1.006130574574843,-0.28982009711533674,-1.3888772830433074,-2.061430065912716
-0.7823353447206963,0.34411814479278785,0.13571770708283376,0.3803897238518802,0.38377344181311596
0.7209400867274822,0.6548541775907849,0.013583553903445095,1.1428273514424292,1.5102875334750818
-0.3605668467293694,0.4753142503183354,1.6351269847383154,0.7612060162196217,1.485442650376992
0.5594050247246358,-1.3096985170810505,1.6245614418483534,-0.4846218940464596,-1.4678517601609666
0.05102396061256981,-0.26579319421851055,-0.3507099546457352,-0.27276620703196397,-0.8746186634300428
-0.8184232235275839,-0.9139618547468668,0.15376246299223906,-1.1362550603567843,-1.2427202785110525
2.8899045104521797,1.095497596703394,-1.4437076458457756,0.10914259013569849,0.7831124772837247
0.04538998396950218,0.7905946509255283,-0.05622915584409251,0.6715772232129461,0.8185231905158703
0.4832646826309177,1.0384097765401572,-0.9899845879849318,0.29717287659202013,-0.8122508104026671
-0.2541557463777918,-0.23007705164645453,-1.0003765598428793,-0.7346610251645647,-0.5232536557453543
-0.37959540207229,0.13614861762157607,0.14332347716233357,-0.2533476616455315,-0.7755731926962786
-0.005003065584585024,-0.6071703578095989,-0.833924479412131,-1.4276646900163863,-1.9778408687034637
-0.651181123054974,-0.30796297291006175,-0.6624479008528663,0.08861384842995401,0.28391316387299426
0.5711498507273118,0.26333523964710803,1.0113428420065718,1.0171630742931863,1.094988573777668
-0.6938046921662461,-0.3399395377571622,-1.1161358594740338,-0.3260799751266188,-0.5675894010120416
-0.6398391035642674,0.40686813067876115,-0.34320798694859245,-0.2993292246501046,0.27451804812260916
0.6576570136332874,1.0615279704866991,0.11403843556120705,0.2441532244278975,0.45019869507410437
-0.6904823264443698,-0.9443531839082426,0.5048857056924191,-0.014888075860736094,0.91225812659002
0.3515532380475589,0.4664003863459528,-0.2204494933409592,-0.04344365008703316,-0.47528276381732837
0.8931180648667962,-0.8461344224601566,-0.8722723650035905,-0.6645886000862451,-0.47593624526681505
0.4671144121010012,1.0421103644255725,0.45730694695340623,0.20534326587893248,0.893185296952511
-0.42581014844386944,0.6454346955825008,-0.39264218102784193,-0.5295467342213791,-0.45129392838272897
-1.1579727513716407,-1.652763734624549,1.0430120507262932,-0.24475783979076188,-0.9019368740353715
-1.7174990660413492,0.056936808896483115,-0.6957386762692311,0.008167442635545696,-0.4811387421036536
0.3935640335568796,0.24094214709945116,0.6613548403360392,1.2570328310149934,1.00866878507288
0.41041598072646474,-1.935722099611079,0.41255975121399213,-1.7147184763960097,-2.189211162031713
1.5230037200786752,-0.29035693793969675,-0.5054442198026093,-0.6054212927121028,-0.13238331817183602
-0.9133374441122839,-0.9055982170611259,-0.3430479300666058,-0.3549516603840637,-0.3094760137370641
1.9895593110958594,0.1918336555803093,-1.2490602757195968,-0.5684956639880394,-1.5543415072758187
0.7462058847258097,-0.24534673600261336,-0.5211289119074748,0.014967597822445944,0.3003051463358842
0.8762180854627515,0.25730788668404464,-0.48373183855521157,-0.41554597232614493,-0.10527539919828877
-1.4335717202915175,-1.411738778159494,2.1007411712356183,0.6790038476794473,1.8176602953661325
0.9039367231678517,0.7551064030376587,-0.14276042002345857,0.06373433087221264,0.5696899793927428
1.0661101861645403,0.8603169428933677,-0.06167918804467415,-0.5597468104053852,-1.3970048676816287
-0.8289865124001585,-1.2116135619037185,0.23270183532529354,-0.3542184949040783,-1.1089316649041918
1.3348250251773734,-0.09939360114881546,-2.1933552537840133,-1.9253393329203579,-1.3314326705470196
0.946015623526753,1.2020295123594553,-0.5709800521256195,0.1792314573709869,-1.0827482644694053
-1.0669761910434488,-0.028473190035625207,-0.7174393206735203,-1.5158287271290387,-1.1590227712941077
-2.9030637110124142,-2.3665953936649347,0.08170223414732625,-1.6856465718690283,-2.412371241460438
-1.2722804080154173,-0.06140326127469975,0.45435760684014026,0.04336522090069023,-0.057004387287005846
2.8314051013506276,2.6549197607945763,-2.329262254648275,-0.21653731604322107,-0.31841446387088107
0.002609872769982244,-0.7080700259548367,-0.10958261682186336,0.3036318112785309,-0.23803885302926808
1.159093987425554,-0.44316454543044126,0.8024216083186066,1.4964383673983452,1.9722871510221627
-0.8230216281932091,-1.2621631890273808,-0.3064880737935911,-1.5010923580111992,-2.1313360387922007
1.914567304540167,0.7263107330031378,0.8661113959110862,0.2231196032814038,1.1168330657631826
-1.8416275756845066,-1.4927806893375,-1.0069842973488912,-1.2471704362277296,-1.3126073801519726
-0.4547590837681838,-0.5963232542990212,0.0827697323094469,0.9384266872788715,0.42781693694055545
-0.43753225030580106,-0.0832354925922589,0.14654206490218785,0.3210640628934385,-0.03889275410572479
-0.006398567777253414,1.1356280506469536,1.4131386766169698,3.368795401770984,4.296708231509762
-1.084512523395379,-0.47285087023643024,-0.6110232156415518,-1.8581572273115774,-2.1245089607087664
1.3537418114131419,1.7331835323335214,-0.5297228829374578,1.0350680306527202,0.46484485155512645
0.8491811175736651,1.0502034658562018,0.6943668208534222,2.607496374595217,2.9664526555661985
-1.2791034551396887,-1.1902776351939766,1.259560555127223,-0.21079770508197715,0.2091312662689409
0.4907894818725331,0.1260141603115526,0.4216570806240504,-0.31367815579832087,-1.0761682528482073
-0.476083409330681,-0.17835048347634913,-0.501218286004402,-0.5131860036348548,0.5432259452297932
-0.9004847797799433,-0.5030259844657082,0.2749444150091138,-0.8054994401213126,-1.9845079478722534
1.0410976999923476,0.07146430195526277,-0.6245238430997999,-0.3277064255748373,-0.4663213732473659
0.21810859459416698,0.7940188206233083,0.19263798093483012,0.6856451251919183,0.9426735017640988
-0.0889917048675923,0.27371881321264074,1.4750080706547748,0.6247286828794887,1.2932827776260556
-1.6174953550215534,-0.985187626266015,-0.8920791633917768,-0.7875611232852061,-1.4720531254261104
0.05571293707065461,0.47617962037844885,0.668130131401036,0.6853673573212424,0.41562453873246197
-0.9607244635643444,-0.6781527476809361,1.910084239131244,1.622905564629304,2.199533465881577
0.2757116272956431,-0.2629319853074308,-0.7186828424377667,-1.4749069286591026,-2.084859657964453
-1.624460255615495,-0.6608191231601404,0.10842291561163647,-0.38196775502029645,-1.8567587074967378
-0.3482455749149472,-0.9269826839768608,-0.08075339378723943,-0.21476082900048,-0.45324007869920113
-1.9771989119038345,-0.579999165764226,0.3197812302570444,-0.7981423259941197,-1.1036141735450558
0.491950635825762,-0.5085121599850887,-0.2883861136253927,0.40361389611815546,-0.27771692227843797
0.030852934075418125,-0.7547971451942971,-1.2065827796026942,-1.2287621884293987,-1.6893486819646315
0.7976355797032557,-0.9843766330195107,1.036706353540782,-1.513649615052928,-1.159201307456514
-0.7719910661377172,0.6648375421514515,1.5063523485141603,0.4646612556384311,-0.04481955194973308
-1.036902552954658,0.676280640911908,0.767046353659468,1.2277791842546542,1.7095469158869654
-0.6941521518878735,0.09936272563567616,0.20163283314332583,-0.13108643374024986,-0.06244224971882624
-1.6243263430447499,0.9339883173685624,1.6580743275017147,2.017233338145879,3.1364222018078407
-1.4550187119189903,-0.05263320744489741,0.301021971689997,0.17748630690576558,0.06822145595951418
-2.3794308392919734,-1.8625219852495767,0.4903174210991705,-1.12379840124809,-0.8880030453637259
-0.046635065445967204,0.4461584940750926,-0.4358775690703728,-0.85553276767141,-1.266833477932707
0.5015069333123827,0.4690371930829895,0.2439298524265742,0.2852142071884757,0.6744783195736133
-1.7621457178490372,-0.586015013785755,1.5467876431436296,1.517824297758041,2.3782871229478557
-0.03922871586732385,1.3425251343073799,-0.9548612918765195,-0.45534636483917684,-1.3458350816667637
-0.302216825595814,-0.4855746867826245,-0.729973910403163,-0.7443352190497041,-1.3218892215099216
-0.5876886878309888,-0.2078747739187219,0.38335334857089975,-0.6140331311822829,0.030787236048358868
-0.49955191739559646,0.45392165598451284,0.5471662074311356,0.4632186139002517,0.35596260588632866
-0.12294559760472845,0.20182440453216693,0.10349970954350196,0.8750081822547511,-0.03068069160091813
1.5903416722469306,0.7284862108182132,-1.3990455076400652,-2.4059487804324227,-3.554351847764508
-1.3348109082349455,-0.051191557539427834,-0.4068620290937152,0.5775110696958863,0.2855287488589309
-1.044671354198109,0.09094399172263667,0.9491315183721232,1.37448934898672,1.8224536777428155
-1.3548189650277873,-1.7800255872613124,-2.136999690139141,-2.001037779312847,-2.5250621051284123
-1.0584459157391934,-0.3066808599361768,0.6703315522893598,0.24093109125171844,0.15590991603527152
-0.1218670725991888,0.1174821166983289,0.5725108995546838,0.13977849048631336,0.73512741859807
-1.0530298748586844,-1.6677443357488535,-0.29587520197750367,-1.2999727465668953,-2.1348828042942807
0.7523574744437246,0.5300225589410105,0.4302865578253897,0.2310484498535203,0.8724517533297267
0.4341372282985728,-0.22141591927630372,0.6585294586333914,0.7263052355505661,1.3170943970836742
0.6244604050666966,0.14656779296562636,0.525205056327948,1.6555873727495463,1.4856389827139247
0.7238811087608734,-0.015615368181855716,0.022631776374503976,-0.3799582167162549,-0.6603078338706712
1.6620147171116986,-0.4479339708435517,-0.7326806933272713,-0.15100970886854836,-0.15488564131933205
-0.2172415928938378,-0.26642908854622344,0.27609917943283446,-0.9058121647616736,-1.2314483170163155
-0.09847398299010433,1.4906920412877311,0.4112324267743074,0.7781742551156356,1.25997719415928
0.41313740539937543,-0.485604880793284,-0.879881357273111,-0.6243424119907905,-0.4385830494421932
-2.1349897085864606,-1.4178525010955272,-0.11239739002342497,-1.2347708450103947,-0.8850065457589499
0.0025612825094760076,-0.5259601516844118,1.2841946250777403,0.978722791723835,1.6835276950153788
0.9437146914479471,0.9510093524477261,-0.45746231398718307,0.046028679494528046,0.22493567194445108
-1.483054577651725,-1.4094564821280162,-0.9104056465029149,-1.7715337136077858,-2.3228590409844596
0.636128376080046,0.6627590402272117,-0.7716687089064685,-0.9156606987219817,-2.374887407039364
0.1901152130625383,-0.19677830555574938,-0.816849613441878,0.3265003756098881,0.7156238520953977
3.0862193237063646,2.081721113291929,-0.8195454680702079,0.7256779621929982,0.5125861791851427
-0.034616679892304145,0.28050481672020283,0.6947278478077664,0.36102030760045933,0.44400903063828495
-1.1122377599533024,0.02492766806954605,1.8468836048220185,2.3368002476331835,2.039646426792238
-1.0446978725121971,-0.9415991648723877,-0.8861057230955955,-1.2068189576261676,-1.3937869747226281
-0.6358570015249728,-1.3999844008613098,0.41824928504257775,-0.3662583274683372,-1.1593803754287824
0.21650601950623874,0.5143065361110092,0.3897231884646994,1.8635940301080614,1.4763847194605133
-1.2165705944807144,-0.7638547381759881,0.4159881356664761,0.25160544736990476,0.9352078078103905
0.323510834105575,-0.42851555913526607,-0.22048516789751677,-0.513445988716357,-1.124150316123137
-0.8927952446476439,-1.4005735678100812,-1.044552575122235,-1.3591233648255439,-1.2428864891446807
0.8126642466604836,0.8418744612660498,-1.0340590619976282,0.0013032665524069786,0.280777795386677
0.021819694634962267,-0.6965187593513895,-0.7601219141712866,-0.9213093438169708,-0.6196155410489654
0.5045802894775598,0.5420573833310307,-0.5431827258295872,0.12647095265745517,0.1574461293944996
-1.3673902809701344,-0.9166634993135454,-0.2866443386218023,-0.845976277075869,-0.8635248786694554
-0.576256064965127,-0.8737585388928237,-1.2945939189144824,-2.497309818408674,-2.759479805616851
0.8340382582635626,0.6373176576901138,-0.8685817294944731,-0.14710872082980544,0.24914460625844637
-2.568042710412544,-1.738826743328382,0.765399412309685,-0.8031995391364412,-1.054855141914469
-0.3499680893902603,0.6499137986791029,0.7060073151557648,2.196076940592995,1.9258283693137646
-0.3032480348777028,0.7409474938990483,-1.6628044140039808,-0.6654147659482899,0.0690868520890543
0.5147399724486788,1.8094457941922975,0.3284575018523518,0.390574884680409,1.6742964786897647
-0.6840003802658929,-0.4248358951922375,-1.026482702236042,-0.9146255281562579,-0.9201452570741915
1.6841932353124385,1.1783658784803774,-0.93188266659056,-0.9042773149117528,-1.1191287481881231
-0.9957062698554985,-1.0603104215784678,-1.3367128330921467,-1.5996984951304871,-3.160707552483779
-0.31527824749784533,-1.061038525482855,-0.18992343917281718,-0.37554142097691146,-0.604289891306852
-0.6375072513136208,-0.45240742554759766,0.1691581268007941,1.0154214539048523,1.5550676864874604
-0.8680677443356156,-1.0759166304061512,0.6784062780313127,0.12133528066391633,0.022860507677177858
0.22902649848957535,-0.4621345583281181,1.4127391469208963,0.6114877760045846,0.5606548193077228
-0.2686130612146247,-0.9465026937784511,0.25316719769959656,-0.5591725452597824,-0.760844235948903
-1.3476262283792935,-1.4513365788260075,-0.23934417513534662,-0.6127495923136748,-1.4189798190600356
0.11794650431374192,-0.8024870001862282,0.6837266754373283,-0.5204873218975956,-0.8312363553331131
0.15979286805846663,0.7723633699117349,-1.0933862432813983,-0.455857408632671,0.3926089150762141
0.547213872106937,-0.7015709876390042,0.07081827323182571,-0.7831763041972103,-0.5419165667291475
0.3449716503648817,1.2419059451882486,0.1039053635681079,1.2405985332278988,1.1713994817961573
-0.374911515583364,-1.3892572749068024,0.025512816202749228,0.1815857389460087,1.7637090719688187
1.05873441892483,1.733886844458858,0.05813543655154135,0.7819723838148711,1.6748481288573185
-0.22876311285866305,-0.7457222850025226,-0.19196425711386148,-1.5872344957115052,-2.191732571449257
1.2544745513264037,1.0936765145742322,-0.6335025634116418,0.9270019752742378,1.211595373009825
-0.670409272017506,-0.18478224928562267,-0.07110689629501946,-0.8771370750330088,-0.7326512783213524
-0.1466177239643066,0.6366790875817179,-0.13152682125053816,0.4140426155960351,-0.12096901253811876
0.30332810068291294,0.3981403984428005,0.41921515474987314,0.9695074607495262,0.5116695521674256
0.2659868368766193,-0.1021207060680783,-1.7204091372218109,0.1633376237345039,-0.2501757885285614
0.025188997427086305,-0.3448906867957016,0.3601353225962673,0.18284498395565968,0.46212231377413376
-0.08350277157846028,-0.9784054036205027,-0.432327401495726,-1.4881140305386293,-2.070873430825528
0.48566597168310066,0.6745236566280517,-0.7708232534245274,-0.5928985231677192,-0.778055613015722
0.9269938450092617,1.079733116028019,0.282835432827043,1.4556194896597536,1.6767596496246941
-0.4456260175815768,-0.9264537573457174,0.8102570239012268,-0.5301500176765791,-1.4276848975630294
2.2213886778601113,0.6375797563235475,-0.06330551122208972,0.7086789511384992,1.371740521370834
0.6191080751049789,0.39525678881808335,-0.9364241848249919,0.07330570028900374,-0.1084962959764283
0.36544425252597573,0.24859418493058935,0.32734554088399537,-1.1774948892313883,-1.6073140984898193
1.6017725805725862,1.1460026432927837,-0.7151039173509643,0.2496694743342458,-0.2193411866945289
-0.5699764835881251,-0.34606629613161993,-0.3953594257952348,-0.058971561936999206,-0.33519356242624854
0.8508770602244822,-0.006868685691435561,-0.304995569319908,-0.9574476042637661,-0.9879621667162706
-2.292192661342088,-1.681464609639454,-0.006987898207072574,-0.6682733388914618,-0.7472409867452355
0.28016151350576135,0.5571741980320197,-0.05795054226015731,-0.8407829789691688,-1.018636051975456
1.9672698556716415,2.9930709492074365,0.8359349710596398,2.5982111392120224,2.653020723392322
-0.47553361073561395,0.8736162996504138,0.6588192628959291,1.289371116569744,1.7634033026985263
0.24916293929823097,-0.005372006493815001,-0.6055679478247056,-0.7883666786719473,-1.3453371536778285
1.425920649703891,0.42663398469108466,-0.9024888117860095,-1.3232558315518637,-2.290843770535506
-1.9871865212288207,0.08419481278278218,-0.1595718199536149,0.8503314404022049,1.28653794842072
-1.494562840917029,-0.8875871756770541,0.6203579417760785,-0.5936390578376907,-0.09163214039942258
0.7461085349383181,1.1216636150517207,-0.4419701609746408,0.5637010133098196,0.6558954617683481
0.49116868170954875,1.5310000370676007,0.22522425481949468,1.5291855914001995,1.2091120671180042
1.1130682576738595,1.2380294406555399,-2.747647186761609,-0.0785037198895322,0.24581616098913012
1.425905331206825,1.5331311444028015,0.903871975765338,1.2660605492911734,2.7427516998788004
0.9698456476049604,0.6688090175584215,1.0404463078253146,1.2214761779717758,0.9017524075337842
-0.04609683067949091,1.1735063206994694,0.10635833277054944,0.575968904696457,1.1728564269660877
0.7724109402476789,1.2099123093580448,-1.010449812356041,0.006545475227567404,0.117279208652591
-1.4114914794463995,-1.244435660800573,0.9515993824736482,0.5536417289882363,0.7862302100084182
-0.48062446740051945,-1.1392944195368289,0.4836255391337445,0.03079293002606781,1.0139692960824889
0.21523096425545846,-1.171858675755734,-0.04744554232318211,-0.645677322699271,-1.8666503505867316
-0.4356658491196528,0.04522305921805131,-0.31520584058263035,-0.17688144027555885,-0.739264213219382
1.477271663663578,0.46565559502161585,-1.1950228061193706,0.5178864460568869,0.6532435373105246
-1.3861913019646837,-0.0666663808598813,-0.46079948093433687,-0.08588509222287255,0.26407337702364453
-1.1431584554200342,-0.5534724586116915,1.5137994782827793,-0.3409658025717889,1.1748046816515707
-0.42663310372499746,0.031716875107795334,-0.2712482271532472,-0.3811315614702286,0.3338978543269151
-0.05537681189099964,-0.9124757204997249,1.264306502522258,0.09860835135338852,0.49757058593680326
-0.5493958803414692,0.004853306256243695,-1.3586669386230175,-1.7807890984846098,-1.5012031640211188
-2.1924924804447414,-1.8393797237934866,0.8398479519328457,-0.5546636211396576,-0.3293692840641612
-1.3441555907586378,-0.7552447859481308,1.2456610373421229,0.9764378426039338,1.0568078760696262
0.024486610330896438,-0.043006778041256695,2.0040274618020053,1.4874209800263907,1.8373490977709346
-0.49420667200951995,0.4766435638605775,0.713546989165472,0.9766977132189363,1.7621376138824374
-1.9144643109433919,-0.23264857862701604,0.9046349753182146,0.5158078269992257,1.0615731209934562
0.9098394604845635,0.547650833066248,-0.5042777734497856,1.1771789423990218,1.2778203219967845
1.5534536307904139,2.0381651542180865,-0.80107379434296,0.6408676930446682,0.867143064627257
0.06305110552357407,-1.7490949056197587,-0.6760463104267249,-0.6432536742055625,0.2387623471004119
-0.2604732523674694,-0.20639089922553513,1.2459571680867143,0.7748283761650907,1.2869692325157285
-0.5281586943616003,-0.3601017374381314,0.8993697984581468,0.030584808796276286,-0.6208611341043425
0.784405557848862,0.14183483392465956,0.06168337135491492,-0.17700860320640333,-0.22177021607335307
0.3289785165154081,0.4397357901818952,-0.36468035381861363,1.1808765699351604,1.6759730724961541
1.0270588716922397,0.9581098575986298,-0.6992433180197575,0.3753581632460921,0.8666464016843387
0.9484799098436989,-1.6711920364034856,-0.19110233882253522,-0.024302332113807834,0.03955755378527959
1.1277618246569467,1.1741977536982575,0.38604339544797334,0.11875729588101769,0.042424164258398595
0.08276969198904961,0.31473400240858795,-0.8817793752552082,-1.7655061163524528,-1.1124727829686374
-0.8998141043134883,-0.7200042306505756,1.4111977970166065,1.2453921197158495,0.859775754427945
-1.9142398620702832,0.39893457558330525,1.6072115402602125,1.981498036317745,2.2650897608724603
-0.08035897002954862,0.3931850483046076,-0.5799583732185697,-0.3671848529565909,-1.2232408086523225
-0.11005284698386131,0.03399822317070497,0.9467778571333846,-0.29427389952175054,0.2911593255783141
-1.1632868013220083,-0.7464326737491814,-0.4728081198258311,-0.6806232468331146,-0.06338873736271
-0.2902595352064078,-0.6905370552372563,-1.1089751253079656,-1.3021164832923513,-1.524888599109343
0.8483517149629631,0.05756198408381852,-0.4873363894127726,0.06870053094856121,0.42274297734026856
-0.37677274785177783,-1.3372082634463862,-0.5975453427780947,-0.5862925704984802,-0.7489451839050962
0.058322542344037887,-0.5616187967599818,-0.2639246520251143,-1.044765814644351,-2.6497388184816506
0.7021252737945294,-0.21256070050848952,0.14343960227068592,0.3807607236346474,0.6217811622121054
1.0549026070173757,0.9163226309916275,-0.7330737261798531,-1.1858201878204033,-0.9780005527359381
-0.13266671081629314,0.6895289178853504,0.17684956284293357,0.18645957772591587,0.13721026741416498
-1.1393399343948973,-0.2351510340563588,0.48354023456828843,1.522953772865741,3.0004721379727686
-0.8790170694317,-1.0769696457532412,1.4810886349259542,1.5339832208187434,1.4084807607469791
0.5621423117260284,-0.07657060894915751,-0.022594138676721137,-0.0797811322396958,-0.1790221843797031
0.9511987446376919,-0.1026066915640953,-0.8385238152370604,-0.2827059747862687,-0.6848088566710004
1.6087604208843076,0.2969447554205755,-0.07376696254305198,-0.27741258539490515,0.3075129700021994
-0.6535583959746265,0.12556171156350304,0.7319267566768773,0.8502864343845954,1.4013572487811534
-0.4772850953619749,-0.20197775857662878,2.466595809907518,0.4893638822412758,-0.28080406357806365
0.4433691103707616,-2.169010284807346,-0.7657822341483028,-1.9032412143365074,-1.9056993304176943
-0.11474353734545067,0.2152312991090076,-0.6351036745846528,0.3030924278827982,0.3099465753267724
0.0701360183815605,0.026921972221053074,-0.2591621124381727,-0.2893782362006033,-0.07264922410471364
-1.2638137797868791,0.6270634999353873,-0.29128197325170513,0.5190644824051153,0.7278437916634335
0.41312100910207544,0.5657282156580172,-0.7243565760096607,0.8991005741323872,1.2189117848655624
0.5012401207081038,-0.2782344569131871,-1.3447154838892668,-1.6069992655206125,-1.7081987059142658
0.9508565208398629,0.3942644981269073,0.7387385059138396,-0.44254813623466793,-0.9741520360435418
-0.6989064300782065,-0.4082162283469777,0.3843256172893277,-1.4805250553375762,-1.1345901866257646
0.5019311990358495,0.27170716818689605,-0.19212813786641791,0.9218810517354272,1.7258073227272073
0.052191288542276705,-0.28378411913749363,0.677034879149289,-0.11463332057868919,0.20652150607174066
0.8580223834114654,0.15168600044937536,-0.5483126137264407,0.8016360070244927,1.3055887371122692
-1.243338569780291,-1.1212510407719112,-1.3709610640768362,-1.6480294181517006,-1.6638065977054326
-0.7611604211663296,-0.5745777030257554,0.6137301394417178,-1.4684575013047703,-2.0464916028124116
-0.1860944189103285,-0.974982731216416,0.7999608839243932,-0.13036459871737435,0.0012803447186921224
0.3895865640034651,-1.23438905749309,-0.3869876011241058,-1.1359534378176939,-1.4006365594530292
0.4209570477097249,-0.49822104090954256,-1.2657913152617204,-1.3854882352001334,-1.2351168567820854
0.08402020311876313,0.9156911328804683,0.3281547130580399,0.6373116804510062,1.2177931841089493
0.09717718614425702,0.8413988474734104,0.41204441558896027,1.064243241792568,1.1211103144816659
-0.28724492013299596,0.6731375821473531,0.14859480762845806,-0.7871381408967155,-0.2896548631982866
1.497194741308689,1.9187875427104646,-1.3921824173013932,-0.5123292760251317,-1.337638934975613
0.7531015371017823,-0.21948014998492188,-0.943058737189447,-1.1768039901597063,-0.8251905627657261
0.5754041930400229,0.10756862469841136,-2.14473423666741,-0.4423641965550056,-0.04104630958890909
0.7908869924672759,-0.37199636833220384,-0.9588357921629127,-2.3076946715699798,-3.3327538665657723
0.30851584831926115,-1.038530413971181,-0.38346155888088923,-0.35430799838059057,-0.5865054849439952
0.7322670679187595,0.25238977077493097,-0.2953374468827216,-0.3709337161675108,-0.530766576366347
-0.5330424235175937,-0.3274381087347221,-0.36111486461293313,-1.0545208172392817,-1.4053293449731636
-1.7329954398725445,-0.9853877946084908,0.802216499036936,-0.020165084425183027,-0.8806139552340724
0.5761637252214238,0.1855103720485759,1.2464570608555705,1.263027665659959,2.481172807346394
-0.7111513304479553,0.40786602287809737,-0.5688510719282049,0.43050325671885,0.23803295752388637
1.2782022956353076,0.3984503036956272,0.21673180321069824,0.040491598483892444,-0.19450169760747454
0.0692119081972242,0.30681364651358023,-0.050459809046740786,-1.3673682883656741,-1.3465892047097814
0.44272796529174274,0.8009452371114512,1.8466174010689032,1.3728357484585152,0.9636750392464144
0.4139714135314777,0.5638597403823485,-0.5304277091740046,-0.1529626770564797,0.06191641046053595
0.05751779887993698,1.303461594996101,-0.6340048975302023,0.6864504397289525,0.23180004333679238
-0.3220927766189807,0.733715775370134,1.1447414247302103,2.622081128553144,4.139671129007212
-1.621096400905252,-0.9819157726017635,-0.07101735341774129,-0.3785559827385342,-0.909577453097046
0.18839612944750242,0.16695625376674775,0.8296224930492674,-0.05261017328809392,0.1700321862180772
-0.028910391710027634,-0.22037528532638684,0.44368870335233823,-0.9677315813159904,-1.8532343028617813
0.14983434727050263,0.19094507403393365,0.11935606474033084,0.12988781037833264,1.3553730584542714
0.027515276240340125,0.061663664825509314,1.0502129433974818,1.1438974119469345,1.5712332129757232
0.7372250184020345,-0.2206502289169347,0.2650255704223662,0.6605743595730189,0.7784954275333064
1.3887514314729463,1.2511846355035576,0.18317137075478812,0.6502681000195187,1.9465730348361643
-0.11574556072561148,-1.0087879566638862,-0.8902710744438789,-1.9975155785796863,-2.5325505128762615
-0.34276354418279736,0.10704182196289022,-0.5457160673989322,-1.207083966294529,-1.0888413811887567
-0.5532705338656333,-0.7104270216031556,0.5729293031387755,-0.024595991977971285,-0.3437732019189098
-1.2306224799566965,-1.8978782288643845,-0.2542434160823989,-0.3693793106538782,-0.17626621225153166
-1.395771889419894,-0.1929962708239631,0.8048488544960272,1.3043980723608497,0.9860030875793601
-0.8163238504278263,-1.480780984192699,0.5733448298367724,-0.7205050215895613,0.023580739003505435
-0.6069100637870892,0.48869459588448694,0.7888908450250743,0.8060219333683498,0.2561236112490215
-0.014994054294173227,1.5554944163597562,0.6561205456634684,2.343942720932899,3.8019601720620337
0.270680189698482,1.1274635361237417,0.33256188449794155,1.4008216265525035,2.113000344514503
0.41192343195438863,-0.5602106522929722,0.5345114129868317,1.2192186586885188,2.1129353332314373
0.8283783078127616,-0.3988818862568191,-1.2433633356982114,-1.1230895082324004,-0.7294637310035196
0.4100396830214629,-0.09266109362793173,0.722949129005796,-0.4810633385241133,-0.15736409841540683
1.422607472755505,-0.05053950263936002,-0.6805251744153862,-1.5717796741804868,-1.6783043159910593
-0.8118912379436117,0.19966899398849175,-0.8932511962527245,-0.28397332095195454,-0.40160294059448737
0.6504779678215754,0.25266986647457257,0.7159818604521495,0.4709204878950504,0.6742343913050238
0.16385764863163257,-0.3373891065644666,-1.0156898330862887,-1.2925441941547133,-2.8281525488224757
-0.2693800516090945,-1.0287843815958797,-0.7539450771841913,-1.0497117093674087,-1.1136930380327887
0.4542245992012515,0.627133136637269,-0.6730361865751227,-0.04182634321347681,-0.29304506991696233
0.28606442121796566,-0.9635063944694496,-1.8136695537257899,-1.552874316464812,-2.338641415169978
-0.03633351125465345,0.9247350945966771,0.9031176127152178,0.948266358074042,1.6452997385432084
-0.3751035829244973,-0.8276041886783294,-0.3812811320973312,-0.8046163183489249,-1.4135340036106825
1.121179001050049,1.0406763918979947,0.18031880580911136,0.5275064002638787,1.5489289074310697
-0.44033601452017174,-0.9925001361685487,-0.8758881200144205,-2.8012302706787375,-3.4132242356214957
-0.6417457855607801,-1.114518255191563,0.8904711744075074,-0.2993603750742059,-0.17703846428114897
-0.3212103088399583,1.7265287153902371,0.3757873609468935,0.5317756546034516,0.11460909206156833
1.145866003766707,0.9427758185609169,-0.46012760944445447,0.3289814009597201,-0.8032678947739942
-1.011816186898085,0.8361692910847305,-0.37063807454428743,0.4487265601046374,0.9138291179601334
-0.4966681899456127,0.15311770162209398,-0.627291727197479,0.7088318719603184,1.2868975332899526
1.739891250897585,2.225429472185149,-2.047332250556604,-0.38705559377877374,0.5160745924398793
0.008437556676019727,0.5981504443132813,1.1707298851027512,1.3744683779868285,1.400804303357365
-0.1872130951038426,1.501040523006658,1.622529208134742,2.3138581707791728,3.028389702703275
-0.8786626726166797,-0.5727967785643922,-2.021451979555604,-2.1167732282268448,-2.763925027770579
-0.4959374475831193,-0.2791617742971138,-0.372996704058912,-0.4893973526889262,-0.35383667115985284
-1.2273721665955442,-0.9638380539919087,0.5748700324842935,0.16662563548101844,0.18398832129750442
0.7589183907671562,0.9158551588932884,-1.341114709930379,-1.4200105060335841,-0.6906093341969561
-1.93109018742652,1.2199839036000304,1.2769408769160497,1.4672599863867037,1.2185068872900544
1.0758741277851989,1.8182874049887934,0.8778131099407183,2.0100138779297323,2.863100047758481
0.3590276585574739,0.38761819068970516,-1.2822325013993439,-1.2529365460773436,-1.6333616005674407
0.8616811290067324,1.7607561978639206,-1.458760730655055,-0.16986385765608147,0.2446584960075249
-0.16408273896592357,-0.619928341587236,0.28876911925151066,-0.6686003644515565,-0.9567747356535058
-0.6558539182841348,-0.5041212423090464,0.2586654160151779,0.11671524658507287,0.5770957232399746
1.6772204983859687,0.4320402081857529,-0.7036170874931745,-0.7747432273941071,-2.21064195004047
0.6975882126826367,0.18191624706501902,0.5783342228470812,0.3249565643768849,0.5930394161040922
-0.7961677707521819,0.010945811551153706,0.9577143255835475,0.73043259152668,0.5726790889648532
-1.1630468714766513,1.0384897109659528,0.12127348109837563,0.5903143264790196,1.197447813201784
0.9761131068902693,0.7501603886802883,0.08617577265708298,0.983587682703345,1.8878606872473018
0.5858169935988599,0.00688269606162184,-0.8732420519551997,-1.0819906885873127,-1.3476404145650172
-1.0624979320222598,0.16399283322477187,-0.21718599499094138,-0.298673981402691,-0.061061874786741854
0.6375709676710923,1.6880963886724334,0.10331029206666206,1.2082647998599525,1.1140494257184095
-0.1017383677366562,-0.7555582606478085,-0.9096792470942874,-1.0187115173555434,-1.5049744666396454
0.022811047500020054,1.0186502698203128,-1.2413673019296139,0.514709962851421,1.0315430039611573
-0.20291529239768533,-0.9352163395032932,0.7646856750846185,-0.1071987373456586,-0.40129388897097085
0.3668270026259928,0.9347518303826171,-1.6314710984559007,-1.0851043590882263,-1.2069931731246006
-0.8348077194194359,0.08442404145433591,-0.3992503360765508,-0.9418340251276252,-1.3175086630257455
0.9604582540717144,0.8607955316536424,-0.05183567115890933,0.022447523411918024,-0.35875061503511374
-1.2948521131889872,0.46963450210124735,0.8984957779063221,0.6998871927867215,0.6160995894290227
0.6784173925039741,1.5147024091970345,0.1347105028559855,1.8954326172839648,2.1323091556358067
0.27777214440721,0.18255827118623116,-0.553028620768005,-0.14678029321035121,0.9633822804625973
1.976394180962144,1.5254880590014446,-2.2642261421603758,-0.23365445459809686,-0.5942498838824377
0.2593157623622285,0.14696900225022194,-1.0635995875113646,-1.703251817681285,-2.5007525216183675
2.5935109215940617,1.8458155632934918,0.9779968784498557,1.7654397334585215,2.689108924581888
1.4144171938049126,0.897373381902917,1.4143929133643791,1.5543413133920672,2.4159969561491184
0.4884974107650285,0.5508529906291542,-0.561878743206571,-0.353213878884656,0.34155653601163816
-1.286512647642788,0.28694200529982683,0.32970205890128135,0.4651222284591533,0.2539354213082885
0.26222040171922495,0.3069500854608701,-2.298263859982558,-1.088439178548494,-1.565409909922377
-1.829146742637931,0.0028803494113900374,0.9862602011838155,-0.17514258994862242,-1.5968745255203383
0.44757271357222916,0.4693375080889106,-0.022474210926721763,0.691153079147,0.02588282757376581
-0.838713131580113,-0.8198364908166338,-0.7447123841685832,-0.05014837954709028,0.31060933828852244
-0.8032743198434154,-0.4549839283467922,-0.5110806763953768,-0.4579327394415258,-1.2669310797960909
-0.41217248289838604,0.16883688620337378,-0.28066692430631063,-0.21111107309877625,-0.4736393319429931
0.29158798220028287,-0.4539632246535563,0.5973573497895136,-0.10154670026708607,0.5156864574750174
-0.17290325265487919,0.5923990973170582,-0.7334144110559264,0.11875054968564208,0.43518010801385787
0.6195669023730003,-0.019713857242439126,-0.013326908376432134,-0.3492342230164313,-0.5767086831863089
0.628180242007688,0.9692169640083583,-0.6205175912614443,0.6467908844322333,0.7490050271996123
-0.10705843341170924,-0.26554395172677,-0.6468132574063753,-1.2317926104952936,-1.680611802294362
-0.5763623577144931,-0.8115346864348705,-1.7005977079616394,-2.3131770632547726,-2.52209740323734
0.4886543987060944,0.5015491276748784,-0.5264703445661775,-0.13868045214976366,0.5582356144526693
0.15255757837007616,0.6824870760582243,-1.9459497046693501,-0.273243998731054,-0.5991261643494568
0.3791163020200707,-0.1690483557726846,-0.2675224127457923,1.2476083739391446,0.7030493953091478
-0.991281459850967,-1.2227830555872694,-0.38592039443460613,-0.9492142860599059,-0.484461400138134
-0.06081066107478897,-0.30505506199862875,0.06513698594685624,0.09731705908131363,-0.25668758524235236
-0.2533629187024888,-0.20782007413310666,1.4365810751881767,0.3085840442346445,-0.0322923449279775
1.611016734095237,-0.7948936495580566,-0.0935268693068424,0.13917997447102137,-0.3361870080525734
-0.03237762842303353,0.38010953730530345,-1.3142338427650762,-0.5384367202400349,-1.7383648217529295
-0.7470560226972857,-0.35915788302183305,-0.9183601680214775,-1.475284223434274,-1.288001902562539
0.02301426416558356,0.5117421069521009,0.017170114802453076,0.6191527859062793,1.6811403914186465
0.1913617201710944,0.7690838874978662,-0.5821516321896513,-0.8473003707722888,-0.9221681698739609
-1.5921576973063167,0.19563820573008783,0.6356863858513618,-0.6604570302667936,-0.985373670540553
-0.3791002544656631,-0.11766204661317008,-1.2194838798034349,-3.4819795712506227,-4.1959967163464045
2.1917661352957376,0.9957178290306674,-0.955336587866547,-0.7131808304907347,-0.984136093516977
-1.7464102897806804,-1.6170660317619705,0.5716453098767817,-0.3795492751485252,-0.36049116534590864
-1.094988134490842,-0.400515820877016,-0.5033945203359445,-1.089475648295926,-1.8694791703927383
1.1919977596430826,0.6053089399363504,-1.5742274305554347,-1.274810510082811,-2.533288640327572
-0.2850895550963092,-0.00901356695239594,0.14847711470016597,0.09103110623919004,0.5815441869020846
-0.9234499032451098,-1.2817486375135272,-0.37567279296773315,-0.5130698171556103,-0.5563976644920403
0.2131127716198647,0.26609891907899264,-0.41757688560071793,-0.5509811809547971,-0.14324971252266605
-1.3701964292041817,-0.9248433194845617,0.458889369473307,-0.5430828645875443,-1.3725691710855574
0.009049828922338882,0.012322611837293572,-1.3769665981323078,-1.8193255987151842,-1.1281568085981557
-0.1349693034391832,0.4679404653502889,-0.3250630147798371,-0.46052997132434864,-1.0393559621512907
0.6374396293077129,-0.7632871487411127,-0.4512273124673408,-0.23740762841515695,-0.060406764978069516
0.35356693000368167,-0.2628663575576082,-0.4846078427406612,-1.1637710750308803,-1.1995569323586073
-1.5590196293374283,-0.06265542642138233,0.2746277418650488,0.8279316590203873,1.4952571701869641
0.05905326433854823,-0.08578225301486452,-0.7582960859063034,-0.4843406052168438,-0.6365267176637376
-0.5877195818668628,-1.0603865647931232,0.9952038368503009,-0.30976637152113246,-0.059552103547210244
0.7616879445918415,0.8124605337822672,-0.6979780664029557,0.4481423116329863,1.0789514207608866
-0.912847508565289,-0.5682585141627297,1.4983668232207288,0.6563111601052434,0.06646273984314155
1.265781343290004,0.0011107606044143958,0.7708882332083478,1.2309946787813906,1.524581612251839
-0.816179813576567,-0.44012741069573763,0.19554783532455566,-0.877943259262085,-0.5198075968152631
0.31153157459796166,-0.07255605607206161,-0.8887716134713575,-1.7053217347144844,-2.4981971611132057
0.8726379827468422,0.6151277194365506,0.062246741320034715,-0.04543650207438438,0.008887585640332096
-0.6039622196854455,0.29521455790061957,-0.35575063259640305,-0.027719422814089567,0.25029700974032476
0.5041206956573504,1.3900014718704132,-0.5396750232482277,-0.2996770874666989,0.1532596554572136
-1.166006725734685,-0.7485191896788213,0.8681238742060811,-0.1998315111441032,-0.5430807181087942
0.3525822764148453,0.5090737696080587,-0.8353327907606003,-0.13372258901516024,-0.12938971770481514
0.3669156780822922,0.49961858929659764,-0.051114790620669925,0.040118354554631225,0.5495011060421804
0.37609482871220096,0.7713388496908027,-1.1685401309097696,0.21252930129281666,1.073853118341753
-0.34042213176154973,-0.7100103197247727,0.006895456147671189,-0.4038603615463989,-1.4851742947733977
-0.9072511265141002,0.3264250606220876,-1.7649842588106568,-1.833374064568229,-1.8782025532700009
1.649435267612523,1.3712403987529678,-1.4525675217664493,-0.8673396409172386,-1.1086876567171127
-2.4294278506102525,-1.5609877161165466,0.48542904443961127,-0.8871497045615584,-0.9211546205667325
0.7418760378366608,0.1504884667105554,-0.813615199026066,-0.032213319068036816,-0.654640052207174
1.7417720713144147,0.7508118105301045,0.8231415946780084,1.5112957573126442,2.3816842033231205
1.3238317343016577,0.19255730572559654,-1.3141584061636093,-0.10327047906550291,-0.5414155768329034
-0.2263417508257785,-0.43933986117729573,-0.13448715708619005,0.11870884107241325,0.01207320445051091
-0.22341827389632518,0.5130866417224764,-1.1298858896032742,-0.5910819646185023,-0.2671833929224814
-0.2378419586807251,-0.8078396211387247,0.2981290826747002,-0.15760358596933188,-0.4442976167550192
0.6717813555251547,0.675454789740576,-0.5264598137038293,-0.8542930118108047,-1.8652053277780527
1.886331975473316,0.5261023577079175,-0.2661864715275134,-0.42863520239290265,-1.3670719956275406
0.5364027325295531,0.6409812352728799,-0.547972112961581,0.4888315053106892,0.7376838991224755
-0.656096640383211,0.11546975283608779,1.9217193302419138,0.7986077802155636,0.7469693238482727
-0.5060375615841338,-0.684275130810886,0.2803960458465682,1.1527672194875633,0.4705640514738516
-0.6046960168527762,-0.19276883935575245,-0.09795179886496536,-0.20211167145535858,-0.6312375658201077
0.2177899641067729,0.6558870537094657,0.10990836134693406,0.16073797164450715,0.17969673717049214
-2.9503985439221045,-0.19744321808318732,1.9889654846647162,2.7826101014926907,3.341234926713305
-0.7561268306353431,-1.8956850517148485,0.6669031910160367,-0.628645992519739,-1.4962047371940317
-1.1788192033540152,-0.8115926897504577,-0.971944061349191,-0.6402099066375027,-0.7648180404023449
2.215309322697661,1.0561291177756864,-0.5593180807382725,1.2775828105373872,1.8153933881357913
-0.8241531382153929,-0.49463746995776314,-0.3171706595182068,-0.7648597171551488,-0.37318766871940345
-0.47459570020463404,-0.5677407173013054,-1.3722178599420976,-0.7546325345501799,-0.9240032288425136
1.7499490046792567,1.4683124109066328,-1.4900878744078612,-1.1465138508922799,-1.7601727169998118
0.35291729720051174,-0.700321099277999,0.9340134511939953,0.49071288829848825,0.867045207546495
0.8644368391189564,-0.1997908671404896,-0.4133254160587893,0.2660642148146736,0.9707076158303909
0.9008953163945301,0.47461381099248356,-0.049996826327696475,1.129030074667245,0.3616223705431634
-1.10360234060513,-1.1502006661700532,-1.1144269668323628,-1.4420504286957465,-1.4138892442815048
0.792075304236541,0.77493763303512,0.22498478758748136,0.27295501767012664,0.707808521770981
1.0684733475728392,0.05835826683424039,0.13818851688381584,0.17943065904596772,-0.7764003022375445
2.2682192804530765,1.0108507908236504,0.4918245708464093,0.8826525562044188,0.9929623788747827
1.1052101797316032,0.5827923414618754,0.13913675570892842,0.8142495208398532,1.1097139232259479
0.5597568357921575,-0.5207023963285358,0.8606272165549808,-0.2812818701823902,0.1087346692143849
1.8858094951706887,0.8344869924746326,-0.5866226860881764,-0.29703123015073496,-1.3476955504124282
-0.7358473265876927,-0.4132334431154314,0.5294414975746575,0.436771823326381,0.27082855595418714
-0.2619513854898942,0.7909440100260817,0.38113635026879633,0.004913406464652992,0.0020289830420899585
-0.2975892387933976,0.14253414470074938,-0.5828397364572556,-0.27250807921733744,-0.8224814865740975
-1.231825202038399,0.1028333057459826,0.725575494048633,1.8240529174117013,2.4244942523414696
-0.14210453500124898,0.9007410922000432,-0.6215752218155286,-0.4852166405625298,-0.5234693902959037
-0.35510594095692805,-0.4427157917942722,0.3955455147502941,-0.21395296451086854,-0.8532801054852355
1.219427309990638,-0.5375146345350565,-0.7573627673551184,-1.5937347507283373,-2.086710687667831
-1.221532782537273,-0.9499048991690613,1.7639110586288538,1.3789856757322863,1.1529877471999652
-0.4463583156521893,-0.6620409383714791,0.07505771675416345,-1.1876858525204121,-2.405446583369682
0.29506220629779956,0.1513242893820677,-0.4392111167488003,0.5149543869256412,1.382076755392326
-0.4909376465889118,0.04668784667430892,-0.9186893426490313,-2.186036054750576,-2.3545389449896117
0.5215946309907976,0.38761317081168134,-0.03281236110911025,0.3188602451803369,-0.1749060925139742
-1.0703935547855463,-0.6008947619083013,2.0677913238073584,0.661545384101991,0.8317083278602014
0.2774625452841474,0.42488456804501734,-0.9668997262049641,-1.4158175821008911,-1.11011168814143
-0.33429514877773675,-0.5368930178635378,2.2804971029532974,1.5674461139140619,2.126333546957185
0.8967416881223955,0.6265414595487699,0.39768458195048195,0.12399045652686214,-0.02991440267575557
-0.5309865208681723,0.43805806062733776,-0.17973358491606015,0.5414505296146367,1.1586062703312208
-1.2455924660997815,-0.2518561064192535,0.4133937618475751,-0.39540717083120336,-0.5599398859382463
0.8881174195249428,0.2663550209934387,-1.153082251955019,-0.7809428477748188,-1.3811315032431357
0.07503163714945352,-1.5252695295266718,0.6815042624462698,-0.2799592274799888,0.5578840337677966
-1.6963477294009757,-0.3124533589884031,1.3742510957345704,1.0899017734261833,0.793910154392801
-0.8291095447062418,-0.7526247848920988,1.322823512873875,0.9138865327661945,0.7961551408222669
-0.5991879119841979,-0.9378718047924774,-0.47671364444650277,-1.3933743510661019,-1.722565233473803
-0.6966685388030052,-0.771149463872065,0.17958406019982706,0.5759129424657141,0.19413908131244423
1.6635154953469755,1.32738705604982,-1.0244521398549122,0.6210838022986132,0.17117699343171489
1.7203281114857665,0.3357298114281104,-0.12192406044467136,0.8281522195297133,1.3923846440214795
-0.5930114800604828,0.37235487806183193,0.9043140180609294,1.9073117019749861,2.570346090694958
-0.13307905867766442,-0.2979155685024818,-0.22481579992365747,-0.41080475598412325,-0.6894823340833127
-1.461408075254287,-1.1486324670836172,1.3631364104602275,0.8637884920559957,0.8653672147108782
1.2214622766459708,1.2102364586318497,-0.8536474227969253,-0.45527284290397435,0.5321105815282796
1.254184339926269,-0.09879045892646232,-0.5201447536686992,-0.5610790567020167,-0.478166213244596
0.29040184272485225,0.5129205650618989,0.49269701433876345,-0.046110755771331946,-0.569280794564727
-1.1737338501003676,-1.359138907974319,0.5277059888315725,0.09060937913808209,0.47787576283277255
1.0528136710964573,1.43155252807367,-1.1184429539511471,-0.36588820825352597,-0.48309132153158574
-0.07213369247167868,0.9471992278298857,0.0004497912894125891,0.8757933946520933,2.1867338835904717
0.45942469075244247,1.151859095737104,-1.5126190082434756,-1.3856782756166073,-1.577910846748194
-0.1401114385818554,0.5624713237153255,1.8356200210951594,1.3223601936387082,1.228497887933159
0.16267154965607594,0.6513609394385117,0.4188728026605093,0.41546878834277967,0.9010397313946596
-0.3701738613078913,-1.464452967941786,-0.21229803367204153,-1.0274136202616704,-0.8673984426907393
-0.29498495100490646,0.2701318030849369,0.27900030852306845,0.3826895666046495,1.1656841868844925
-1.7178405005103112,-0.18024784232369861,2.0856425095564184,1.7532917480671277,1.4896057346545186
0.09431572261929101,0.2572089966558228,-1.0974686130430165,-0.8152602663407768,-0.19510789811432006
-0.9490051709341113,0.014767906733873626,0.5750464947433693,0.2702518510054641,-0.29917139499419376
-1.984910810902636,-1.2943181552417977,2.222891049268986,0.6037863609435177,1.0616788159343789
0.9250177196182952,1.024829417174713,1.1343951874213016,0.8562336666392503,0.35961432319494546
-0.08511972508905584,0.33596884351334155,0.564048764073257,-0.10448897055746975,-0.43022729466327725
-0.001370745694405971,0.892463978579201,-0.3699497197751915,0.10736364663736692,0.38189359324768357
-1.1096668717821694,0.13042649363802128,1.3486607016514354,1.2876153064871168,1.9475544095227921
2.057946113760648,0.6531442941450712,-0.6940555062043925,0.030521529803016145,0.03523370844678556
-0.5740336648904635,0.059746361558351335,0.6216696052677605,0.25538561979444513,1.2964720175607691
-2.3930924089534638,-1.2153072973267367,1.6719789199488297,1.7100529489269491,1.375775775514225
2.6613327313581467,1.3530111485928111,-1.1155376047745618,-0.2575108294766604,-1.2982966226187331
0.34572116910391665,-0.03396111779428243,0.288606587979651,-0.6826948805410613,-0.2500166170220849
-0.24424707820172756,0.8323648933907769,-0.102871438681257,1.1882634008663833,1.5279020393107958
0.0689606289360745,-0.8228582538500738,0.09853931957256892,-0.7860527114188742,-1.0477710850632709
0.7674184230538327,1.3845750989198795,0.5087821131040791,1.8999732377967358,2.721239625259241
-0.34131057757839683,-0.4756333611778708,1.345467499687814,1.2550394790452553,1.448298309008595
0.2769541497173858,0.3397908403113298,-0.14560904140802572,-1.0560960662975964,-1.0502147133459065
-0.3103213421161289,-1.907720220337552,1.0372576157104645,-0.12506907245949822,-0.8149288308870996
-1.9890335405281705,-0.8381145252308456,0.6714408585668066,-0.0062218225932448995,0.08363448840234532
-1.1404575786915727,0.06193383996412416,1.5590136355146913,1.3271728869063275,1.1432645109155548
-0.7683634145072783,-1.1741485699170822,1.1801348794210804,1.5852605344849207,0.8571123222621737
1.980352782873909,1.8977512035707507,0.27603451676938273,0.8397836807308756,1.050397895285861
1.1689634662104924,0.8373900680983817,0.46314314328628614,0.7195235163726045,0.3513469520921845
-0.22617101983475332,-0.39438414563501056,1.4236131747200151,1.4086499370801668,1.546565325504894
-0.1922301404208285,-0.21423206811148915,-0.15208306288025178,0.13189340778795378,-0.23704169444441223
-1.2467819274871839,0.06257383227175117,0.24609924932707228,1.1056206058482008,1.3996406277856255
-1.2470940429649617,-1.6701834706570087,-0.16919669195731213,-1.9134377436814058,-2.9128052891388596
-0.2724049549069529,-0.05921038027642106,-0.45507198899607426,0.5099037890612137,0.6543093248036758
-0.060411297437892524,-0.0038390875005366483,-0.02114656334570246,-1.1625496062815701,-1.5364301607199176
-0.23411424501632386,-0.5560629035856678,-0.3681536582822481,-0.9927936478371584,-0.8805603304968935
0.5232603286721406,1.0040939619081917,-0.47472930296528937,1.088626089003645,2.805976753568396
0.8677389535281655,-0.49679041964556087,1.1034289716267518,0.3221274144524948,0.39634110511751414
1.8369343689685724,1.1962712473525017,-2.154102741608991,-0.2508685817984838,-0.5675639246412443
-0.3271849172724228,-0.30349833090338596,0.6757928057779791,0.23797529149499638,-0.22589615878092717
-1.9533367901879526,-1.2276641460065725,0.5976082796963983,-0.20219582346910556,0.22652944059377123
0.40865607551536054,0.635949024514914,-0.16459717294606382,-0.25982864277576323,0.13858800723100584
-2.4153440137688156,-1.1373166884493493,1.6540077920116327,1.2741837271829073,1.5239294033986932
-1.2579039771914162,-1.3117399382641157,0.6928621495794121,-1.359739013554346,-1.8324912633127581
0.6104375425714075,0.11306792887478265,0.26956396670644633,0.5228954798218766,1.3063553936213133
-1.0303910242071912,0.8008161454281784,0.2770872373888881,0.4273225794792315,0.3828416845632743
0.015847179762961502,0.5282420418666661,0.07638430157298809,0.33814325445485516,0.14084150006492252
-1.100966389718344,0.023360850248383302,2.1617714865399043,1.2367774985031676,1.298966548398795
-0.4516080018130241,0.003925902010338406,1.4506862824105164,1.9314475199016974,2.185322384048031
0.028630764781417222,-0.11947726634043075,2.559003048322512,1.9101936976403915,2.353996335843015
-1.1740342672451989,-0.0463291550721614,1.323503949355953,1.382883867522487,1.0006581256529148
0.1692171748642059,0.017656737285358493,0.351296441077967,0.2510829813773728,-0.13341902434017866
0.2577746289474388,0.24509616380319557,-2.598970963649806,-1.7999978750809134,-2.7179848693316364
1.3906901458049887,0.5519402898598064,-0.6074012870780798,-1.2733652422461286,-1.8097299077624245
-2.0811267707729644,-1.8123990467629822,0.8849485378176791,-1.0764859872034516,-1.7207338595431458
0.2798640074626966,-0.2614414149340787,0.8979660488501899,0.7159544822331838,0.6001647178853013
0.1425547881384307,-0.3153184063798004,-0.27071446143951416,-0.32351520071442064,-0.7132142996041777
-0.2341632247388209,-0.2725062006770469,-0.021591110965388252,-0.3071638064044976,-0.6249200276201756
-1.4615079620140827,-0.7502844985514391,0.4659076374762068,-0.2253784339476123,0.6121314172996679
-1.2496258232457804,-0.38182301430664284,-0.07693489488187166,0.9531753320694178,1.4139085188170706
-0.587295163142078,-0.6521402433880831,1.0377927469151442,0.6193270416065615,1.788192940445552
-0.6297428071552199,-0.22718982885787442,-0.04218811341183759,-0.06923289429026502,0.8210117308872308
-0.4166975495853142,-0.5049084747988836,0.28888014460775646,1.1092312013870338,0.7287596203855302
0.2989937516332184,1.11482320226926,2.114154922214025,2.6085307581494495,2.805770188799682
-1.3574021599652228,-0.9988822641110244,0.5137967967497999,-0.9667225635424722,-0.8112673195394948
-0.2963807273506503,-0.37880386451567444,0.9472187563187866,0.3245370460143877,0.311244738204887
0.06212418184915725,-2.050803034009191,1.344648463991993,-0.22482045942016687,0.3306131965487
-0.913431365374488,0.448702937973194,-0.1505316367367744,-0.3595048896959794,-0.8165691417687386
-1.4892113784370267,-0.17452042176125282,0.9647585031916799,0.7200020386051692,0.6267496014405893
-0.6129759914239523,1.2884271617083263,0.458659069975734,1.3767772369040678,1.3581358467578766
2.7206707476824343,0.14646161871608498,-2.579729994627379,-2.2536957576574106,-2.7204286172259677
-0.23587072832462985,0.011904043686284865,0.3869183140439211,-1.0584343486421792,-2.6569699739690362
0.6517065457746398,0.06842685806135512,-1.1606044302020466,-1.437155192902921,-1.8729295946473488
0.3804363155997133,0.17098081952994287,0.4604813808814844,1.1244061229855893,0.6498827319959914
2.383670508734229,0.2788475406339648,0.8192748845867126,0.3926293759511594,0.9588855066954705
-0.989115313317124,0.05379862399654978,0.3605380375183662,0.08676393966546952,0.3186411980948146
0.5328453217373916,-0.39708487866802,0.21800403104902635,0.21150980797226365,-0.07110709187516279
-0.341740715113144,-0.3152986024505246,1.9744250380335924,0.7521874617887025,0.5268978055877245
1.2377338315631143,1.0079732044405576,-1.0956784944861628,0.32408514864771343,0.6757407195275482
-0.08951052905392189,-0.2677959378052456,-0.26086194279873254,0.5942863939817539,0.7210650105676095
0.24160886932722836,0.17448203738159765,0.22478605695712267,-1.0596669012017008,-0.6401196249968616
-0.17836190648289194,0.3082804496534088,0.5092688363346176,0.19945582610839335,0.47995527886102096
-1.86162926116911,-1.5425985641799556,0.5963194465135399,-1.7588430698516795,-2.1188937755997674
0.32943982380700226,-0.7293870096686914,-0.6680122838489904,-0.5601683576058247,-0.33057828191777233
-1.4837341287510368,-0.23556965039665145,0.7024599955351265,-0.1371304312299365,-0.5629867896457399
1.707821497218492,1.206013836526712,0.7859428305581218,0.7975278592716349,1.177364853745927
-0.7468085642017863,-0.652186439750029,0.6501181342699477,-0.00989463588462472,-0.3169659050531597
-0.4892624874414958,0.5258020227187261,-0.23514287612218165,0.8306083187352794,1.8319974023177328
-1.8010636709454013,-1.3010795737638654,1.3002233425832501,-0.3256448931839403,0.2629750449551777
1.238871977283362,0.9957996992825213,0.013768172279226665,0.5240082353917711,1.7213089434184266
-0.29450352928661766,-0.8284622599950138,0.12676064880150603,-0.42895356126996936,-1.012087206235463
1.2567265786898991,0.47274803092564266,1.136441872241377,1.9174889346991892,1.2749899532317144
1.0974835853678977,0.7881565470928085,0.034821498863601585,0.8134514583005472,0.7901760993409931
0.9157077654102411,-0.2634291864630241,0.12211269828287741,0.2146561717404918,0.3411953336053155
-0.30197088798904903,-0.7172316603703803,0.667962026923429,0.027481830105493738,0.1419165058077727
-2.0607245925718143,-2.022456107246,1.4522146135638396,-0.16563681603296035,-0.2046877152257464
0.19565151521995325,0.8264947780010075,-1.1567007855649218,-0.0789025994812918,0.6849621600232793
-1.5463417861942004,0.10125966573179523,-1.0013871768858085,-0.9161002286762463,-1.7254721368660748
0.34776735747549004,0.20313875088651945,0.9061265915114062,1.1935787872588968,1.8147934169621753
0.9358046997309779,-0.6779670715055509,0.049600343656883206,-0.9407592226107212,-1.1350593682121484
0.38471395725659324,-0.7508674687829591,1.3244306154973207,0.9245141545566884,1.5898109658168713
1.3282829686774706,0.236487234276882,0.5697947710368556,0.9841260692855374,1.767987938602257
1.0848538021736736,0.2022315545266588,-1.817611950794145,-1.4114322414624652,-1.3717454957405457
-0.07546808363743948,0.5247829534962465,-1.1512322582178285,-0.03633170666139074,-0.21809363366494172
-1.0758816591693035,-0.23806000446375425,1.1826362586269101,0.8312248437541457,0.7047506589086376
0.4837531248516787,0.40596603795927305,0.07844608832149716,-0.447559907912471,-1.2143503152477138
1.6131847087638802,1.1473845282167905,-2.111100469305251,-1.2578660036833103,-2.1011421251343854
0.8596855616217796,1.6353414806960382,-0.07376355837698567,0.7225230753137497,2.0704858715026933
-0.5102910270357959,-0.7310476136120005,2.225877550800748,1.7328226811158585,1.4116932245448184
-0.22641089360238356,-1.5117194399071645,0.9309031243605984,-0.9491843339059594,-0.46238306041857624
-0.5011855831169493,-0.142347192970117,-0.4459918684790443,-0.47019256347469346,-1.3944720311278649
1.2429860329201454,0.21696027847382288,-0.03079928656374048,-0.9215598914990407,-0.9109875406013606
0.05674437343978779,-0.3426498054109101,1.1657086654302493,0.2593329865964822,0.05632717824233957
0.6986042510581465,0.4661631970859187,0.43631239701942093,0.362535244369589,0.24250548388160023
-0.4018894674450001,-1.0337363700951263,-0.4630675753004538,-1.4916889299918614,-0.6061691016035513
-0.40342391785857085,0.47709918016857633,0.18665603508857664,-0.17082902855411297,-0.0900056416572643
0.9566106278670281,-0.9941281439589189,-1.2848252279380061,-1.643252951491484,-2.4830807102884287
0.684345471421216,0.47768603366144835,-1.3510302598148876,-1.7894759069775794,-1.9952786894830572
-0.3538242298400502,-0.05193069222887099,-0.02928381941955284,-0.1734012179740857,-0.44167836769958535
-2.1645141520608626,-0.28511987094188107,1.119193489818027,1.3330303285608611,1.5033271542322473
0.44980037709507104,0.451051622483104,-0.9681712407119898,-0.5179359310140942,-0.3072147876109923
0.9038751583308575,0.9203910864181752,-0.3031668945462611,-0.7765609265722057,-1.4319356214548469
0.02193202697386284,0.2722666354308226,-0.47992471067637477,-0.6414683760612253,-0.5917015072345645
0.18491035319016297,-0.4236637171306453,-0.18608734300504556,0.06319230483405447,-1.0845243132886078
0.6429369511554757,0.8974468170294804,0.444058027347893,0.44025987964883706,0.5959302707931271
0.2613016346178264,0.06056605608790305,-0.21258843685320195,0.01610267371944485,0.8687648816744674
0.7345269752759419,-1.3149790437255084,-0.47006567443643,-0.5988862835466058,-0.8467269108267529
-1.0069774129042344,-0.4974039135569589,1.8250793870150912,1.8421148311128874,2.4748524333305197
-0.4747230840756109,0.008435262781906233,-0.18199403103418912,0.36289077891001426,0.07355237654746305
0.21386837161603367,-0.11727678767358979,-0.03830143320873014,0.018459200394382175,0.22356401944753299
0.8497662277567392,0.6841323223089897,0.5530362441520678,0.6104272755757132,0.39239621536710306
0.3476517598000081,-0.22642482726838473,-0.48215908589589807,-0.8163216515851759,-1.3168112977742692
0.30334599609081736,-0.147558413617487,0.11072868730959586,0.5745628603804371,0.7655665606763218
-0.23628029702462605,0.17128529838643058,0.05309635597470233,-0.8706239993112188,-1.6430587764487843
-0.5293559430894699,-0.29321753110818427,-0.5801478792397823,0.9465334547404944,1.1313052930262355
-0.6363118228127967,0.3740621553910423,-0.4967137827191804,-0.1096917027688336,-0.060534269570365895
-0.9969409807677229,-0.5279745832927804,0.043070315118953595,0.500361156546527,0.7348304657159422
-0.7713828423652729,0.4628288397454853,-1.1248096033438466,-0.362665852902909,-0.5388223992366535
0.36712119623618716,-0.5096005885060555,0.40601643695121403,0.07438949212671128,-0.13717697806752555
-1.3296893169266457,0.662281189232918,0.7089386469260878,2.0762060138563454,2.100810189152343
0.48012249522951905,-0.11979243358013011,-0.16251394487685697,-0.26699981015656227,0.9037054465222014
-0.6155326306964022,0.8027053780151916,1.279129274040834,1.8805131937551565,2.5248863957813947
-0.20400689114117354,0.4636531795331403,1.0067311029408714,2.6146940256822737,2.6644088923431606
1.1983156728700104,0.553095279237626,-0.3646341393161012,0.5565222093804316,0.007860854699738073
0.9760332801316043,0.5143019681642268,-0.6268616530463877,0.6623396896097085,1.0920856880820027
1.7104560034072445,0.7268105439308181,0.0399844254359214,0.9926257911021221,1.7402969539899642
-2.24431454467895,0.40100871997165566,0.16979912520032026,0.6014652075434854,0.8425588292100643
0.5250722084273192,0.3619162048189748,-0.6996096348298718,-0.1994887839516506,0.6223877598301546
-1.3503587416845555,0.6042366240456154,0.23625326238858513,0.33674405984739764,1.1465541650364008
-0.11596304676779862,-0.49816414946483,-1.6469635691137892,-2.6193631921572624,-3.2049342053954715
1.1510426785977372,1.7007347451744619,-0.7441876066034641,-0.02567757038321805,-1.4772016127898606
-1.0228285081246,-0.4018880933544728,0.6980640014999894,0.7095732561989616,1.0492678921083312
0.5372962035969913,0.8244311442131776,0.14781949646861745,-0.8121120027380553,-0.8014584661939175
-1.7766379188560077,-0.5703115854417113,2.0137063131430635,1.3815999500292737,1.4264170214306895
0.7934582305109635,0.9300324230316606,-1.329091169649629,-0.704347405904719,-1.2977177056709726
-1.3845008366605553,-0.37904369711463404,1.0830565744356009,0.3131989476845081,0.30939716440862547
-1.1254990095197295,-1.4607736829189326,0.42817205589577145,-0.7684731757105895,-1.7248589960949006
0.6830720655579396,1.37075106737897,-2.7024590891350373,-0.5422311883916465,-1.40781611162658
0.5998976513007667,1.1167528135066647,-0.3937301372262513,0.18786284090488556,0.3297472133398537
-0.6929718521302439,0.2786269871692397,-0.3920020057411323,-0.5432576637464781,0.23324439283711562
0.19640024915815096,-0.07440675225255922,0.3454473950442044,-0.4039099212475668,-0.553959905616744
-0.7882081819436135,0.3921154686294478,0.6663464403309507,0.8110126054280401,0.9746964111755468
-0.2986372504971364,-0.7068873975310075,0.20755635417939333,0.25833317621649077,0.44224896989481743
-0.2708204622966807,-1.0859632429187691,-0.039955393911417114,-0.536887031791504,-0.3880270221118505
-1.671982664282704,0.7115161671126521,-0.6324802112414464,-0.6190104055023512,-0.010046493953467128
-0.16892771204730064,0.32830131433616605,-0.3862499741483973,-0.5418580252465127,-1.0907730624817005
-1.918150365607263,-0.3033517659840522,-0.24544399674221162,0.08713276683902743,0.5030621887893543
-0.2693301811528147,0.9953634116275663,-0.3604722235131764,-0.0012187817244773136,-0.6438779841009324
0.8356654609487134,-0.8927207519630205,-0.3109968832852658,-0.9577790787798728,-0.9495468212801309
-0.25828695771306975,-0.762599630644818,1.2617541845654445,0.6858882919262694,1.0495572171318825
-1.1678379588086865,-0.8098416086688437,0.6998084330129515,0.047084857962321196,0.6247619575275591
-0.16829257796677258,-0.872634643870264,0.9041139394315246,0.31610966755738445,-0.05028959871937844
0.2904357879216603,1.177445512111412,-0.7704052428828619,0.24283046151764162,0.43080199182416123
-0.7750406062319604,-0.8651335136464985,-0.7501096978205024,-1.3894437981671173,-0.9892825300568375
-0.028442776149545664,-0.31500092123322565,-0.41599830966195805,0.07497030884513733,-0.9946623623440218
-0.671132616882705,0.5919077650878316,0.24572042354260473,0.7672165194307555,1.1071038920757925
-1.2977353102646225,-0.2125998564570617,0.8322754515733108,0.8393463170446053,1.066302980385614
-0.21227156503325684,0.08682544654049873,0.7645093727987164,1.2492300437592907,1.3148142337263211
-0.313688830754746,0.8965621259020445,0.5505005382927761,1.2893926365958888,1.7239937652912372
-0.18998601278183241,-1.5408379517420483,0.3840447756864389,-0.23601885337963135,0.4172253488582072
-0.02372051526327454,0.06941180115736209,-0.868291301794802,-2.0420188931332417,-2.8380577344961795
-0.7269680780304629,-0.7737653214640932,-0.06567044064484262,-1.5442654756416987,-2.066008331718944
-0.5930183934240094,-1.1521180231138568,-0.19428786278874707,-0.6482624797671671,-0.1070198874695737
-0.7722140504609424,1.5550541159978402,0.5365173386490723,0.470082790936978,0.34340154150125207
0.7130050925023511,0.7138070457443382,-1.3223167821963098,-0.3341468631917,-0.20799053769125886
3.07779711770963,1.7416356732779896,0.19192583691051712,0.5340065177193696,0.558632217725607
0.3513880259350316,0.7187162404731273,-0.662618532502852,-0.16850343192599393,-0.4352091757414688
0.27706142300768277,0.08301690480324332,-0.5501981893926002,-1.5026038732092966,-0.7365452419745311
-0.39943915197916335,-0.6084714313049728,1.5169668163080023,1.0114485825079667,1.1657679719305334
0.6433814450627554,1.0358504812888376,1.178260521876396,1.3961299333270636,1.1145012109397385
-0.4171199435858403,0.7235701437126516,0.4612846324998265,0.9044216309973079,0.09174467579663304
0.32031666807724746,0.004619269153893574,-1.6875730755318743,-0.8168771053279006,-1.3696490385670772
1.305644983273913,-0.188086489851634,-1.237313781904811,-1.8903065216111332,-2.0960081167435187
-2.200720534507889,-1.8597726419989868,1.4220515522189503,-0.3096670011226945,-0.21772251605037052
-0.634100933549516,-0.8217690009889422,0.8710016768170014,-0.7949558631059219,-0.9129432663227166
-0.7962457857378558,-0.825324993178673,0.754224546367724,-1.126661106330461,-0.47104688608464185
0.3010411724032919,-0.11866378370563549,-1.5004610207402673,-2.067327984559833,-2.435652704781384
0.5845748608863798,-0.09274892875857726,1.14315383372155,1.2995118208983416,1.1958779389449004
1.2327606582305732,1.9873521518425292,-0.8349684420847463,1.5444455982301164,2.212218453810931
0.5419777773139421,0.43011800246859866,-0.7749510083318645,-0.374487747597398,-1.0279687807999784
0.3835578066979347,0.2761468893838763,0.5579714384118577,1.1302731858768342,1.186549721465782
0.22502694398597697,0.1954618345089822,-0.6090201798419947,0.14885811622571354,0.3338973454331242
0.6114399132811515,0.9254266386956294,-1.4244365760693796,-0.8840886916062557,-0.9905270805767791
-1.6506264515168219,-1.4119037105895766,0.31307741314434934,-0.8252060718448464,-0.5931253766087634
0.34980074656727306,0.4387027799449693,0.1718630829715071,-0.20263533545631496,-0.33679330239601474
0.7610627674053312,0.48414338297250314,0.6771967688631885,1.4989637001048082,1.6922567275059344
0.9689311914273767,0.0035965881341497585,-1.6034353209767411,-1.4062925663501515,-2.4119119941588716
-0.7054400919953174,-1.1218000255218752,0.23868201792627286,-1.3411338192283813,-1.5374376993777916
0.8094919936345237,0.7004550198960366,0.5000475430831794,1.92141813875446,1.5704829554240174
1.3862836466850061,0.42146288740714616,-0.37757570429545356,0.35700303642226366,-0.3169526069385445
0.4569174214708271,-0.38228983081193646,0.5740891320281726,-0.44189959748489305,-0.1836604200012215
0.603232841304727,1.0362419857701637,-1.335777006927821,-1.4288094225475128,-1.5414843962090623
-2.517131010854088,-1.4617326176367498,1.0915842444417798,-0.7543268595634318,-0.8751700756685769
-0.5177531354411621,-0.8694769008858432,-0.08240782119428239,-1.8986836765018404,-2.40263731608372
0.24640186816414383,0.32372879149270584,-0.647575323220792,0.40566680454483894,0.6488418531205105
-0.5893067567505759,-0.5160792041991599,0.7419145200066016,0.3731841660028484,0.8697540158234955
0.7890034521528314,0.5243228454755327,-0.3808210995724368,1.1131178244447104,1.9338121970496258
-1.590488938321076,0.24435902403462628,0.847479864579554,1.85123717608121,1.9102640965137936
-0.01973672497853452,0.042426374245424295,-0.7719161048523009,0.8857907663011454,1.0119992066162642
-1.4878841952796273,-2.249869652036547,0.4844599261339682,-0.5295108259020296,-0.44823539146136604
-0.4356052410759978,0.5270041504271072,0.45648770482849366,0.44548193953563286,1.16281848713736
0.07036649198530046,-1.003560947207724,-0.5081963290888403,-1.6299557287137483,-1.8164249703556765
1.0428126902382626,0.37581151235085253,0.31083650853566575,0.9656192840198458,0.2056331982840296
1.2086442216382907,1.1258340083902707,-0.7016167710937173,-0.9122128514397525,-1.9620981387606782
-1.1376613611280018,-0.19416414550423355,0.8993138922697171,-0.7482070862180026,-0.8406315142495865
1.8699223707676802,0.05526242721667152,-2.3228792924138837,-1.9942159412014797,-2.6447060160438127
-0.7459968995793405,-1.850674617844403,0.5808731256594439,-1.450414320182577,-2.0275343456221226
-1.0814886473249903,-0.707006137934453,0.8632885472744134,0.02421829164423428,-0.24440391649040477
0.8252926541716463,0.8306866869196887,-1.4509899750642568,-1.526368379249965,-1.407361890496548
-1.9298328420638717,-1.5744001258826186,1.7764651655759383,0.4488580508681047,-0.36343781622947857
-0.9175072861248013,-1.9632478585717539,0.12718051598857327,-1.5514329037456354,-2.0171800633566432
-0.16223047671375668,-0.5884812011407266,0.34275109306471147,-0.40481580990086097,-0.6425232308598298
0.743858015321105,0.6955195032592971,-0.0400322961650601,0.5651333505883163,0.587357952291426
0.7638925054651678,0.3920072541523336,1.7050905648612054,2.7238818934588167,3.1080231613587763
-0.7664683133515812,0.5273014746529163,1.9167677527373175,2.041424349431078,3.1962388664613703
0.4262701855478559,0.6466331889394679,1.0567254209615102,0.7103769275050716,1.914929769439953
0.10799260583585259,-0.11204690550457072,-0.641528951377729,-1.4803272919513746,-1.085150318707286
0.8383318711858687,1.111211604319097,-1.3113340128600757,-0.6474332691575984,-1.2229242618596836
-0.6987986131094648,-0.9936486018707107,1.6626498376373364,1.031608464585379,0.1723473562111839
0.5975104405126103,-0.2220010976384666,1.4550427776430201,0.6513237802865062,1.1814252041491184
1.3521119637143284,0.7085083346874524,0.5031281170622444,1.2517046144056856,1.7961698614010901
-1.0699334552762263,0.3726834018643176,-0.2778937995283526,-0.06302319304052946,0.6635595449276617
0.7901019942546422,1.4166027914525938,-0.8678871664733165,-0.3232416144613776,-0.8132696502095695
0.38619480216787466,-0.10788738027716163,-0.0752277677761993,-0.16985754126822,0.7142947196368248
-0.20589495866452104,-0.03732535842328204,-1.2395497016318167,-0.2138662546008261,-0.07320803431025572
0.7864429173575874,0.5605832935829672,-0.9716989757439611,-0.2373852157044639,0.26595836008754403
0.8241255645098994,1.1052120669729624,0.5983512309973562,-0.051528225459814614,0.8968959991919037
-0.5176264078408527,0.024877955647747585,0.6384733746211424,0.42291034541199296,0.225517178623459
-2.0828198510341096,-0.7109480294510209,0.2854768345540624,0.21917155396941346,0.3970995068736362
-0.36040210065177164,-0.2054500749231,-1.049463300924772,-1.6384110284125557,-2.8530262154114325
-0.006342578180359354,-0.3548500536557896,0.8035274902156916,1.0119411114554313,1.2001393438720656
-0.45356230335567255,-1.0697276058860248,-0.43615806580525857,-0.6278166107658871,-0.7452131351506983
-0.5313587919464907,-0.39499243678367624,-1.7073426923166297,-1.8602386123909254,-2.529372102572325
0.03674199685036644,-0.7958461595035701,0.6657594827541762,0.21065267109864494,0.5252854356244148
-0.5203836394529301,-0.0892362969830077,-0.019288957291058062,-0.12393441841966235,-0.41492398724672475
1.1387871927860655,-0.385288673272312,-0.54258600114258,-1.1773818621575125,-1.2157804217033916
2.2485292431698642,1.512660828412565,-1.6661926837456793,-0.7053407376297709,-0.8724363188634446
-1.176325810025679,-1.3317431893594276,1.3709771674350049,0.517191057301151,-0.010067376941922945
-0.011315668046849338,-1.0389031876055201,-0.13441496276017736,-1.4869952505064132,-1.8401740057697156
0.6090511630460775,-0.28615428385381325,-0.5334745147439754,-1.3347961341818007,-1.2004061718798207
0.9824673959177661,1.073778738944402,1.1056840216224295,-0.15955711362642933,0.3697799821888678
-0.6654505598724013,-1.562520005716471,0.2569297008238731,-1.0844430219592702,-1.5061892570831454
-0.9554153699871003,-0.29629550296609164,0.7629779534025594,0.6792654304614647,0.8712272571330725
0.5091427782396614,1.5846609005545944,-1.1375138914254423,-0.16642857699163527,-0.06262034697051422
-1.1216032909141131,-1.2145153957405963,0.44467149930160166,0.6617853735527858,0.8853597154648004
-0.8880443488453637,0.4113692555584138,0.32938500759273714,0.30490545761013915,-0.05497431945666048
0.9715120712443395,-0.8763323335511566,0.876896713300545,-0.5415809888392021,-0.5614233651633607
1.26225996245174,1.2514808687499832,-0.4942680313114154,0.48240646564634015,0.15321392394872396
-0.19072392826048853,-0.1139752490517961,0.24378764643195125,-1.269579218900232,-0.7664346419179383
-1.157988050137898,-1.2972635633494056,1.4721667837243255,0.42069987599382713,0.8437692327713622
0.5611242274397087,1.2223083711478948,-0.757194827684079,0.7829055228001126,0.897214658401748
-1.4778805540158964,-0.7609280020243825,1.491584509935619,0.2731404892467928,0.28115001909127013
0.9281889533526563,0.712555031696317,-1.5356276995820994,-1.3760725470931763,-2.3745705983422
0.6408082561501417,0.455502167028275,-0.8264724787966758,-0.04733787976370363,0.46092108752644956
-1.3639090253804742,0.1798764463596435,0.9844396864793278,0.5383975050493771,0.40079279636705556
-0.20871997447752616,0.5583719592464753,-0.09839989897815643,0.40691213297969286,-0.3381965706139204
-0.5197969203295069,-0.1232781250002572,-0.2234658610108124,-0.03143384830478457,-0.15988308545558028
0.5122029438643952,-0.07733663685795122,0.922623937418852,0.6738798790580661,1.449867193066063
-0.30788434183884633,-0.641047134790442,0.21096736826886348,-0.3020374660039994,-0.04459194771478392
-1.187235683677601,-0.9344266248527366,1.6748684407868637,-0.4020127565639737,-0.5577472867477757
0.6307580412709886,0.5765223490346423,-2.30130845735554,-1.5358080553375513,-1.8365717147073886
-0.9787743280015182,-0.5601970931843253,-2.006609014202637,-3.1858760802687964,-4.698345092201208
0.8467507762654479,1.1112363122971853,-1.7283739597972252,-1.2144886336694516,-0.5758397463937374
0.8044722275004658,1.2653914354917901,-0.9062643432313143,-0.6809576542225562,-0.4156897623439326
-0.5925422475983781,-1.8749977580659862,0.08835649577439765,-1.0037910499149287,-1.3420988337700177
-0.9967538145236257,-0.95967130335543,-1.9672018569272494,-1.9047802576884203,-1.8028645746667529
-0.21854548572682572,-0.9493293341403063,0.5464206701155679,-0.7894944405236227,-1.0875450713845987
-0.1078724981032397,1.0170485530256244,-1.214683267725879,-1.3935947126996973,-1.6636479946237466
0.7449285306667875,-0.8239159976675674,-0.5580736040724894,-0.5040298058952912,-0.4796632715287963
-0.5250387215499557,0.4400422998580039,-0.7323277543839766,-0.14175662201513822,-0.7468792631620695
-0.07459391569451065,0.5993156588909047,1.138758036319794,2.254794769715149,2.962881817591024
0.6790782965844512,-0.4939698982586172,-1.268927135255132,-2.383454808167888,-3.7871029833720353
-1.902851346336303,-1.966799475562544,0.6122160517172994,-0.2972554712158014,-1.5941470871030539
-0.0061963750995356,-0.12264707484834092,0.49628377074421137,0.30280351094138747,0.48001375316553857
-0.6776444565738916,-0.6646412696867428,0.43003760543323977,0.09806082418721176,-0.839861198661817
-0.7159694308180042,-0.5450257986206634,0.6736514560485567,-0.35674324338742786,-0.2255423818913954
0.6707711017833525,0.06227375050797068,0.22924989006724666,0.27634091296241653,-0.728516859732302
-1.2133466932308654,-1.026964726675565,0.22434720921256512,-0.618425240512893,-1.3195327661903078
-1.7027639650943394,-0.5208803256258394,0.1646537584051565,-1.1534498828898196,-1.1382264278462706
0.6184244597788343,0.08533828634461021,-0.2521512744099943,-1.1140981277461672,-1.302942260742759
2.1342126812175626,1.887877232228731,-1.2800311242200386,-1.074531821664934,-1.7580169051528236
1.1944718154411877,0.49188349894478556,0.841381635606405,0.7726062306104633,0.19577482224392928
-0.731417632681287,-1.1410950546097545,-0.34543492736767156,-0.0213621846108909,-1.000364211562783
2.4116699941483892,1.4898030652737762,-0.2544797225598445,1.2786650005359366,1.7634541698426438
1.5171631151482183,0.07818593187005862,-0.1596650717070261,0.4963375485166549,0.2279281724351459
-0.10260668349309579,0.42640075541882594,0.9593577186614796,0.5883581989820423,1.0788848813610032
-1.1827834708167022,-1.4398636354364927,0.701574401077796,-0.2121419435416141,0.08133441155285875
0.771461128428973,-0.4569477903640098,0.7156365213010167,-0.9535102030320128,-1.3246842810362645
0.7501747991201275,0.16322757653823874,-0.877188370452661,-0.39567173040832543,-0.1779697833816224
-2.19853586924495,-1.3660398549184616,0.585660210364718,0.34881866307679077,0.06852535822113459
-0.49011773594169433,-0.6301434915131603,0.38595980268935565,0.8148865891150943,0.5997215873908797
-0.16357473478817192,-0.857638143914706,0.5376161284051901,1.2392165715782182,1.576930414811152
0.9153488244457869,1.065852741112443,0.2676534587909926,0.8501995743886019,0.46357099082665654
0.7664562084950007,0.6866476630232313,0.10862981340910127,-0.05619119246677756,-0.25140711036572483
-0.29835422751579144,-1.0950805636500174,-1.9670516281746269,-1.518862695414803,-1.7389915692230082
-0.4948710696999178,1.4626264406079392,-0.61087546037504,-0.9702690605231891,-0.2790997387982599
0.32346118859765066,0.5162389627130816,-0.5399524981396613,0.990908182029221,0.9738702234911507
0.9785401036748052,0.6620368521035073,-1.5270919848986748,-0.550942034479261,0.08553337018842688
0.6384696818542797,-0.10190665979799468,0.7339421449877572,1.085730335841696,1.6544464929883729
-0.31699516288990437,-0.9840938427268032,-0.18468306806858067,-0.18911949749839585,-0.4177876097640308
1.1080007280648845,1.2084807150395105,-0.445727033906409,0.8869563874296887,1.0671186622154905
1.8979471337089062,2.45162694323536,0.054661582999243175,1.3941302077986695,1.575548313124664
-1.405431340166249,-1.8534417782467454,1.5440060198340104,-0.2378259948556467,-0.6953543219330344
0.2250374121899108,0.28730973480213645,-0.3988065660898822,1.008745381105972,1.7001676987605379
-1.2346358971734817,0.6444469271526392,0.25049587883228536,0.7070982931388913,-0.4503018589523783
-1.4592248002225647,-0.8975295690595393,-1.020899636718038,-1.125569605691634,-1.5904131274869813
0.3660391082811939,0.4126644990207876,0.23059500964950397,-0.4130711115578888,-0.6072322817523088
-0.8375744421743889,-1.5245559060224476,0.274266312176632,-0.057078461607747544,-0.12540695159421783
0.12093956673701094,-1.1145720895337123,0.2582084710998356,-0.3672407638471515,-0.3922399990018065
0.2939438416634431,0.9312770203691176,0.1714677172072852,-0.0027594369661246843,-0.11513074727002794
0.8285738466172996,0.16009159279494173,-0.02847017474242211,0.27176339193283794,1.0800235240984934
-0.11352920159272005,0.12235205207622823,0.47565371848240345,-0.35568106307661324,0.4079948458976333
-0.07458329173883156,0.1032911598340307,0.7323733942757402,0.22592322266933662,0.12549887800855639
-0.27163854370887214,0.07371880211883672,0.5155772857177384,0.0017126304401973158,0.27962900124580514
0.9488733847329812,1.0778996294757048,-2.029837817980896,-0.4564409542648601,0.6704154894008874
-0.4180378830185992,-0.6175176110112861,-0.02115578320719841,0.34315170044940735,1.2294817414766073
0.42038528499901123,-0.10579177867687942,-1.2585080818808436,-2.0535612528697396,-1.4500575572070684
-1.7049856024175831,0.4291186616636091,-0.28665780213555103,-1.4069663051809118,-2.379511477024201
-0.28191342695463906,0.5687978959864322,-0.2997186289564097,-0.032852834431283395,0.4952204186952307
1.1862658484515136,1.339363819087187,0.2972447784468081,0.39730655714500485,0.5043147211105029
0.3734513474955403,-0.16891669033771112,0.8095267706091923,1.34050091805817,1.8698415283441367
1.0956923856732108,0.12975738504314888,0.9815024540687104,1.4455705109918306,2.572469640763244
0.32383489565376083,0.9414582941097747,0.7270526218256333,0.6962968619154284,1.6189308146015988
-0.44604310699000654,1.1364820662832724,-0.6012865164916245,-0.08683115563834909,0.46113584951708647
0.8136181905769484,0.34079921137066416,-0.4141135243322749,-0.5129777647513128,-1.0861356425951754
-0.5054045034082406,-0.30647649191781695,0.4735690152061125,1.56858733681089,1.5301294708601172
0.5834587368504384,0.38737205328996627,0.772235594100059,-0.12172217212451175,-0.2003658188653478
0.2617953773496559,-0.1319442794902099,-1.1591459106270652,-2.0586341320692356,-2.112976530125195
1.1613954586563149,0.9751714647212539,0.7199562182379986,1.0243689546121872,0.4835098232889493
-0.6905121836423571,-1.1910728920488456,0.6667535748005313,-1.0174928614473213,-1.2632181205541453
-1.3024612523553007,-0.6326580713607667,1.076406624821879,0.7586064537125701,1.446217879031388
1.023853949289709,0.5030358150501861,-1.294350268851903,-1.9380138069159767,-2.9588195824731702
-0.4172823186759892,1.3110875390899517,-1.4054759159806203,-0.5609187631940693,-0.9255068998022107
-1.0646893833145419,-0.31090973312920234,0.2884142087870118,0.6284904824928753,0.6038921768396638
1.9887434132436415,2.110513618556853,-0.3529544636125073,1.2882175963225841,0.4617182260031303
-0.5934481360039815,0.24773147874886664,0.19191591167729577,0.13083956224126841,0.22299814006484314
-0.2984841933545057,-0.08397340769430707,-0.5570105300060978,-0.12729431601870256,-0.16349113859261338
0.361763073035144,-1.0874408314206485,-1.1051662351817266,-2.165321776337952,-1.6767354027418984
-2.137781260519695,0.25820298312817624,3.2883069745478086,2.506393117226754,3.1551326644186566
0.03446982086659682,0.5526158608883063,-1.4368982091226967,-1.496555088594997,-2.3233140008749302
-0.3200179001041714,0.3591517630084444,0.34940693538660084,1.3082904643464328,1.7064339069700751
-1.2495119678522637,-1.0409185343232874,0.2566892803936723,-0.7949512056592658,-1.485788390092624
0.8258101880053506,1.4849228989479917,-0.6139368817155395,0.08383904780061974,1.3639194895343703
-0.31695466114078763,0.2835113151222014,-0.4235514674788625,-0.33604150296929236,-0.9775827081404294
-0.8050445757415244,-0.5424637249608062,-0.8881630219373687,-0.4011600146204376,-0.4379920145797112
-0.09227034826804477,-0.3766503844886488,0.9813322941282779,1.2838452754121343,1.919364448069474
0.1074666780979807,0.2293325899198089,0.6034515669548692,1.5031224298704018,1.2057535617066812
1.0174274596175068,0.11961131493633709,0.059282587623747385,-0.03467522243018101,-0.36375032926215656
0.21893252438913358,-0.2696473938672023,0.28319667153098566,1.1527624310611706,1.3703018440560986
-0.3774119758483172,-0.7022001440039148,0.8129289121164185,2.0178841623442794,2.709376588153468
-0.646807871247386,0.7861390010759512,0.6823974987668564,0.006328789312867622,-0.78394341884021
-0.692593404266344,-1.4802840447559589,-0.1634748165690052,-1.3925787655783424,-2.0464592584931784
-0.9595839395735759,-0.38909032823337275,0.9018817872826617,-0.014461401566799204,-0.49409418134909244
0.9230718038869499,-0.16592465392127642,0.32275430180423675,-0.4438177296780591,-0.3356957716536023
1.9335953120324005,0.9872212506678171,-0.724946690936137,1.8412248463027925,2.0439342394509286
-0.9981115362362996,-0.8359387901048912,-1.2622450861250005,-1.4558434100671567,-1.656337112430825
1.6942582378569615,1.3075599761912586,-1.5080098204770145,-0.6568213660086347,0.028532924551559424
-1.2694370827362598,-0.9096072908822883,-0.025522589873143764,-0.2641321702595159,-0.3693844339665234
-1.050511051728367,-0.8733528286182777,-0.4509958364590118,-1.7834950837908248,-1.7672978021452819
1.6783507916553853,1.3451047607545958,-0.06610684833608077,-0.0238739296123619,-0.5348689328115538
1.7114682843295215,0.39619805169266115,-0.7353626559110225,-0.7144222557369984,-0.9919343964622243
-0.8586444638110461,-1.032613170511356,1.1716975328277592,-0.22755554743528295,-0.7198435531001464
0.21619136702239283,-0.11393571538370434,-0.8067702132106687,-0.0888824623306459,-1.0099308964156573
-0.8411045869122439,-1.2773301593939193,-0.11611115273388617,-0.8297923894135442,-1.1148463854977515
-2.2088591045851795,-0.8219087069184329,-0.44088626748655846,-0.29167082214579343,-0.665825752459982
-1.3433896445825495,-0.8319396188408619,0.3250455442970371,0.4833866216633634,0.47385805525566965
-0.3574167024196141,-1.547404857575225,1.2006278834483117,0.10659697424195697,0.5622806083249527
-1.214850548172539,-0.010367300889323694,-0.5528950511185897,-1.292309109072135,-1.4006242780927733
0.3515620122293976,0.6480564606778006,-0.7476856753011494,-0.27749975448299924,-0.31281708399705443
0.7315275358827001,0.9286995267333698,1.5140961157585708,1.265069084999098,1.3422086311595067
1.6277231229017965,0.6656377247873749,-1.1043137865300972,-0.1626153683122929,0.5287078579479487
-0.2601808471154509,0.4741515915425165,0.37812534740728515,0.841725788774091,0.3097976318198271
-0.13861162958129322,-0.6742115627296791,1.096850967274263,-0.20549355488543908,-0.41576790392996443
0.7311092438089691,0.8657008029507611,1.8050045409514746,2.197773563199144,2.2102818840930163
1.1208334729111253,0.8758193056216621,-0.11971545147566845,1.6056408957091386,2.1169224635073522
-0.3298230830899775,-0.446820377103611,-0.4392501383217006,-0.7833287394367707,-0.3416959749937363
-0.9473476420149937,0.24870782491639915,-1.2757322229379677,-0.8977138748816081,0.49216472421504065
2.11675366576348,0.561815711611833,-0.23072917167923906,0.9573794223869223,1.6733885556677204
-0.8908223271330135,-0.5778814978015074,0.14638956686200083,-0.27652107656706404,-0.4189536980243274
0.4804311287312378,0.3048471405098889,-0.20568091729039506,-0.41288135022605454,0.9961347286754698
-0.8640722175858624,-0.19714492132844963,0.06788840806123783,0.32454986024171106,0.3570582812553745
-0.2337882149123528,0.08641593601676631,0.6968829372061064,1.0303481022453795,1.9060626488930819
0.15944135904675527,0.11517660811548736,-1.4353079070663584,-2.45350460019365,-2.2745082651048403
1.4228510541997668,1.0889538367335616,-0.9189820610283925,-1.0745577760485552,-1.3546569770778163
-1.6227659411299726,-0.8730390325295477,0.3199157696614859,-0.5001588108821683,-0.9870942036932733
0.5395159501118777,0.5927964232948956,-0.12495611958928697,-0.4272886082626184,-0.382617466793045
0.13486170496885644,-0.2068048382445105,1.0743448959141213,0.21622919284290365,-0.49527632942156613
-0.8193897186374208,-0.9751777450901885,0.15793253268345886,-0.11886976763325757,0.5466462849888114
1.3548675133773889,1.1854207851358463,-0.1313711554037496,1.3684592148406887,1.3924402520148622
-1.8765554975786376,-2.0786764417585184,1.7668547688193943,-0.012902794607344115,-0.22894378403554408
1.0164138034557542,0.42108731970830104,-1.1555623229937808,-0.35594463188383807,-0.2074709836051899
-0.9142559247231211,-0.10296092023767067,2.264691693164514,2.095955642644194,2.129975692519941
-3.012330564946659,-1.076616429078599,0.7133770705122269,1.2181395997253175,1.674905079661529
1.1418812072020734,0.4224148719568378,0.3986735064505461,0.41153952545955086,0.47200916625416894
0.9756752843160736,0.40993141301098523,0.23311147182633807,-0.46027042827259657,0.29340616612851467
-0.6052479227024155,-0.9014143122985934,1.927530351478719,2.2170311129751994,2.521465328543824
-0.011836612279568398,0.7313020683609016,-1.101366558597288,-0.5853576665445251,-0.2870653755920313
-0.17221254530179486,-0.6826310802752608,0.6322032916410844,0.6672699125946142,1.0136052548736563
0.7032776504864152,0.4538811824927253,-0.5311418907454468,-1.2400905208595407,-2.0882586369393827
-0.002113441517880207,-0.6476160676138452,-0.7715936671781304,-0.4990631311383259,-1.9323970844199405
1.0987930036048943,0.39939784896148256,-1.5421461237673062,0.3864578872387485,0.45364547764794216
-1.2871578296937687,-1.601254480721028,0.33704004420209716,-0.5187422824907483,-0.4319964731981734
-1.5923684785295307,-1.0550633451281222,0.48975096997288736,-0.8825282598697515,-1.1193370501913251
1.086726585853743,0.4175386822190125,-0.5612652368269356,0.17855904796424832,1.0979634255147732
0.10237880705929844,0.19363789382070395,-0.9635933847117683,-1.240757331153854,-1.4323394754992507
0.7641416220847597,1.24742611094723,-1.0759939810674046,0.17401428828451754,0.7373740927703911
1.4911126552859322,-0.34571523849629615,-0.1165892979514424,-0.21581622851528998,0.8143498271152407
0.27272866534167967,-0.1954705762174113,-1.49553144050872,-2.371710774333602,-2.906478287309589
0.05660448791247969,-0.5598061185817071,-0.6273919776801995,-0.4749117835510639,-1.562329220118436
1.332891648213471,1.1096764977495592,-1.6395333680967474,-0.49979473606912606,-0.9752480139412478
-0.7312859110435944,0.6835561512155663,0.10716957844273418,0.24584462489449233,0.1445906228878607
0.9015007560808589,0.13647588176367947,-0.029193030320407903,0.562238851215379,0.09510814475692353
-0.04627192226231845,-1.3166454707257291,-1.6399315295391674,-2.038577243127418,-2.629400021080178
1.3991061340941888,0.7407040152502131,1.9214986311658746,1.9137492145232247,2.919568423532093
0.4205210454856,-0.3614204082272399,-1.0703961244599132,-1.017366488992534,-1.9150442024607695
0.3058440395552084,0.49116336466500965,0.13551444744302216,0.5695483997905388,0.5637708892316833
0.686847652237439,0.5408041146597795,0.3413492552707973,0.771630585963448,0.6561016785725325
-0.4966326886040153,-0.057869907788512004,-2.190347112930878,-1.9538590608555955,-2.642193171282769
0.9028363636126424,0.13905464660029837,-0.4972629902554813,-0.7791701382668959,-0.8497795014433078
0.8263228376642514,0.6100464261224083,0.3875482641763627,2.1022109967330778,1.8990441164437228
0.8857231781806311,1.4650994500090295,0.9139062428634072,0.9389777039945805,1.1118914546326422
1.3829937848002314,0.180719984917996,-0.8343426276443756,-1.6628079512655574,-2.579322526405928
-0.6069137641020159,-0.7714302635931705,-0.9164185358093417,-0.43723387100426925,-0.8097671559328284
1.3119510915774182,0.5397010861533413,0.8268232319038207,0.14210709788390896,0.7288810637071049
0.0773185760502893,1.9534126939708136,-1.7327034948492135,0.47556004131526375,0.9094398209198286
0.3540775310325581,-1.054305284666269,-0.13199286218993117,-0.2776847207308715,-0.3728914297879837
0.3194448859302649,0.7903296385730842,-0.6751615232966461,-0.936899173419911,-1.1513536681483452
1.1910650080361431,0.43338989091324553,-0.15739068046456736,0.5382113024534605,0.5146411147503516
1.2393055034950105,0.005559302178954839,0.345995584581473,0.7024129438586098,0.24166884700727087
-0.3907902651109719,0.40919790727478794,-1.1532406048092692,-0.5632572950190327,-0.9628587056023368
0.7240343431317977,0.3569686241986084,-1.2186821955494604,-0.22393155451419045,-0.034412441240836866
-0.5208244732863165,0.8193223355337318,1.310624188029548,1.829304848705112,2.8270016150069033
0.7694362042494749,1.318213592742663,0.14241413294542846,1.0625657235717978,0.9964472927774835
1.2363870229233414,1.3241379666257305,0.6019821068925207,2.1857898238691993,3.257686891782194
-0.6579107545907644,-0.6577831119636575,-0.5548150905708326,-0.14663807268990625,0.8218551857614741
0.19696744504543717,0.0856030544881889,0.7076358234140372,0.8330009562261943,0.40531443625685204
-0.5546837033128034,-1.143396092292449,-0.15375166800517134,-0.04784759959509455,0.7863929827569653
0.12383962143785004,-1.1048502830684674,0.444990271787617,-0.4346431416975277,-1.6939823482328318
-0.12207147961382177,-0.9722759504956769,-1.3383201072921578,-1.6652984548315803,-2.6399808213133946
-0.45281798019572844,0.8240624758665683,-0.34209161487961504,0.3042332508077385,0.5718144886818133
2.0828542517198954,0.8522737626805268,0.8029328146992221,1.0271471653679571,0.43387065365280053
0.9809819450251596,-0.3426935015552214,-0.2534139573866494,0.20371038862622237,-0.35662420612087603
-0.07235069449177539,0.8655509672035784,-0.23048427774760197,1.5189837256970158,1.8413432089720698
1.675127555008329,-0.7967191683280647,-1.8345972484235558,-2.3236552268385458,-2.521979992927667
0.6308490353146947,-0.1277018640702849,-0.5277773099682509,-1.2292872237355024,-1.900080132278028
-1.0120685879757123,0.7379661174581862,0.07409656496254072,-0.45302730281980574,-0.08577801065120394
-2.4167402624787773,-0.4199246178635293,1.8354208490623258,0.7193236896158588,1.1374815774278115
-0.5090673573906108,-0.013795770454702039,0.7450414528665413,1.2954286281736076,1.3196297688435
0.46760038860345643,0.9981906745345643,-0.5216195648334666,0.22435619810488464,0.7882177108624535
-0.6982369236771533,0.8185281512689847,0.7610883493365489,0.9438678579373783,0.6800791966030963
-0.1676203357315414,0.048619913819823335,-0.2308240682475445,-0.02671236089780668,0.22706495066928112
1.0729084208659816,0.4992910730797795,-1.152344206266933,-1.2292353292484597,-2.0721352825250205
0.6595846921562042,1.04403196336671,0.2942900697701709,1.403053555894799,0.6370866325107984
-1.8862697656954417,-0.04645190398031884,0.6098194574043146,0.6635588839948474,1.034990065654875
0.02698942313379718,0.0486506087690965,0.27263959915679103,0.64662388518624,-0.24021387845631714
0.23515202453423417,0.9876761472000949,-0.3044090757393586,1.2290316095216962,1.9943510651921934
0.02066610219667181,-0.42283799600794914,0.1958413311018587,-0.3041734545217807,-0.7763478530788961
-0.02880466114402632,-0.1812236379133335,-1.9428254212637295,-1.3810670475318174,-1.8314775403873875
0.6382216785092006,-0.6642510615573358,-0.16029753774482328,0.26691265744868486,0.08968131516232597
0.08080594548634108,0.605757567515217,0.14941539075764013,1.083520123078547,0.6689008379299545
-0.7231200816577553,-0.8335777126045323,0.3330247775260273,-0.7350935754519308,-0.3106346400269724
-0.8151329583388267,-1.0045575751420956,0.9273885430674798,1.545681661645646,1.7379853524831048
1.0889802838512868,0.726114223552712,0.07626931174562485,-0.6415771700596471,-0.7524894145378056
0.9876831034077163,0.8194940525530464,1.9414398189529978,2.9005655670074444,3.9302895237464797
0.8433958024562429,-0.23604127510524608,1.0384953635810779,1.521281658808747,2.2175524970520377
0.7083191374849754,1.0844458857854566,0.7311406423372554,1.9001517229643423,1.461033658274803
-0.6118525742988029,-0.5395594956195294,1.1587113178523372,1.014544302204341,1.066381663790258
-0.4494096117962633,-1.2247231682803916,0.044463175960785944,-2.0075002094267007,-2.1549545070852316
0.6565093301290362,-1.5708646484369355,1.6985913375253918,1.1894213663430298,0.4915742921496631
-0.477662245044538,-0.8898897298126502,0.21624911025675136,-0.05717993515171882,-0.24039872574289328
0.5668177221408008,0.7197754622383417,-0.2910378966060663,0.7368096038743583,1.3094787399968009
-0.5300201342953298,-1.3543102158598104,0.4803530675677112,0.25634204700580154,0.26928575494122486
-0.31100872493833076,0.6457558882129335,-0.5386316405575418,-0.9106759903550297,-1.7340747306157756
-0.5844534256809691,-0.05302682650471788,-0.5769868564534286,0.3263788922409747,0.730697878750695
-0.4826400741069341,-1.4778231005451783,-0.36186538570277804,-1.6342351066499243,-1.2768356774502525
-0.27329723328068845,-0.5135579065532658,0.5005914414121472,-1.2574247353326284,-0.7252520925113533
-0.465002067578707,-0.3945603993318144,1.068854323497512,0.09460823699573684,-1.3142970440117576
-1.2551476319194874,0.39931298819918215,0.439563921114777,0.76993262356016,1.8395573709912674
0.1550776687721006,-0.8028428295010586,0.7937760411092218,0.6560645740255953,0.479932321955168
-1.0597936842184694,-0.25013506359806975,0.4235821976202755,0.7718264254657068,0.9257473076885491
0.6718489195092143,0.38943574009034754,-0.7671560071641577,-1.2751644259338677,-1.4311152441399075
-1.4255184700331804,-1.4100924316693368,-1.1325750474410858,-2.2621080152457687,-3.088030868731808
0.5119571270048638,0.03136837829351666,-0.5392351866172893,-0.46269304995719224,-0.15221785117094194
0.6633802142194835,1.2261877973972464,-0.6712059910429109,1.613674407579872,1.1274689112042107
-0.49722761998237563,-0.46183091994170844,0.14637686729588117,-0.10574143346745474,0.3275883569908685
-1.1055708656448782,-0.11411712187428424,1.5599258760305543,0.9082987873107357,1.3075540291716274
-1.2429721092798687,-1.2831179301463775,1.3638313908185078,1.0722779336515391,0.46821404223051744
0.4093177470062003,-0.5232221063107161,-1.2696586161776022,-1.4017689313695965,-1.110914875512222
-1.7861030112241685,-1.2135330535961322,-0.22685083698638608,-1.5505439431571297,-1.6124299742416017
0.13867100978027855,-1.251098859244724,1.024030966896062,-0.6317272881155335,-0.9437300556955746
-0.4824193912280001,-0.74743763770833,-0.5098121537185578,-0.3967058079713861,-0.7112866288875571
-2.227977256171663,0.19462152797982957,0.747347402071709,0.5214472833329795,0.18783885334359746
1.1367255088526766,-0.2781584888431111,-1.8551604791025067,-1.1215244471123864,-1.5942020617384822
-0.7095739558767088,-0.11045981892231904,-0.8100290004729028,0.661119972833713,0.03264599452173467
-0.504140134991251,0.021547043517834874,-0.30996019421514975,0.6265742099304716,0.635039610714656
-1.287204503288165,-0.18032374264898754,0.9123880769492314,1.452037858384929,1.151678540895746
1.1019905930342302,1.4085610146975092,-1.3248241866683153,0.03164198482217853,-0.004859437315397418
-0.1687238499397107,-0.4994851653655751,-0.024648439066723364,-0.353675951857694,-0.5842776720047109
1.013310693421573,0.3594123332213623,-0.23686814086753122,-0.10118079401578176,-0.1410659355361859
-1.0049042300775601,-0.5077916610625841,0.11996614657888982,-0.8104508076582053,-1.2740261880837187
-1.5714067889515242,0.1964061098277199,1.5425273126674175,0.9204805836901108,0.4880639169524478
0.9925899113052622,0.4835716469243222,0.7584168161330602,0.7610884192012062,0.013789312988778168
0.7909063944300845,0.402916746612213,-1.5146787807627,-1.0525594441791815,-1.8502542319576227
-0.5260290426635181,0.043536655685523895,0.9454365982793539,0.5890982036408945,1.6120515524176176
0.9336399481620151,0.8576321273289579,-0.8684263502181458,-0.3860404445109915,-1.0654754564005644
1.8552078730046833,0.9049985879962374,0.6648825575274534,0.6811618480902631,2.0468240091795664
-0.09543829711622401,0.04467639711150892,0.8517607345789658,-0.5020466442395934,-0.964828376057494
0.8958296348865671,0.9127970701596572,-1.0570357407749584,0.5999497264966823,0.4740275501054125
0.6882460312321713,0.5231906890562967,1.1224122653214608,1.7202751293016763,2.410881635978469
0.05227599235235663,-1.0046144870954745,-0.7031054160815275,-1.2684196147548172,-1.6927846028257418
0.25479542552153167,-0.3241635018444393,-0.5453353751626062,-0.492204704736483,-0.3303074030670095
0.7061913058434085,1.5686686944401464,0.29936329820707863,0.4257269767515873,0.3632386715075091
-0.13478473420092502,-0.31902152055846356,0.612331602326355,-1.2281969789933955,-1.5049623933330227
-1.9102481316788833,-0.8007139049546124,1.194088136095481,1.6656723418201502,1.3642036312771368
0.04078717704434106,-0.4486448487489283,-0.25775439279513074,-1.2045364912731342,-1.6081193014058786
-0.16307730572874143,0.4508952665982667,1.2100066395575757,1.541144398258241,2.7311288372720846
0.6903602122584414,0.26042694394203636,-1.409461326388293,-0.9210971667520798,-0.386320892577389
0.0205004207077813,-0.8477081639124523,-0.5010585686971399,0.5151724094421161,1.0953703293464088
0.5486147255669946,0.7013101272912319,-0.4630315773562921,-0.2254513034437312,-0.5697309940859654
-1.8647588697719177,-0.9207647622312328,0.185858521399552,0.09234805357656295,-0.1239943459849415
-1.3020560591778083,0.9821613979592674,-0.3499614609380129,-0.6042350175059653,-0.5668799364334948
-0.19400531721527475,0.12197088895372799,-1.0357230198658407,-0.44960348784411885,-0.657793591318565
0.8963253249899669,0.6215494403791133,1.7005459935724416,1.9098716994415152,2.5066801783046935
-0.14691708394751282,-0.661894564692407,-0.40082741137262623,-0.5914387916597439,-1.1259142720214441
-1.0158775797634931,-0.2987139656134831,-0.24201641269772128,0.10825836503691771,0.11351264867686459
-0.4126805742759094,-0.12313525698997436,-0.0377695367517011,-0.22952724255154522,-0.5768618019169085
-0.39640000553659144,-0.22005297271088833,0.40307872305377507,0.661825043665992,1.1151097602207882
1.125617595680104,1.004293083117027,-0.26370993862927566,0.7181515359314907,0.9672543262736392
-0.6187226070460362,0.06474032620337083,-0.7789489282685956,-1.0315620032283888,-0.47182565468056303
0.1028777664476498,0.41156519352293425,-0.2466926110539035,-0.9806191306186001,-0.9672845077500223
-1.275114176647808,0.17437450415143896,0.02087833871268946,0.10355978527140026,0.3014263920537129
-0.30262379319945104,-0.6663321753790814,0.20656986311316594,-0.3159404278536265,0.8769102741746133
0.7517816629688008,-0.1226909603496304,-0.5773027324124892,-0.4194804981096618,-1.2195643932409448
0.6924321246409415,-0.10918036649690255,-2.2027024252258993,-1.2555827007556428,-1.8777187376411404
0.05146807032115887,-1.4356237225993251,0.240605130460842,0.0734321701922912,-0.051504257832300726
-0.49920180917087453,-0.85279455851626,0.982141779350193,-0.8483449383822748,-0.7486534787434478
-2.115279815424852,-0.6686558608822073,-1.0897149619702406,-1.5734219187490468,-2.262556656530998
0.24444532076817374,0.447072972135059,-0.03427199380857592,-0.1501654261204679,-0.8386700433964069
1.1718443317866876,-0.160553867746295,-0.18180724269620818,-0.044992278630928084,0.5302636599264108
-0.7920352777445512,-0.09912476568509915,-0.05061414266449335,-0.7876783757559624,-0.4793624951607974
1.5768899651620891,0.8381854104298657,0.1456901471755172,1.2259911948786002,1.1074197799785426
0.878962371271226,0.693079415417943,0.5809428030373402,0.8104194328191777,0.8989484183662886
-1.367576973635851,-0.5162477199565859,1.260276928209682,0.02213606041750349,-0.21857435781945708
0.8207358919642245,-0.11203679663663058,1.120635599541085,1.9418111506401035,2.7561264887116828
1.3524782595970244,0.706813719213002,1.1831339304949962,1.5078906101903409,1.9288281004061802
0.12459450722808824,-0.11158436865258739,0.23929414805943203,-0.7475607498438752,-1.0123223512151671
1.2942071640141335,0.5070269060799371,0.31704659729022383,-0.581563277299272,-0.11116271678230472
0.39583434025717695,-0.1706939346703578,-0.9888096496462029,-1.6302336009566825,-1.797441531110435
0.4821086273022434,-0.08353655892518239,-1.1178307024039866,-1.3844710457670928,-1.417032687559746
0.36637140051803024,0.5689019429924124,-1.4693059774881938,-1.2476403373520002,-2.5098048844481733
3.1290962721879647,0.6024035889623215,-1.6277408312551134,0.07197423019261606,-0.22054912256622633
1.465464655858958,1.0009135200953971,0.2459276650534995,0.8750215577459619,0.3913801316032781
0.49864399016239436,1.4863642368125247,-0.12363407392849272,-0.013408793879584269,-1.6232432020380314
0.7134354145918227,0.15386160205218216,-1.0136498548070643,-1.6431088011321902,-1.819735790275182
1.5218103325121835,0.0696611924964009,-1.4033103179949216,-0.4272808122237598,-1.5865122104134137
-2.3229176936129434,0.6015143104529002,-0.42537476849582756,-0.021510422872943046,-0.011226434994708939
-0.19377866747252817,-0.02981511949791045,-0.7300873459744659,-0.5901275432685152,-0.5888500701535848
0.10276026645278268,-0.14269487165630437,-0.6700010296387133,-0.9356213944592036,-0.9495370578648964
-0.3226874574122256,-0.6929430219257294,0.27737772254499865,0.2680987671779886,1.0225412061800876
0.798706078479761,0.01801214667813439,1.0607277296116102,1.3999941408930927,2.531866188229785
-0.5109159445091638,-0.32249492920996503,0.22347897782715975,1.563464518212225,1.8792032193608932
0.4545413525794321,1.446413704833236,0.07243597798923385,0.4147363787898344,0.8344156251979117
1.6996087241349869,1.461253351118267,-0.4978194943854858,0.21657753856983786,-0.19135399040409073
0.05799125737507407,-0.8149990525276674,0.56578096037132,0.20892433225902646,0.7811246073403108
-0.399183185035665,-0.9204587269587212,0.26996003340637764,-0.07893323386635104,0.6187498428642615
1.7660298434468258,0.9924078486306681,0.2977580853926364,1.3411429729058388,1.264909802954055
1.3217575263907526,1.4362090621133579,0.5054904902838091,2.3427756438839626,3.1197155645868158
0.9730310325037036,1.6275846564865508,-0.3311830437640938,0.6818777822480762,0.291777778210661
-0.6735890949462429,-0.9117746156286788,-1.3961884313545088,-2.1843470718939026,-2.5296577294465843
-0.35274915373165416,0.030979232116150723,1.5604019888832394,1.3747089515672,1.5895803006772842
-0.07906595224677351,-1.0992573071218599,-0.9311717606818929,-1.4939045293105209,-1.1286927703279113
0.9104219694807671,0.4679892866996508,-0.9101383269654637,-1.3825385157444319,-1.459566059797265
0.872920590650012,1.7307763916897325,-0.989709735269962,0.7546522127810232,-0.1666908787834135
0.7644280285398758,0.36377973818850495,-0.34769055711366054,0.8052087112886539,1.8095895520684986
-0.2045829702980136,-0.7448973044995579,-0.2709525018404424,-0.7093270744112778,-0.17514519208575308
-0.7023064585782248,-1.2372571071248322,-0.44630235386802813,0.13737940687112782,0.5442320322119278
-0.4927387644724968,-0.10325660589556321,-0.4594917971932181,-0.029042049288829808,-0.3361200433320714
2.025361765825176,1.3730539253767748,-0.6189619699073443,0.4707862262251581,1.2069380650100494
0.33055911038024965,1.3629141083101053,0.46902483219233526,0.8332873363118175,2.5973613241550355
-1.1266864270621986,-0.6796548966646307,2.2757505068501085,2.0559813069930337,2.3309431994782868
1.2292460433938075,0.8534753874792033,0.06352607986455494,1.3513856600743823,2.2419729824204464
0.15223030564502552,0.3152039355445627,-0.19648806308115097,0.5928363137131958,0.9170729762792326
-1.1765837749755559,-0.26670241830377156,-0.3693186667566477,0.2354859102780006,0.7687793398655945
-0.08290783676384647,0.013903213894390101,-0.7986068718371363,-0.5343503153881399,-1.1282396042563347
-2.500962443481455,-0.3930191691977477,0.16738900571025428,-0.8249757217913518,-1.3626725313491137
0.8379543531863088,1.5043217980779127,0.3751466263093751,1.467875254341374,1.6456105245191381
0.09971521367842896,-0.40841437838364336,0.41757169819785717,-0.7491897605262191,-0.9434132909560558
-0.49436002063106593,-0.16798016337729588,-0.3487966534490858,0.6134597524481742,1.189265580670447
-0.2917533263797527,-1.5464734260078488,1.3883228211127554,0.7491500681687658,1.084912408914978
0.17423518106157335,0.6723088139743576,-0.5821245928674239,0.07600897816294255,1.1927854410467584
1.4107947194690975,0.14078711716284054,-0.09207076435074651,0.05764661362961351,-0.0855306823462172
1.8689545469361981,0.7348823913414688,0.0288106429562186,0.44969110279449387,0.09942210263257084
0.9304373262081201,-0.8567819000814747,-0.28901991122513926,-1.3169020830915796,-1.2355939016157167
-0.5201729531002947,-0.530814857561919,-0.7637419837388724,-1.6760940532589328,-1.7367334879520766
-1.0716675191137948,-1.2839148378356362,0.5300019083956089,-0.1642601294223232,-0.5650086727963576
0.8773747312448008,0.0431208806557577,0.368942033645602,-0.0989867453877934,-0.2757098006104146
1.5292131474165926,0.36348757253950226,-1.487130915035564,-1.4732628392657539,-2.317160277644173
-0.9418143771502615,0.43186859554454554,-0.3007116149371093,-0.3059726727140625,-0.4802791845297083
2.685413460206426,1.5366833210732054,0.35458125907040805,1.662896131922548,1.864585886111647
-0.7241877751492827,-0.7376704918028185,1.1459221643103241,-0.13018863791925767,-0.40193308104130077
0.375584342971483,0.496842426414913,0.20766036506278446,0.31507880099196217,-0.38568046403148176
-0.1593192826021755,-0.2735069469914298,0.08941520164598041,0.4673611916374868,1.0298460591287135
-0.3147959608650176,0.6292383424932411,0.47878408063763145,0.45760476820731516,0.21498049238646683
-0.9542839958600023,-2.0683004266173706,-1.8116046286161378,-2.9128578666682854,-4.116437117639413
-0.0020889018157240293,0.8606613122317892,0.3045965699378634,0.07408299758562242,0.721218036064418
-1.4948736605254456,-0.7632566955083335,0.7319954806119175,-0.6692177761492876,-0.5107948926946033
-1.6207543747933377,-0.4663509449286833,0.5669824984434556,-0.07322702441554282,-1.0559757455847212
-0.05378634923484381,-1.1962628947285063,0.4492777904783946,1.5055576939800064,1.6236586305870013
1.0340712007460073,1.2095612816935823,0.2753590432324007,1.2535926496989955,2.216419155624944
0.8721445104409955,0.6128775414622486,0.11597113593139996,0.7240259817506358,0.4332149364841528
-0.007589240351132005,0.5641855232599703,1.1301357314730827,1.1901038685634788,1.3559451227823378
0.542772992723129,0.47767093361720725,-0.2815093191828542,0.2563443423833449,-0.27121504708648086
0.4989117016112152,0.5347087153436997,0.03502880732932459,0.9052735892411854,0.3396875969333242
0.04785924944101617,0.2031140856593173,0.8299105912803316,0.65872593408071,1.076304197648036
0.21453976892484217,-0.1975456227941949,-0.4217427609712415,-0.07420362012253234,-0.5601914108145766
0.1125247155151591,1.063532555711,0.6129841255489643,0.04251858484338311,-0.06594272212870554
-0.8198720250196971,0.011936312422208717,-1.3534187417095875,-0.7102813568069526,-1.4476567316660687
0.00692110845763866,0.4497173759142737,-0.9123424919757076,-0.4568858849270142,-1.2160111387146855
-0.3052727938134701,0.48571007029820523,0.9643863522243159,2.432236235734801,3.110665741853383
0.3017813453060833,-0.0659864421226051,0.378043631823876,0.44146873390037017,0.4496287176722166
-1.492335259033934,-0.8006021000986836,1.5549323962459098,0.7372670675103236,1.1886399084455208
-1.7993170932908185,0.16466619026340146,2.177225160264321,1.2369088140734588,1.646876246608825
-1.0005046669178022,-0.257230557150158,0.9196467389743122,0.2965096770606292,0.2329417255138629
0.4958988584383073,1.464676666372446,-0.11244905436468075,0.0473795863974551,0.31708139323509144
-0.15655980379813086,-1.315297875835959,1.9361384375460253,1.1020443435008471,1.9112274916818022
0.43201906749918656,-0.29752449942855674,-0.6816523427610179,-2.037323027996806,-3.7260194644525564
-0.4681995968085698,-0.7279274075622664,0.03276307699718668,-0.5202065358618163,-0.6713141772776661
1.2725111069536241,0.29253480207363824,-2.2532772592416226,-1.7152845330039832,-1.429316434175473
-0.014240173544191699,0.14882899115084555,0.9194184482413474,0.025700245147852407,-0.4974366004079837
2.109036512682499,1.147214623907756,-0.5890021384601228,1.3533996678782159,1.355530439827807
0.16743136390746302,2.432715318461144,-0.505079958896641,1.2212841450249246,1.5252028712331487
0.024954976776629122,0.31609163419915015,0.9336512992634151,2.0732060442422524,2.7333741935723563
0.9061173542227682,-0.07433898983758119,0.11826270326558697,0.9411202337890042,1.8724907315225545
0.5406610832068794,0.6378142600390446,-1.3799996072840952,-1.934521518349601,-2.2638895015423692
-0.2294737504481888,0.4608448748592554,0.5883401553007538,1.0202553545909914,1.799401644896911
-0.7085039352988575,-0.821887840114657,-0.43378482415266495,-0.7170271701014659,-1.0313682151942243
2.0062453555479833,1.6283749463922135,-0.5058566736460574,0.5474166321612419,0.5431127432410228
-1.6030926395904463,-0.4568405350044607,1.317161383570764,0.682401686574807,0.3152332025960424
0.44035978862653585,-0.34563781165248286,-1.5173688325113293,-2.566870358155974,-3.553897930765942
-0.9518090766814105,-1.3690901449375659,-0.44441098377110316,-2.8391968142334614,-2.7796023210122827
